date,price,bedrooms,bathrooms,sqft_living,sqft_lot,floors,waterfront,view,condition,sqft_above,sqft_basement,yr_built,yr_renovated,street,city,statezip,country,property_age,is_renovated,sqft_living_scaled,sqft_lot_scaled,sqft_above_scaled,sqft_basement_scaled,property_age_scaled
2014-05-02 00:00:00,313000.0,3.0,1.5,1340,7912.0,1.5,0,0,3,1340,0.0,1955,2005,18810 Densmore Ave N,Shoreline,WA 98133,USA,59,1,-0.847,-0.1901,-0.565,-0.665,0.5303
2014-05-02 00:00:00,2384000.0,5.0,2.5,3650,9050.0,2.0,0,4,5,3370,280.0,1921,0,709 W Blaine St,Seattle,WA 98119,USA,93,0,1.6724,-0.1584,1.8687,-0.0395,1.6728
2014-05-02 00:00:00,342000.0,3.0,2.0,1930,11947.0,1.0,0,0,4,1930,0.0,1966,0,26206-26214 143rd Ave SE,Kent,WA 98042,USA,48,0,-0.2035,-0.0776,0.1424,-0.665,0.1607
2014-05-02 00:00:00,420000.0,3.0,2.25,2000,8030.0,1.0,0,0,4,1000,1000.0,1963,0,857 170th Pl NE,Bellevue,WA 98008,USA,51,0,-0.1272,-0.1868,-0.9726,1.569,0.2615
2014-05-02 00:00:00,550000.0,4.0,2.5,1940,10500.0,1.0,0,0,4,1140,800.0,1976,1992,9105 170th Ave NE,Redmond,WA 98052,USA,38,1,-0.1926,-0.118,-0.8047,1.1222,-0.1754
2014-05-02 00:00:00,490000.0,2.0,1.0,880,6380.0,1.0,0,0,3,880,0.0,1938,1994,522 NE 88th St,Seattle,WA 98115,USA,76,1,-1.3487,-0.2328,-1.1165,-0.665,1.1016
2014-05-02 00:00:00,335000.0,2.0,2.0,1350,2560.0,1.0,0,0,3,1350,0.0,1976,0,2616 174th Ave NE,Redmond,WA 98052,USA,38,0,-0.8361,-0.3394,-0.553,-0.665,-0.1754
2014-05-02 00:00:00,482000.0,4.0,2.5,2710,35868.0,2.0,0,0,3,2710,0.0,1989,0,23762 SE 253rd Pl,Maple Valley,WA 98038,USA,25,0,0.6472,0.5894,1.0775,-0.665,-0.6122
2014-05-02 00:00:00,452500.0,3.0,2.5,2430,88426.0,1.0,0,0,4,1570,860.0,1985,0,46611-46625 SE 129th St,North Bend,WA 98045,USA,29,0,0.3418,2.0548,-0.2892,1.2563,-0.4778
2014-05-02 00:00:00,640000.0,4.0,2.0,1520,6200.0,1.5,0,0,3,1520,0.0,1945,2010,6811 55th Ave NE,Seattle,WA 98115,USA,69,1,-0.6507,-0.2379,-0.3492,-0.665,0.8663
2014-05-02 00:00:00,463000.0,3.0,1.75,1710,7320.0,1.0,0,0,3,1710,0.0,1948,1994,Burke-Gilman Trail,Lake Forest Park,WA 98155,USA,66,1,-0.4435,-0.2066,-0.1214,-0.665,0.7655
2014-05-02 00:00:00,1400000.0,4.0,2.5,2920,4000.0,1.5,0,0,5,1910,1010.0,1909,1988,3838-4098 44th Ave NE,Seattle,WA 98105,USA,105,1,0.8762,-0.2992,0.1184,1.5914,2.0761
2014-05-02 00:00:00,588500.0,3.0,1.75,2330,14892.0,1.0,0,0,3,1970,360.0,1980,0,1833 220th Pl NE,Sammamish,WA 98074,USA,34,0,0.2327,0.0045,0.1903,0.1393,-0.3098
2014-05-02 00:00:00,365000.0,3.0,1.0,1090,6435.0,1.0,0,0,4,1090,0.0,1955,2009,2504 SW Portland Ct,Seattle,WA 98106,USA,59,1,-1.1197,-0.2313,-0.8647,-0.665,0.5303
2014-05-02 00:00:00,1200000.0,5.0,2.75,2910,9480.0,1.5,0,0,3,2910,0.0,1939,1969,3534 46th Ave NE,Seattle,WA 98105,USA,75,1,0.8653,-0.1464,1.3172,-0.665,1.068
2014-05-02 00:00:00,242500.0,3.0,1.5,1200,9720.0,1.0,0,0,4,1200,0.0,1965,0,14034 SE 201st St,Kent,WA 98042,USA,49,0,-0.9997,-0.1397,-0.7328,-0.665,0.1943
2014-05-02 00:00:00,419000.0,3.0,1.5,1570,6700.0,1.0,0,0,4,1570,0.0,1956,0,15424 SE 9th St,Bellevue,WA 98007,USA,58,0,-0.5962,-0.2239,-0.2892,-0.665,0.4967
2014-05-02 00:00:00,367500.0,4.0,3.0,3110,7231.0,2.0,0,0,3,3110,0.0,1997,0,11224 SE 306th Pl,Auburn,WA 98092,USA,17,0,1.0835,-0.2091,1.557,-0.665,-0.881
2014-05-02 00:00:00,257950.0,3.0,1.75,1370,5858.0,1.0,0,0,3,1370,0.0,1987,2000,1605 S 245th Pl,Des Moines,WA 98198,USA,27,1,-0.8143,-0.2474,-0.529,-0.665,-0.545
2014-05-02 00:00:00,275000.0,3.0,1.5,1180,10277.0,1.0,0,0,3,1180,0.0,1983,2009,12425 415th Ave SE,North Bend,WA 98045,USA,31,1,-1.0215,-0.1242,-0.7568,-0.665,-0.4106
2014-05-02 00:00:00,750000.0,3.0,1.75,2240,10578.0,2.0,0,0,5,1550,690.0,1923,0,3225 NE 92nd St,Seattle,WA 98115,USA,91,0,0.1346,-0.1158,-0.3132,0.8765,1.6056
2014-05-02 00:00:00,435000.0,4.0,1.0,1450,8800.0,1.0,0,0,4,1450,0.0,1954,1979,3922 154th Ave SE,Bellevue,WA 98006,USA,60,1,-0.727,-0.1654,-0.4331,-0.665,0.5639
2014-05-02 00:00:00,626000.0,3.0,2.25,1750,1572.0,2.5,0,0,3,1470,280.0,2005,0,3140 Franklin Ave E,Seattle,WA 98102,USA,9,0,-0.3998,-0.3669,-0.4091,-0.0395,-1.1499
2014-05-02 00:00:00,612500.0,4.0,2.5,2730,12261.0,2.0,0,0,3,2730,0.0,1991,0,10212 NE 156th Pl,Bothell,WA 98011,USA,23,0,0.669,-0.0689,1.1015,-0.665,-0.6794
2014-05-02 00:00:00,495000.0,4.0,2.25,1600,6380.0,1.0,0,0,3,1130,470.0,1959,1989,2021 NE 100th St,Seattle,WA 98125,USA,55,1,-0.5634,-0.2328,-0.8167,0.385,0.3959
2014-05-02 00:00:00,285000.0,3.0,2.5,2090,10834.0,1.0,0,0,4,1360,730.0,1987,0,27736 23rd Avenue South,Federal Way,WA 98003,USA,27,0,-0.029,-0.1087,-0.541,0.9659,-0.545
2014-05-02 00:00:00,615000.0,3.0,1.75,2360,7291.0,1.0,0,0,4,1360,1000.0,1948,0,8436-8438 41st Ave SW,Seattle,WA 98136,USA,66,0,0.2655,-0.2074,-0.541,1.569,0.7655
2014-05-02 00:00:00,698000.0,4.0,2.25,2200,11250.0,1.5,0,0,5,1300,900.0,1920,0,1036 4th St,Kirkland,WA 98033,USA,94,0,0.091,-0.0971,-0.6129,1.3456,1.7064
2014-05-02 00:00:00,675000.0,5.0,2.5,2820,67518.0,2.0,0,0,3,2820,0.0,1979,2014,23525 SE 32nd Way,Issaquah,WA 98029,USA,35,1,0.7672,1.4718,1.2093,-0.665,-0.2762
2014-05-02 00:00:00,790000.0,3.0,2.5,2600,4750.0,1.0,0,0,4,1700,900.0,1951,1999,3314 NW 75th St,Seattle,WA 98117,USA,63,1,0.5272,-0.2783,-0.1334,1.3456,0.6647
2014-05-02 00:00:00,382500.0,4.0,1.75,1560,8700.0,1.0,0,0,4,1560,0.0,1967,0,14104 119th Ave NE,Kirkland,WA 98034,USA,47,0,-0.6071,-0.1682,-0.3012,-0.665,0.1271
2014-05-02 00:00:00,499950.0,4.0,2.5,2860,3345.0,2.0,0,0,3,2190,670.0,2004,2003,20120 137th Ave NE,Woodinville,WA 98072,USA,10,1,0.8108,-0.3175,0.4541,0.8318,-1.1163
2014-05-02 00:00:00,650000.0,4.0,2.0,1820,5000.0,1.5,0,1,3,1640,180.0,1945,2010,7201-7399 55th Ave NE,Seattle,WA 98115,USA,69,1,-0.3235,-0.2713,-0.2053,-0.2629,0.8663
2014-05-02 00:00:00,625000.0,4.0,2.5,2820,8408.0,2.0,0,0,3,2820,0.0,2014,0,17052 4th Ave NE,Shoreline,WA 98155,USA,0,0,0.7672,-0.1763,1.2093,-0.665,-1.4523
2014-05-02 00:00:00,400000.0,4.0,2.5,3630,42884.0,1.5,0,0,3,2300,1330.0,1979,2014,5172-5198 Heather Ave SE,Auburn,WA 98092,USA,35,1,1.6506,0.785,0.5859,2.3063,-0.2762
2014-05-02 00:00:00,604000.0,3.0,2.5,3240,33151.0,2.0,0,2,3,3240,0.0,1995,0,30822 36th Ct SW,Federal Way,WA 98023,USA,19,0,1.2252,0.5136,1.7129,-0.665,-0.8138
2014-05-02 00:00:00,440000.0,2.0,1.0,800,4850.0,1.0,0,0,4,800,0.0,1944,0,4801-4899 6th Ave NW,Seattle,WA 98107,USA,70,0,-1.436,-0.2755,-1.2124,-0.665,0.8999
2014-05-02 00:00:00,287200.0,3.0,3.0,1850,19966.0,1.0,0,0,4,1090,760.0,1992,0,23017 SE 281st Ct,Maple Valley,WA 98038,USA,22,0,-0.2908,0.146,-0.8647,1.0329,-0.713
2014-05-02 00:00:00,403000.0,3.0,2.0,1960,13100.0,1.0,0,2,5,1650,310.0,1957,0,17825 4th Ave SW,Normandy Park,WA 98166,USA,57,0,-0.1708,-0.0455,-0.1933,0.0276,0.4631
2014-05-02 00:00:00,750000.0,3.0,2.5,2390,6550.0,1.0,0,2,4,1440,950.0,1955,2009,3628 59th Ave SW,Seattle,WA 98116,USA,59,1,0.2982,-0.2281,-0.4451,1.4573,0.5303
2014-05-02 00:00:00,335000.0,3.0,2.25,1580,16215.0,1.0,0,0,4,1580,0.0,1978,2000,4460 332nd Ave SE,Fall City,WA 98024,USA,36,1,-0.5853,0.0414,-0.2772,-0.665,-0.2426
2014-05-02 00:00:00,260000.0,4.0,2.0,1480,8625.0,1.0,0,0,4,1480,0.0,1974,0,2019 Aberdeen Pl SE,Renton,WA 98055,USA,40,0,-0.6943,-0.1702,-0.3971,-0.665,-0.1082
2014-05-02 00:00:00,308500.0,2.0,1.0,850,6174.0,1.0,0,0,4,850,0.0,1950,1983,121 NE 147th St,Shoreline,WA 98155,USA,64,1,-1.3814,-0.2386,-1.1524,-0.665,0.6983
2014-05-02 00:00:00,439950.0,3.0,2.5,1770,2875.0,2.0,0,0,3,1770,0.0,1990,2009,4458 51st Ave SW,Seattle,WA 98116,USA,24,1,-0.378,-0.3306,-0.0495,-0.665,-0.6458
2014-05-02 00:00:00,235000.0,2.0,1.0,1210,9400.0,1.0,0,0,2,1210,0.0,1949,0,7542 21st Ave SW,Seattle,WA 98106,USA,65,0,-0.9888,-0.1486,-0.7208,-0.665,0.7319
2014-05-02 00:00:00,315000.0,3.0,1.0,1160,9180.0,1.0,0,0,3,1160,0.0,1968,1997,15804 198th Pl NE,Woodinville,WA 98077,USA,46,1,-1.0433,-0.1548,-0.7808,-0.665,0.0935
2014-05-02 00:00:00,437500.0,3.0,2.25,1970,35100.0,2.0,0,0,4,1970,0.0,1977,0,26069 SE 154th St,Issaquah,WA 98027,USA,37,0,-0.1599,0.5679,0.1903,-0.665,-0.209
2014-05-02 00:00:00,407500.0,3.0,2.5,1930,10460.0,2.0,0,0,3,1930,0.0,1996,0,4314 NE 6th Pl,Renton,WA 98059,USA,18,0,-0.2035,-0.1191,0.1424,-0.665,-0.8474
2014-05-02 00:00:00,445700.0,3.0,2.5,1270,1180.0,3.0,0,0,3,1270,0.0,2001,0,2640 NW 56th St,Seattle,WA 98107,USA,13,0,-0.9234,-0.3778,-0.6489,-0.665,-1.0154
2014-05-02 00:00:00,838000.0,4.0,2.5,3310,42998.0,2.0,0,0,3,3310,0.0,2001,0,15712 NE 136th Pl,Redmond,WA 98052,USA,13,0,1.3016,0.7882,1.7968,-0.665,-1.0154
2014-05-02 00:00:00,630000.0,4.0,2.75,2710,37277.0,2.0,0,0,3,2710,0.0,2000,0,26429 SE 154th Pl,Issaquah,WA 98027,USA,14,0,0.6472,0.6286,1.0775,-0.665,-0.9818
2014-05-02 00:00:00,550000.0,3.0,1.75,2910,35200.0,1.5,0,0,3,2910,0.0,1979,2014,3923 229th Pl SE,Sammamish,WA 98075,USA,35,1,0.8653,0.5707,1.3172,-0.665,-0.2762
2014-05-02 00:00:00,805000.0,3.0,2.0,2710,4500.0,1.5,0,0,4,1880,830.0,1929,0,6222 30th Ave NE,Seattle,WA 98115,USA,85,0,0.6472,-0.2853,0.0824,1.1893,1.404
2014-05-02 00:00:00,284000.0,3.0,1.75,1800,23103.0,1.0,0,0,3,1800,0.0,1968,1997,32418 NE 50th St,Carnation,WA 98014,USA,46,1,-0.3453,0.2334,-0.0135,-0.665,0.0935
2014-05-02 00:00:00,470000.0,5.0,2.5,2210,9655.0,1.0,0,0,3,1460,750.0,1976,0,19334 89th Ave NE,Bothell,WA 98011,USA,38,0,0.1019,-0.1415,-0.4211,1.0105,-0.1754
2014-05-02 00:00:00,430000.0,4.0,1.5,1920,10000.0,1.0,0,0,4,1070,850.0,1954,1979,4071 156th Ave SE,Bellevue,WA 98006,USA,60,1,-0.2144,-0.1319,-0.8887,1.2339,0.5639
2014-05-02 00:00:00,491500.0,4.0,1.75,2190,125452.0,1.0,0,2,3,2190,0.0,1968,1997,36850 204th Ave SE,Auburn,WA 98092,USA,46,1,0.08,3.0872,0.4541,-0.665,0.0935
2014-05-02 00:00:00,785000.0,5.0,3.25,3660,11995.0,2.0,0,2,3,3660,0.0,2006,0,7425 Snowberry Ave SE,Snoqualmie,WA 98065,USA,8,0,1.6833,-0.0763,2.2164,-0.665,-1.1835
2014-05-02 00:00:00,385000.0,3.0,3.25,1320,1327.0,2.0,0,0,3,1040,280.0,2008,0,3400 21st Ave W,Seattle,WA 98199,USA,6,0,-0.8688,-0.3737,-0.9246,-0.0395,-1.2507
2014-05-02 00:00:00,295000.0,2.0,2.5,1630,1368.0,2.0,0,0,3,1280,350.0,2009,0,5944-6082 Delridge Way SW,Seattle,WA 98106,USA,5,0,-0.5307,-0.3726,-0.6369,0.1169,-1.2843
2014-05-02 00:00:00,555000.0,4.0,2.5,3310,6500.0,2.0,0,0,3,3310,0.0,2012,1912,35229 SE Terrace St,Snoqualmie,WA 98065,USA,2,1,1.3016,-0.2295,1.7968,-0.665,-1.3851
2014-05-02 00:00:00,459990.0,3.0,2.5,2680,5539.0,2.0,0,0,3,2680,0.0,2013,1923,13800 453rd Ave SE,North Bend,WA 98045,USA,1,1,0.6145,-0.2563,1.0415,-0.665,-1.4187
2014-05-02 00:00:00,625000.0,4.0,3.25,2730,54014.0,1.0,0,0,3,1560,1170.0,2007,0,9927 174th Ave SE,Renton,WA 98059,USA,7,0,0.669,1.0953,-0.3012,1.9488,-1.2171
2014-05-02 00:00:00,300000.0,3.0,2.25,2540,5050.0,2.0,0,0,3,2540,0.0,2006,0,29734 215th Terrace SE,Kent,WA 98042,USA,8,0,0.4618,-0.2699,0.8737,-0.665,-1.1835
2014-05-03 00:00:00,625000.0,4.0,2.75,2920,6605.0,2.0,0,0,3,2920,0.0,2012,1912,5608 NE 5th Cir,Renton,WA 98059,USA,2,1,0.8762,-0.2266,1.3292,-0.665,-1.3851
2014-05-03 00:00:00,553000.0,2.0,1.0,900,5000.0,1.0,0,0,3,900,0.0,1944,0,8053 29th Ave NW,Seattle,WA 98117,USA,70,0,-1.3269,-0.2713,-1.0925,-0.665,0.8999
2014-05-03 00:00:00,379880.0,3.0,2.5,1650,14054.0,1.0,0,0,4,1130,520.0,1986,0,13256 242nd Pl SE,Issaquah,WA 98027,USA,28,0,-0.5089,-0.0189,-0.8167,0.4967,-0.5114
2014-05-03 00:00:00,310000.0,3.0,1.0,1010,9945.0,1.0,0,0,4,1010,0.0,1973,0,7528 N Fork Rd SE,Snoqualmie,WA 98065,USA,41,0,-1.2069,-0.1334,-0.9606,-0.665,-0.0746
2014-05-04 00:00:00,775000.0,2.0,2.5,2680,7392.0,1.0,0,0,3,2680,0.0,2004,2003,13134 234th Ct NE,Redmond,WA 98053,USA,10,1,0.6145,-0.2046,1.0415,-0.665,-1.1163
2014-05-04 00:00:00,365000.0,3.0,2.5,2200,7350.0,1.0,0,0,5,1570,630.0,1988,0,13420 SE 182nd St,Renton,WA 98058,USA,26,0,0.091,-0.2058,-0.2892,0.7425,-0.5786
2014-05-04 00:00:00,331950.0,4.0,2.5,2530,9933.0,2.0,0,2,3,2010,520.0,1990,2009,925 48th Ct,Auburn,WA 98092,USA,24,1,0.4509,-0.1338,0.2383,0.4967,-0.6458
2014-05-04 00:00:00,783500.0,3.0,2.5,2850,7130.0,2.0,0,0,3,1990,860.0,1980,0,151 Euclid Ave,Seattle,WA 98122,USA,34,0,0.7999,-0.2119,0.2143,1.2563,-0.3098
2014-05-04 00:00:00,628000.0,4.0,2.0,2280,6010.0,1.0,0,0,3,1140,1140.0,1900,2005,205-206 Euclid Ave,Seattle,WA 98122,USA,114,1,0.1782,-0.2432,-0.8047,1.8818,2.3785
2014-05-05 00:00:00,560000.0,3.0,2.5,1900,8744.0,2.0,0,0,3,1900,0.0,1987,2000,22314 NE 11th Pl,Sammamish,WA 98074,USA,27,1,-0.2362,-0.1669,0.1064,-0.665,-0.545
2014-05-05 00:00:00,900000.0,3.0,1.0,1330,77972.0,1.0,0,0,3,1330,0.0,1928,1954,13615 NE 100th St,Kirkland,WA 98033,USA,86,1,-0.8579,1.7633,-0.577,-0.665,1.4376
2014-05-05 00:00:00,531000.0,2.0,3.0,1270,1175.0,2.0,0,0,3,1110,160.0,2000,0,1411 N 48th St,Seattle,WA 98103,USA,14,0,-0.9234,-0.378,-0.8407,-0.3076,-0.9818
2014-05-05 00:00:00,831000.0,4.0,3.0,2170,4000.0,2.0,0,0,4,1610,560.0,1982,2011,120 31st Ave E,Seattle,WA 98112,USA,32,1,0.0582,-0.2992,-0.2413,0.5861,-0.377
2014-05-05 00:00:00,780000.0,4.0,2.5,2730,10281.0,2.0,0,2,3,2730,0.0,1996,0,23140 NE 14th Ct,Sammamish,WA 98074,USA,18,0,0.669,-0.1241,1.1015,-0.665,-0.8474
2014-05-05 00:00:00,755000.0,4.0,2.5,2120,10202.0,1.0,0,0,4,1620,500.0,1960,2001,12645 SE 27th St,Bellevue,WA 98005,USA,54,1,0.0037,-0.1263,-0.2293,0.452,0.3623
2014-05-05 00:00:00,705380.0,3.0,2.5,2490,4343.0,2.0,0,0,3,2490,0.0,2003,0,3187 NE Larkspur Ln,Issaquah,WA 98029,USA,11,0,0.4072,-0.2896,0.8137,-0.665,-1.0827
2014-05-05 00:00:00,627000.0,4.0,2.25,1990,7712.0,1.0,0,0,3,1210,780.0,1973,2013,18915 SE 42nd Pl,Issaquah,WA 98027,USA,41,1,-0.1381,-0.1957,-0.7208,1.0776,-0.0746
2014-05-05 00:00:00,865000.0,4.0,2.25,3690,9892.0,2.0,0,0,3,3690,0.0,1998,2006,1765 267th Ct SE,Sammamish,WA 98075,USA,16,1,1.716,-0.1349,2.2524,-0.665,-0.9146
2014-05-05 00:00:00,580000.0,2.0,1.0,2540,7000.0,1.0,0,0,5,1320,1220.0,1942,0,8624 Island Dr S,Seattle,WA 98118,USA,72,0,0.4618,-0.2156,-0.5889,2.0605,0.9672
2014-05-05 00:00:00,410000.0,3.0,2.25,1800,36704.0,1.0,0,0,4,1360,440.0,1978,2000,24502 SE Mirrormont Dr,Issaquah,WA 98027,USA,36,1,-0.3453,0.6127,-0.541,0.318,-0.2426
2014-05-05 00:00:00,485000.0,4.0,3.0,2340,7048.0,1.0,0,0,4,1340,1000.0,1979,0,14319 85th Pl NE,Kirkland,WA 98034,USA,35,0,0.2436,-0.2142,-0.565,1.569,-0.2762
2014-05-05 00:00:00,400000.0,2.0,1.75,2110,9519.0,1.0,0,0,2,2110,0.0,1948,0,2120 NE 168th St,Shoreline,WA 98155,USA,66,0,-0.0072,-0.1453,0.3582,-0.665,0.7655
2014-05-05 00:00:00,549000.0,2.0,1.0,1140,5400.0,1.0,0,0,5,1140,0.0,1908,0,209 30th Ave E,Seattle,WA 98112,USA,106,0,-1.0651,-0.2602,-0.8047,-0.665,2.1097
2014-05-05 00:00:00,620000.0,3.0,1.75,1480,2185.0,2.5,0,0,3,1480,0.0,2005,0,10512 128th Ave NE,Kirkland,WA 98033,USA,9,0,-0.6943,-0.3498,-0.3971,-0.665,-1.1499
2014-05-05 00:00:00,405000.0,2.0,3.0,1410,7663.0,2.0,0,0,3,1140,270.0,2006,0,9126 45th Ave SW,Seattle,WA 98136,USA,8,0,-0.7707,-0.1971,-0.8047,-0.0618,-1.1835
2014-05-05 00:00:00,232000.0,2.0,1.0,1200,8063.0,1.0,0,0,4,1200,0.0,1958,1972,20220 8th Ave S,Des Moines,WA 98198,USA,56,1,-0.9997,-0.1859,-0.7328,-0.665,0.4295
2014-05-05 00:00:00,800866.0,5.0,2.5,3180,13806.0,2.0,0,0,4,3180,0.0,1990,0,11821 NE 48th Pl,Kirkland,WA 98033,USA,24,0,1.1598,-0.0258,1.6409,-0.665,-0.6458
2014-05-05 00:00:00,650000.0,3.0,1.5,2160,9000.0,1.0,0,2,4,1400,760.0,1949,1985,13026 10th Ave NW,Seattle,WA 98177,USA,65,1,0.0473,-0.1598,-0.493,1.0329,0.7319
2014-05-05 00:00:00,823000.0,6.0,1.75,2920,5000.0,2.5,0,0,4,2780,140.0,1908,0,125 29th Ave,Seattle,WA 98122,USA,106,0,0.8762,-0.2713,1.1614,-0.3522,2.1097
2014-05-05 00:00:00,770000.0,3.0,2.0,2350,5700.0,1.5,0,0,4,1810,540.0,1939,1989,2171 Boyer Ave E,Seattle,WA 98112,USA,75,1,0.2546,-0.2518,-0.0015,0.5414,1.068
2014-05-05 00:00:00,524000.0,3.0,1.75,1560,5520.0,1.0,0,0,4,780,780.0,1944,0,3434 33rd Ave W,Seattle,WA 98199,USA,70,0,-0.6071,-0.2568,-1.2363,1.0776,0.8999
2014-05-05 00:00:00,541125.0,5.0,2.75,2740,8426.0,1.0,0,0,4,1370,1370.0,1960,2001,5211 116th Pl SE,Bellevue,WA 98006,USA,54,1,0.6799,-0.1758,-0.529,2.3956,0.3623
2014-05-05 00:00:00,670000.0,3.0,2.5,1680,2000.0,3.0,0,0,3,1680,0.0,1909,1998,3503 NE 44th St,Seattle,WA 98105,USA,105,1,-0.4762,-0.355,-0.1574,-0.665,2.0761
2014-05-05 00:00:00,384900.0,5.0,2.5,3090,12750.0,1.0,0,0,3,1750,1340.0,1968,1997,114 SW 292nd St,Federal Way,WA 98023,USA,46,1,1.0616,-0.0552,-0.0734,2.3286,0.0935
2014-05-05 00:00:00,406100.0,3.0,2.25,1410,1332.0,3.0,0,0,3,1410,0.0,2005,0,8536 Interlake Ave N,Seattle,WA 98103,USA,9,0,-0.7707,-0.3736,-0.4811,-0.665,-1.1499
2014-05-05 00:00:00,1395000.0,5.0,2.25,4010,8510.0,2.0,0,1,5,2850,1160.0,1971,0,3930 NE Belvoir Pl,Seattle,WA 98105,USA,43,0,2.0651,-0.1735,1.2453,1.9265,-0.0073
2014-05-05 00:00:00,736500.0,4.0,2.5,3180,21904.0,2.0,0,3,3,3180,0.0,2000,0,17132 SE 100th St,Renton,WA 98059,USA,14,0,1.1598,0.2,1.6409,-0.665,-0.9818
2014-05-05 00:00:00,570000.0,3.0,2.25,2010,6000.0,1.0,0,0,3,1330,680.0,1975,0,10204 168th Pl NE,Redmond,WA 98052,USA,39,0,-0.1163,-0.2434,-0.577,0.8542,-0.1418
2014-05-05 00:00:00,787000.0,3.0,1.75,1330,7500.0,1.0,0,0,3,1330,0.0,1961,2004,218 109th Ave SE,Bellevue,WA 98004,USA,53,1,-0.8579,-0.2016,-0.577,-0.665,0.3287
2014-05-05 00:00:00,328000.0,4.0,2.5,2370,6500.0,2.0,0,0,3,2370,0.0,1998,2006,12621 SE 300th Way,Auburn,WA 98092,USA,16,1,0.2764,-0.2295,0.6699,-0.665,-0.9146
2014-05-05 00:00:00,435000.0,5.0,2.0,1840,7663.0,1.0,0,0,4,1540,300.0,1942,1958,14013 Ashworth Ave N,Seattle,WA 98133,USA,72,1,-0.3017,-0.1971,-0.3252,0.0052,0.9672
2014-05-05 00:00:00,499000.0,4.0,2.5,2910,6479.0,2.0,0,0,3,2910,0.0,2006,0,34010 SE Sorenson St,Snoqualmie,WA 98065,USA,8,0,0.8653,-0.2301,1.3172,-0.665,-1.1835
2014-05-05 00:00:00,501000.0,4.0,1.0,2070,7519.0,1.0,0,0,3,1160,910.0,1963,2008,2506 166th Ave NE,Bellevue,WA 98008,USA,51,1,-0.0508,-0.2011,-0.7808,1.368,0.2615
2014-05-05 00:00:00,1090000.0,4.0,2.5,4340,141570.0,2.5,0,0,3,4340,0.0,1992,0,8814 218th Ave NE,Redmond,WA 98053,USA,22,0,2.425,3.5366,3.0316,-0.665,-0.713
2014-05-05 00:00:00,400000.0,2.0,1.0,840,5510.0,1.0,0,0,3,840,0.0,1955,2005,4515 SW Trenton St,Seattle,WA 98136,USA,59,1,-1.3923,-0.2571,-1.1644,-0.665,0.5303
2014-05-05 00:00:00,220000.0,4.0,1.5,1240,9600.0,1.0,0,0,3,1240,0.0,1971,0,4924 SW 314th Pl,Federal Way,WA 98023,USA,43,0,-0.9561,-0.1431,-0.6849,-0.665,-0.0073
2014-05-05 00:00:00,657100.0,4.0,1.0,1390,4240.0,1.0,0,0,3,1050,340.0,1924,2011,4312 Woodlawn Ave N,Seattle,WA 98103,USA,90,1,-0.7925,-0.2925,-0.9126,0.0946,1.572
2014-05-05 00:00:00,309950.0,4.0,2.75,2310,5000.0,2.0,0,0,3,2310,0.0,2006,0,22912 SE 268th Pl,Maple Valley,WA 98038,USA,8,0,0.2109,-0.2713,0.5979,-0.665,-1.1835
2014-05-05 00:00:00,300000.0,3.0,2.0,1050,10072.0,1.0,0,0,3,1050,0.0,1986,0,27106 NE Miller St,Duvall,WA 98019,USA,28,0,-1.1633,-0.1299,-0.9126,-0.665,-0.5114
2014-05-05 00:00:00,525888.0,5.0,1.75,2550,71874.0,1.0,0,0,5,1810,740.0,1960,0,13129 195th Pl SE,Issaquah,WA 98027,USA,54,0,0.4727,1.5933,-0.0015,0.9882,0.3623
2014-05-05 00:00:00,740000.0,4.0,2.25,2010,3600.0,1.5,0,0,3,2010,0.0,1902,0,1014 W Garfield St,Seattle,WA 98119,USA,112,0,-0.1163,-0.3104,0.2383,-0.665,2.3113
2014-05-05 00:00:00,340000.0,5.0,1.0,1120,9022.0,1.5,0,0,4,1120,0.0,1962,0,14150 75th Ave NE,Kirkland,WA 98034,USA,52,0,-1.087,-0.1592,-0.8287,-0.665,0.2951
2014-05-05 00:00:00,398750.0,3.0,2.5,2230,4000.0,2.0,0,0,3,2230,0.0,1954,2005,2601 21st Ave S,Seattle,WA 98144,USA,60,1,0.1237,-0.2992,0.502,-0.665,0.5639
2014-05-05 00:00:00,206000.0,2.0,1.0,810,7158.0,1.0,0,0,5,810,0.0,1944,0,12807 7th Ave S,Burien,WA 98168,USA,70,0,-1.4251,-0.2112,-1.2004,-0.665,0.8999
2014-05-05 00:00:00,1030000.0,5.0,2.75,3190,16920.0,1.0,0,3,3,1690,1500.0,1976,0,4529 135th Ave SE,Bellevue,WA 98006,USA,38,0,1.1707,0.061,-0.1454,2.6861,-0.1754
2014-05-05 00:00:00,600000.0,3.0,1.75,1670,39639.0,1.0,0,0,4,1670,0.0,1976,1992,1804 E Beaver Lake Dr SE,Sammamish,WA 98075,USA,38,1,-0.4871,0.6945,-0.1693,-0.665,-0.1754
2014-05-05 00:00:00,379950.0,4.0,1.75,1970,9389.0,1.0,0,0,5,1140,830.0,1960,0,1701 N 204th Pl,Shoreline,WA 98133,USA,54,0,-0.1599,-0.1489,-0.8047,1.1893,0.3623
2014-05-05 00:00:00,287000.0,3.0,1.0,1450,6000.0,1.0,0,0,4,1450,0.0,1953,1983,8681 Beacon Ave S,Seattle,WA 98118,USA,61,1,-0.727,-0.2434,-0.4331,-0.665,0.5975
2014-05-05 00:00:00,2280000.0,7.0,8.0,13540,307752.0,3.0,0,4,3,9410,4130.0,1999,0,26408 NE 70th St,Redmond,WA 98053,USA,15,0,12.4591,8.1702,9.1099,8.5616,-0.9482
2014-05-05 00:00:00,309950.0,3.0,2.5,1880,7838.0,2.0,0,0,3,1880,0.0,1994,0,17717 113th Pl SE,Renton,WA 98055,USA,20,0,-0.2581,-0.1922,0.0824,-0.665,-0.7802
2014-05-05 00:00:00,600000.0,3.0,1.75,1880,6360.0,1.0,0,0,4,1040,840.0,1945,0,8040 39th Ave NE,Seattle,WA 98115,USA,69,0,-0.2581,-0.2334,-0.9246,1.2116,0.8663
2014-05-05 00:00:00,418000.0,3.0,2.0,1410,6030.0,1.5,0,0,4,1410,0.0,1930,0,901 N 97th St,Seattle,WA 98103,USA,84,0,-0.7707,-0.2426,-0.4811,-0.665,1.3704
2014-05-05 00:00:00,449250.0,4.0,2.0,1480,3844.0,1.5,0,0,5,1480,0.0,1928,1970,519 N 104th St,Seattle,WA 98133,USA,86,1,-0.6943,-0.3036,-0.3971,-0.665,1.4376
2014-05-05 00:00:00,329950.0,2.0,1.0,1140,5250.0,1.5,0,0,4,1140,0.0,1949,1985,14017 Roslyn Pl N,Seattle,WA 98133,USA,65,1,-1.0651,-0.2644,-0.8047,-0.665,0.7319
2014-05-05 00:00:00,245000.0,3.0,1.75,1920,9306.0,1.0,0,0,3,1000,920.0,1984,0,30001-30021 55th Pl S,Auburn,WA 98001,USA,30,0,-0.2144,-0.1513,-0.9726,1.3903,-0.4442
2014-05-05 00:00:00,549000.0,4.0,2.5,2910,6338.0,2.0,0,0,3,2910,0.0,2008,0,16026 SE 137th Terrace,Renton,WA 98059,USA,6,0,0.8653,-0.234,1.3172,-0.665,-1.2507
2014-05-05 00:00:00,800000.0,3.0,2.5,3240,7857.0,2.0,0,0,3,3240,0.0,1994,0,22721-22727 SE 27th St,Sammamish,WA 98075,USA,20,0,1.2252,-0.1917,1.7129,-0.665,-0.7802
2014-05-05 00:00:00,249950.0,3.0,2.0,1550,15040.0,1.0,0,0,4,1550,0.0,1958,1972,18027 SE 128th St,Renton,WA 98059,USA,56,1,-0.618,0.0086,-0.3132,-0.665,0.4295
2014-05-05 00:00:00,210000.0,5.0,2.0,2050,10200.0,1.0,0,0,3,1430,620.0,1956,2001,20927-20999 2nd Ave S,Des Moines,WA 98198,USA,58,1,-0.0726,-0.1263,-0.4571,0.7201,0.4967
2014-05-05 00:00:00,1425000.0,2.0,2.5,2220,4000.0,2.0,0,0,3,2220,0.0,2000,0,1857 41st Ave E,Seattle,WA 98112,USA,14,0,0.1128,-0.2992,0.49,-0.665,-0.9818
2014-05-05 00:00:00,585000.0,2.0,1.0,1770,8640.0,1.5,0,0,3,1520,250.0,1949,1998,353 NW 88th St,Seattle,WA 98117,USA,65,1,-0.378,-0.1698,-0.3492,-0.1065,0.7319
2014-05-05 00:00:00,615000.0,4.0,1.75,2300,11700.0,1.0,0,0,4,1960,340.0,1977,0,18427 NE 26th Way,Redmond,WA 98052,USA,37,0,0.2,-0.0845,0.1783,0.0946,-0.209
2014-05-05 00:00:00,618500.0,3.0,2.0,1800,5000.0,1.0,0,0,4,1080,720.0,1942,1982,2803 NE 62nd St,Seattle,WA 98115,USA,72,1,-0.3453,-0.2713,-0.8767,0.9435,0.9672
2014-05-05 00:00:00,487585.0,4.0,1.75,2010,9211.0,1.0,0,0,3,1470,540.0,1977,2004,13313 127th Pl NE,Kirkland,WA 98034,USA,37,1,-0.1163,-0.1539,-0.4091,0.5414,-0.209
2014-05-05 00:00:00,509900.0,3.0,2.5,1790,2700.0,2.0,0,0,3,1790,0.0,2010,0,4532 185th Ave SE,Issaquah,WA 98027,USA,4,0,-0.3562,-0.3355,-0.0255,-0.665,-1.3179
2014-05-05 00:00:00,631625.0,4.0,2.5,2440,6651.0,2.0,0,0,3,2440,0.0,2014,0,9288-9358 Holman Rd NW,Seattle,WA 98117,USA,0,0,0.3527,-0.2253,0.7538,-0.665,-1.4523
2014-05-05 00:00:00,555000.0,3.0,2.5,1940,3211.0,2.0,0,0,3,1940,0.0,2009,0,4509 185th Ave SE,Issaquah,WA 98027,USA,5,0,-0.1926,-0.3212,0.1543,-0.665,-1.2843
2014-05-05 00:00:00,340000.0,2.0,1.5,1160,1438.0,2.0,0,0,3,1160,0.0,2001,0,1318 29th Ave S,Seattle,WA 98144,USA,13,0,-1.0433,-0.3706,-0.7808,-0.665,-1.0154
2014-05-05 00:00:00,830000.0,4.0,2.5,3400,9692.0,2.0,0,0,3,3400,0.0,2007,0,12001 173rd Pl NE,Redmond,WA 98052,USA,7,0,1.3997,-0.1405,1.9047,-0.665,-1.2171
2014-05-05 00:00:00,890000.0,4.0,4.25,4420,5750.0,2.0,0,0,3,3410,1010.0,2006,0,842 Summerhill Ridge Dr NW,Issaquah,WA 98027,USA,8,0,2.5122,-0.2504,1.9167,1.5914,-1.1835
2014-05-05 00:00:00,366750.0,3.0,2.25,1571,2017.0,3.0,0,0,3,1571,0.0,2008,0,14359 19th Ave NE,Seattle,WA 98125,USA,6,0,-0.5951,-0.3545,-0.288,-0.665,-1.2507
2014-05-05 00:00:00,415000.0,3.0,2.25,1620,998.0,2.5,0,0,3,1540,80.0,2010,0,935 4th Ave NE,Issaquah,WA 98029,USA,4,0,-0.5416,-0.3829,-0.3252,-0.4863,-1.3179
2014-05-05 00:00:00,416286.0,3.0,2.5,1408,989.0,3.0,0,0,3,1408,0.0,2005,0,7809 12th Ave NE,Seattle,WA 98115,USA,9,0,-0.7728,-0.3832,-0.4834,-0.665,-1.1499
2014-05-05 00:00:00,478000.0,3.0,2.5,3040,4535.0,2.0,0,0,3,3040,0.0,2007,0,2027 Ferndale Ave NE,Renton,WA 98056,USA,7,0,1.0071,-0.2843,1.4731,-0.665,-1.2171
2014-05-05 00:00:00,890000.0,5.0,3.5,4490,6000.0,2.0,0,0,3,3200,1290.0,2006,0,792 Summerhill Ridge Dr NW,Issaquah,WA 98027,USA,8,0,2.5886,-0.2434,1.6649,2.2169,-1.1835
2014-05-05 00:00:00,419190.0,2.0,2.5,1590,1426.0,2.0,0,0,3,1590,0.0,2014,0,1273 NE Hickory Ln,Issaquah,WA 98029,USA,0,0,-0.5743,-0.371,-0.2653,-0.665,-1.4523
2014-05-05 00:00:00,712198.0,4.0,2.5,2450,4247.0,2.0,0,0,3,2450,0.0,2013,1923,17122 NE 117th St,Redmond,WA 98052,USA,1,1,0.3636,-0.2923,0.7658,-0.665,-1.4187
2014-05-06 00:00:00,397000.0,4.0,2.0,1440,7680.0,1.0,0,0,3,1200,240.0,1971,0,10601 NE 138th Pl,Kirkland,WA 98034,USA,43,0,-0.7379,-0.1966,-0.7328,-0.1288,-0.0073
2014-05-06 00:00:00,450000.0,2.0,2.0,1100,3000.0,1.5,0,0,3,1100,0.0,1912,2005,412 NW 70th St,Seattle,WA 98117,USA,102,1,-1.1088,-0.3271,-0.8527,-0.665,1.9753
2014-05-06 00:00:00,353000.0,3.0,1.0,1350,7740.0,1.0,0,0,4,860,490.0,1947,1988,11051 35th Ave NE,Seattle,WA 98125,USA,67,1,-0.8361,-0.1949,-1.1404,0.4297,0.7991
2014-05-06 00:00:00,609000.0,4.0,2.5,2150,37981.0,2.0,0,0,3,2150,0.0,1985,0,18114 NE 136th St,Redmond,WA 98052,USA,29,0,0.0364,0.6483,0.4061,-0.665,-0.4778
2014-05-06 00:00:00,234000.0,3.0,1.75,1490,8366.0,1.0,0,0,4,1010,480.0,1975,0,25305 151st Pl SE,Covington,WA 98042,USA,39,0,-0.6834,-0.1775,-0.9606,0.4073,-0.1418
2014-05-06 00:00:00,561000.0,3.0,2.0,2000,7000.0,2.0,0,0,3,2000,0.0,1916,1986,6422 Marshall Ave SW,Seattle,WA 98136,USA,98,1,-0.1272,-0.2156,0.2263,-0.665,1.8408
2014-05-06 00:00:00,469000.0,2.0,1.0,1030,4400.0,1.0,0,0,3,1030,0.0,1924,2011,310 NW 72nd St,Seattle,WA 98117,USA,90,1,-1.1851,-0.2881,-0.9366,-0.665,1.572
2014-05-06 00:00:00,329350.0,2.0,1.0,720,6687.0,1.0,0,0,3,720,0.0,1942,1999,9712 4th Ave NW,Seattle,WA 98117,USA,72,1,-1.5232,-0.2243,-1.3083,-0.665,0.9672
2014-05-06 00:00:00,488000.0,5.0,2.0,2020,5000.0,1.5,0,0,4,2020,0.0,1938,0,9020-9024 11th Ave NW,Seattle,WA 98117,USA,76,0,-0.1054,-0.2713,0.2503,-0.665,1.1016
2014-05-06 00:00:00,279900.0,3.0,1.75,1580,8151.0,1.0,0,1,4,1100,480.0,1962,0,1629 S 261st Pl,Des Moines,WA 98198,USA,52,0,-0.5853,-0.1835,-0.8527,0.4073,0.2951
2014-05-06 00:00:00,606000.0,4.0,2.5,2110,13850.0,2.0,0,0,3,2110,0.0,1987,2000,2755 NW Pine Cone Dr,Issaquah,WA 98027,USA,27,1,-0.0072,-0.0246,0.3582,-0.665,-0.545
2014-05-06 00:00:00,312000.0,4.0,2.0,1300,7054.0,1.0,0,0,3,1300,0.0,1950,2013,2815 SW 107th St,Seattle,WA 98146,USA,64,1,-0.8906,-0.2141,-0.6129,-0.665,0.6983
2014-05-06 00:00:00,650000.0,3.0,1.5,1630,7475.0,1.0,0,1,3,1160,470.0,1940,1996,6009 52nd Ave NE,Seattle,WA 98115,USA,74,1,-0.5307,-0.2023,-0.7808,0.385,1.0344
2014-05-06 00:00:00,1135000.0,4.0,2.75,3370,8103.0,1.0,0,3,3,1970,1400.0,1970,2014,3922 SW Henderson St,Seattle,WA 98136,USA,44,1,1.367,-0.1848,0.1903,2.4627,0.0263
2014-05-06 00:00:00,325000.0,4.0,2.5,1890,6156.0,1.0,0,0,3,980,910.0,1980,0,5631 17th Ave SW,Seattle,WA 98106,USA,34,0,-0.2471,-0.2391,-0.9966,1.368,-0.3098
2014-05-06 00:00:00,425000.0,4.0,2.0,1520,7983.0,1.0,0,0,5,1520,0.0,1967,0,14876 Juanita Woodinville Way NE,Inglewood-Finn Hill,WA 98034,USA,47,0,-0.6507,-0.1881,-0.3492,-0.665,0.1271
2014-05-06 00:00:00,219000.0,2.0,1.0,900,5160.0,1.0,0,0,3,900,0.0,1952,2008,8652 17th Ave SW,Seattle,WA 98106,USA,62,1,-1.3269,-0.2669,-1.0925,-0.665,0.6311
2014-05-06 00:00:00,250000.0,3.0,1.0,1050,6874.0,1.0,0,0,3,1050,0.0,1954,2005,18305 Dayton Ave N,Shoreline,WA 98133,USA,60,1,-1.1633,-0.2191,-0.9126,-0.665,0.5639
2014-05-06 00:00:00,390000.0,3.0,1.75,1260,6500.0,1.0,0,0,4,1260,0.0,1966,0,1415 168th Ave NE,Bellevue,WA 98008,USA,48,0,-0.9343,-0.2295,-0.6609,-0.665,0.1607
2014-05-06 00:00:00,475000.0,6.0,3.0,3470,117612.0,1.5,0,0,3,3470,0.0,1924,2011,19007 80th Ave NE,Kenmore,WA 98028,USA,90,1,1.4761,2.8686,1.9886,-0.665,1.572
2014-05-06 00:00:00,736000.0,4.0,2.5,2290,12047.0,2.0,0,0,4,2290,0.0,1988,0,17435 SE 47th St,Bellevue,WA 98006,USA,26,0,0.1891,-0.0748,0.574,-0.665,-0.5786
2014-05-06 00:00:00,407000.0,4.0,2.25,2810,23400.0,1.0,0,1,3,1710,1100.0,1958,2004,23024-23198 17th Ave S,Des Moines,WA 98198,USA,56,1,0.7563,0.2417,-0.1214,1.7925,0.4295
2014-05-06 00:00:00,272000.0,3.0,2.5,1650,13816.0,2.0,0,0,3,1650,0.0,1998,2006,32000-32072 NE 55th St,Carnation,WA 98014,USA,16,1,-0.5089,-0.0255,-0.1933,-0.665,-0.9146
2014-05-06 00:00:00,362000.0,3.0,2.25,1640,14374.0,1.0,0,0,4,1140,500.0,1963,0,17253 Ambaum Blvd S,Burien,WA 98148,USA,51,0,-0.5198,-0.0099,-0.8047,0.452,0.2615
2014-05-06 00:00:00,535000.0,3.0,2.5,1850,10109.0,2.0,0,0,3,1850,0.0,1991,0,8409 NE 129th Pl,Kirkland,WA 98034,USA,23,0,-0.2908,-0.1289,0.0464,-0.665,-0.6794
2014-05-06 00:00:00,284000.0,4.0,2.5,2000,5390.0,2.0,0,0,3,2000,0.0,2003,0,25434 160th Ave SE,Kent,WA 98042,USA,11,0,-0.1272,-0.2604,0.2263,-0.665,-1.0827
2014-05-06 00:00:00,367500.0,3.0,1.5,1410,9647.0,1.0,0,0,3,1410,0.0,1961,2004,18048 3rd Ave NW,Shoreline,WA 98177,USA,53,1,-0.7707,-0.1418,-0.4811,-0.665,0.3287
2014-05-06 00:00:00,379900.0,4.0,1.75,1500,11600.0,1.0,0,0,4,1000,500.0,1955,2009,15007 75th Ave NE,Kenmore,WA 98028,USA,59,1,-0.6725,-0.0873,-0.9726,0.452,0.5303
2014-05-06 00:00:00,520000.0,3.0,2.5,2460,54885.0,2.0,0,0,4,2460,0.0,1980,0,5424 NE 10th St,Renton,WA 98059,USA,34,0,0.3745,1.1196,0.7778,-0.665,-0.3098
2014-05-06 00:00:00,175000.0,3.0,1.0,1010,7034.0,1.0,0,0,3,1010,0.0,1954,2005,207 NW 5th St,Renton,WA 98057,USA,60,1,-1.2069,-0.2146,-0.9606,-0.665,0.5639
2014-05-06 00:00:00,460000.0,2.0,2.25,1230,929.0,2.0,0,0,3,1020,210.0,2004,2003,100 24th Ave E,Seattle,WA 98112,USA,10,1,-0.967,-0.3848,-0.9486,-0.1958,-1.1163
2014-05-06 00:00:00,345000.0,4.0,2.5,2331,3826.0,2.0,0,0,3,2331,0.0,2007,0,11853 SE 176th Ct,Renton,WA 98058,USA,7,0,0.2338,-0.3041,0.6231,-0.665,-1.2171
2014-05-06 00:00:00,455000.0,5.0,2.5,2240,7770.0,1.0,0,0,3,1340,900.0,1978,0,12633 NE 133rd Pl,Kirkland,WA 98034,USA,36,0,0.1346,-0.1941,-0.565,1.3456,-0.2426
2014-05-06 00:00:00,610000.0,4.0,3.0,2450,10117.0,1.0,0,0,5,1580,870.0,1967,0,15607 SE 42nd Ct,Bellevue,WA 98006,USA,47,0,0.3636,-0.1286,-0.2772,1.2786,0.1271
2014-05-06 00:00:00,563000.0,4.0,3.0,3100,15480.0,2.0,0,0,3,2400,700.0,1996,0,7422 NE 163rd St,Kenmore,WA 98028,USA,18,0,1.0726,0.0209,0.7058,0.8988,-0.8474
2014-05-06 00:00:00,612500.0,4.0,2.0,2060,5000.0,1.0,0,0,3,1030,1030.0,1949,2013,1708 NW 96th St,Seattle,WA 98117,USA,65,1,-0.0617,-0.2713,-0.9366,1.6361,0.7319
2014-05-06 00:00:00,218000.0,3.0,1.75,1850,7684.0,1.0,0,0,3,1320,530.0,1979,2014,33945 28th Pl SW,Federal Way,WA 98023,USA,35,1,-0.2908,-0.1965,-0.5889,0.519,-0.2762
2014-05-06 00:00:00,404000.0,4.0,1.75,1840,10720.0,1.0,0,0,3,960,880.0,1958,2004,16020 SE 2nd St,Bellevue,WA 98008,USA,56,1,-0.3017,-0.1118,-1.0205,1.301,0.4295
2014-05-06 00:00:00,860000.0,4.0,2.0,3740,32417.0,2.0,0,0,3,3740,0.0,2000,0,24507 NE 77th Pl,Redmond,WA 98053,USA,14,0,1.7706,0.4931,2.3123,-0.665,-0.9818
2014-05-06 00:00:00,136500.0,3.0,1.5,1420,7663.0,1.0,0,0,3,1420,0.0,1962,2003,32827 22nd Ave SW,Federal Way,WA 98023,USA,52,1,-0.7598,-0.1971,-0.4691,-0.665,0.2951
2014-05-06 00:00:00,313950.0,3.0,1.0,1510,6083.0,1.0,0,0,4,860,650.0,1940,2001,415 NE 94th St,Seattle,WA 98115,USA,74,1,-0.6616,-0.2411,-1.1404,0.7871,1.0344
2014-05-06 00:00:00,575000.0,3.0,1.75,2130,6500.0,1.0,0,2,3,1170,960.0,1954,2005,2214 W Halladay St,Seattle,WA 98199,USA,60,1,0.0146,-0.2295,-0.7688,1.4797,0.5639
2014-05-06 00:00:00,1225000.0,4.0,2.25,3490,6906.0,2.0,0,0,4,2280,1210.0,1928,0,2560 39th Ave W,Seattle,WA 98199,USA,86,0,1.4979,-0.2182,0.562,2.0382,1.4376
2014-05-06 00:00:00,280000.0,3.0,1.75,1630,11800.0,1.0,0,0,4,1630,0.0,1971,0,12525 458th Ave SE,North Bend,WA 98045,USA,43,0,-0.5307,-0.0817,-0.2173,-0.665,-0.0073
2014-05-06 00:00:00,515000.0,3.0,2.5,1790,7167.0,2.0,0,0,3,1790,0.0,1989,0,920 221st Ave NE,Sammamish,WA 98074,USA,25,0,-0.3562,-0.2109,-0.0255,-0.665,-0.6122
2014-05-06 00:00:00,513000.0,4.0,2.5,2000,5684.0,2.0,0,0,3,2000,0.0,1996,0,9041 NE 160th Pl,Kenmore,WA 98028,USA,18,0,-0.1272,-0.2522,0.2263,-0.665,-0.8474
2014-05-06 00:00:00,599000.0,4.0,2.25,2260,29930.0,2.0,0,0,4,1400,860.0,1977,0,16022 SE 43rd St,Bellevue,WA 98006,USA,37,0,0.1564,0.4238,-0.493,1.2563,-0.209
2014-05-06 00:00:00,685000.0,4.0,2.5,3030,7864.0,2.0,0,0,3,3030,0.0,1999,0,24201 SE 1st Pl,Sammamish,WA 98074,USA,15,0,0.9962,-0.1915,1.4611,-0.665,-0.9482
2014-05-06 00:00:00,365000.0,3.0,1.5,1310,8160.0,1.0,0,0,3,1310,0.0,1950,2005,13714 Ashworth Ave N,Seattle,WA 98133,USA,64,1,-0.8797,-0.1832,-0.6009,-0.665,0.6983
2014-05-06 00:00:00,762300.0,4.0,2.5,3880,14550.0,2.0,0,0,3,3880,0.0,1987,2000,22344 NE 31st St,Sammamish,WA 98074,USA,27,1,1.9233,-0.005,2.4801,-0.665,-0.545
2014-05-06 00:00:00,1580000.0,4.0,3.25,3760,10920.0,1.5,0,0,5,2400,1360.0,1950,0,5650 NE 55th St,Seattle,WA 98105,USA,64,0,1.7924,-0.1063,0.7058,2.3733,0.6983
2014-05-06 00:00:00,562000.0,5.0,2.25,3040,8111.0,2.0,0,0,3,3040,0.0,1984,0,17649 NE 129th Pl,Redmond,WA 98052,USA,30,0,1.0071,-0.1846,1.4731,-0.665,-0.4442
2014-05-06 00:00:00,530000.0,5.0,2.25,2910,9636.0,1.0,0,0,4,1690,1220.0,1964,0,3250 165th Ave SE,Bellevue,WA 98008,USA,50,0,0.8653,-0.1421,-0.1454,2.0605,0.2279
2014-05-06 00:00:00,525000.0,3.0,2.5,2970,11985.0,1.0,0,0,3,1770,1200.0,1995,0,21603 NE 29th St,Sammamish,WA 98074,USA,19,0,0.9308,-0.0766,-0.0495,2.0159,-0.8138
2014-05-06 00:00:00,484000.0,2.0,1.75,1660,6000.0,1.0,0,0,3,1160,500.0,1942,1999,4711 University View Pl NE,Seattle,WA 98105,USA,72,1,-0.498,-0.2434,-0.7808,0.452,0.9672
2014-05-06 00:00:00,725126.0,4.0,2.5,3200,12369.0,2.0,0,0,3,3200,0.0,1998,2006,14707 SE 84th St,Newcastle,WA 98059,USA,16,1,1.1816,-0.0659,1.6649,-0.665,-0.9146
2014-05-06 00:00:00,360000.0,4.0,2.0,2680,18768.0,1.0,0,0,5,2680,0.0,1965,0,31607-31633 44th Ave S,Auburn,WA 98001,USA,49,0,0.6145,0.1126,1.0415,-0.665,0.1943
2014-05-06 00:00:00,387000.0,3.0,1.0,1230,9568.0,1.0,0,0,5,1230,0.0,1962,0,12116 SE 71st Pl,Newcastle,WA 98056,USA,52,0,-0.967,-0.144,-0.6968,-0.665,0.2951
2014-05-06 00:00:00,483500.0,4.0,2.5,2740,45732.0,2.0,0,0,3,2740,0.0,1995,0,15418 216th Ave NE,Woodinville,WA 98077,USA,19,0,0.6799,0.8644,1.1134,-0.665,-0.8138
2014-05-06 00:00:00,655500.0,4.0,3.5,3380,8330.0,2.0,0,0,3,3380,0.0,2000,0,1703 NW 200th Ln,Shoreline,WA 98177,USA,14,0,1.3779,-0.1785,1.8807,-0.665,-0.9818
2014-05-06 00:00:00,345000.0,3.0,1.0,1110,6250.0,1.0,0,0,3,1110,0.0,1956,2001,3230 NE 95th St,Seattle,WA 98115,USA,58,1,-1.0979,-0.2365,-0.8407,-0.665,0.4967
2014-05-06 00:00:00,533000.0,5.0,2.75,1800,3780.0,1.5,0,0,3,1400,400.0,1926,2003,7434 Winona Ave N,Seattle,WA 98103,USA,88,1,-0.3453,-0.3053,-0.493,0.2286,1.5048
2014-05-06 00:00:00,385000.0,3.0,1.75,1900,5520.0,1.0,0,0,3,1280,620.0,1982,0,5215 32nd Ave S,Seattle,WA 98118,USA,32,0,-0.2362,-0.2568,-0.6369,0.7201,-0.377
2014-05-06 00:00:00,675000.0,2.0,1.0,930,36478.0,1.0,0,2,3,930,0.0,1951,1994,4206 SE Newport Way,Bellevue,WA 98006,USA,63,1,-1.2942,0.6064,-1.0565,-0.665,0.6647
2014-05-06 00:00:00,197000.0,3.0,1.75,1690,7735.0,1.0,0,0,4,1060,630.0,1976,1992,30020 43rd Pl S,Auburn,WA 98001,USA,38,1,-0.4653,-0.1951,-0.9007,0.7425,-0.1754
2014-05-06 00:00:00,485000.0,3.0,2.0,1420,4080.0,1.5,0,0,3,1420,0.0,1905,2013,720 N 80th St,Seattle,WA 98103,USA,109,1,-0.7598,-0.297,-0.4691,-0.665,2.2105
2014-05-06 00:00:00,1870000.0,5.0,4.0,4510,15175.0,2.0,0,0,3,4510,0.0,1969,2002,8300 SE 82nd St,Mercer Island,WA 98040,USA,45,1,2.6104,0.0124,3.2354,-0.665,0.0599
2014-05-06 00:00:00,295000.0,3.0,2.25,1980,8000.0,1.0,0,0,4,1560,420.0,1974,0,31966 36th Ave SW,Federal Way,WA 98023,USA,40,0,-0.149,-0.1877,-0.3012,0.2733,-0.1082
2014-05-06 00:00:00,499000.0,2.0,1.75,1170,2400.0,1.0,0,0,4,740,430.0,1903,0,2112 N 50th St,Seattle,WA 98103,USA,111,0,-1.0324,-0.3438,-1.2843,0.2956,2.2777
2014-05-06 00:00:00,1050000.0,3.0,2.5,2200,1970.0,2.0,0,0,3,1610,590.0,2008,0,2516 Yale Ave E,Seattle,WA 98102,USA,6,0,0.091,-0.3558,-0.2413,0.6531,-1.2507
2014-05-06 00:00:00,191000.0,3.0,1.5,800,8850.0,1.0,0,0,4,800,0.0,1959,0,1003 SW 307th St,Federal Way,WA 98023,USA,55,0,-1.436,-0.164,-1.2124,-0.665,0.3959
2014-05-06 00:00:00,500000.0,3.0,2.5,1480,1171.0,3.0,0,0,3,1480,0.0,2006,0,135 25th Ave E,Seattle,WA 98112,USA,8,0,-0.6943,-0.3781,-0.3971,-0.665,-1.1835
2014-05-06 00:00:00,390000.0,5.0,3.75,2890,5000.0,1.0,0,0,3,1310,1580.0,2006,0,3665 Renton Ave S,Seattle,WA 98144,USA,8,0,0.8435,-0.2713,-0.6009,2.8648,-1.1835
2014-05-06 00:00:00,979000.0,3.0,2.5,2690,4047.0,3.0,0,0,3,2690,0.0,2014,0,7000 23rd Ave NW,Seattle,WA 98117,USA,0,0,0.6254,-0.2979,1.0535,-0.665,-1.4523
2014-05-06 00:00:00,580000.0,4.0,3.25,3569,8327.0,2.0,0,0,3,3569,0.0,2013,1923,710 S 23rd St,Renton,WA 98055,USA,1,1,1.5841,-0.1786,2.1073,-0.665,-1.4187
2014-05-06 00:00:00,369950.0,3.0,2.0,1270,1320.0,3.0,0,0,3,1270,0.0,2006,0,8846 Midvale Ave N,Seattle,WA 98103,USA,8,0,-0.9234,-0.3739,-0.6489,-0.665,-1.1835
2014-05-06 00:00:00,1800000.0,5.0,5.0,4490,10279.0,2.0,0,0,3,3930,560.0,2013,1923,1435 104th Ave SE,Bellevue,WA 98004,USA,1,1,2.5886,-0.1241,2.5401,0.5861,-1.4187
2014-05-06 00:00:00,776000.0,4.0,2.5,3040,6425.0,2.0,0,0,3,3040,0.0,2008,0,16775 NE 86th Ct,Redmond,WA 98052,USA,6,0,1.0071,-0.2316,1.4731,-0.665,-1.2507
2014-05-07 00:00:00,519950.0,3.0,2.25,1170,1249.0,3.0,0,0,3,1170,0.0,2014,0,1749 NW 60th St,Seattle,WA 98107,USA,0,0,-1.0324,-0.3759,-0.7688,-0.665,-1.4523
2014-05-07 00:00:00,255000.0,5.0,2.25,2060,8632.0,1.0,0,0,3,1030,1030.0,1962,2003,105 SW 129th St,Burien,WA 98146,USA,52,1,-0.0617,-0.1701,-0.9366,1.6361,0.2951
2014-05-07 00:00:00,495000.0,3.0,1.0,990,6000.0,1.0,0,0,3,990,0.0,1943,2002,5628 NE 59th St,Seattle,WA 98105,USA,71,1,-1.2287,-0.2434,-0.9846,-0.665,0.9336
2014-05-07 00:00:00,510000.0,4.0,2.5,2430,5203.0,2.0,0,0,3,2430,0.0,2003,0,1028 NE 153rd Ct,Shoreline,WA 98155,USA,11,0,0.3418,-0.2657,0.7418,-0.665,-1.0827
2014-05-07 00:00:00,1150000.0,4.0,4.0,4460,103382.0,2.0,0,0,3,4460,0.0,2001,0,25823 NE 30th Ct,Redmond,WA 98053,USA,13,0,2.5559,2.4718,3.1755,-0.665,-1.0154
2014-05-07 00:00:00,253000.0,3.0,1.75,1250,10122.0,1.0,0,0,3,1250,0.0,1994,0,25502 Kanasket Dr,Black Diamond,WA 98010,USA,20,0,-0.9452,-0.1285,-0.6729,-0.665,-0.7802
2014-05-07 00:00:00,503000.0,3.0,2.75,1540,6760.0,1.0,0,0,5,1210,330.0,1980,0,9626 NE 129th Pl,Kirkland,WA 98034,USA,34,0,-0.6289,-0.2222,-0.7208,0.0722,-0.3098
2014-05-07 00:00:00,275000.0,3.0,2.5,1600,7000.0,2.0,0,0,4,1600,0.0,1993,0,21326 SE 277th Pl,Maple Valley,WA 98038,USA,21,0,-0.5634,-0.2156,-0.2533,-0.665,-0.7466
2014-05-07 00:00:00,249000.0,3.0,1.0,1110,8423.0,1.0,0,0,3,1110,0.0,1952,2008,14613 6th Ave SW,Burien,WA 98166,USA,62,1,-1.0979,-0.1759,-0.8407,-0.665,0.6311
2014-05-07 00:00:00,310000.0,3.0,1.75,1840,10723.0,1.0,0,0,4,1220,620.0,1974,0,19313 140th Pl SE,Renton,WA 98058,USA,40,0,-0.3017,-0.1117,-0.7088,0.7201,-0.1082
2014-05-07 00:00:00,750000.0,3.0,2.75,2520,5401.0,1.0,0,0,4,1360,1160.0,1946,1989,2806 13th Ave W,Seattle,WA 98119,USA,68,1,0.44,-0.2601,-0.541,1.9265,0.8327
2014-05-07 00:00:00,630000.0,3.0,2.5,2680,327135.0,2.0,0,0,3,2680,0.0,1995,0,25339 SE 248th St,Ravensdale,WA 98051,USA,19,0,0.6145,8.7107,1.0415,-0.665,-0.8138
2014-05-07 00:00:00,599999.0,9.0,4.5,3830,6988.0,2.5,0,0,3,2450,1380.0,1938,2003,8809 Densmore Ave N,Seattle,WA 98103,USA,76,1,1.8687,-0.2159,0.7658,2.418,1.1016
2014-05-07 00:00:00,758000.0,4.0,2.75,2410,9549.0,1.0,0,0,4,1780,630.0,1956,0,10627 NE 45th St,Kirkland,WA 98033,USA,58,0,0.32,-0.1445,-0.0375,0.7425,0.4967
2014-05-07 00:00:00,248500.0,4.0,1.75,1720,10018.0,1.0,0,0,5,1720,0.0,1960,0,16635 SE 268th St,Covington,WA 98042,USA,54,0,-0.4326,-0.1314,-0.1094,-0.665,0.3623
2014-05-07 00:00:00,310000.0,3.0,1.75,2070,37904.0,1.0,0,0,4,1420,650.0,1973,0,19654 116th Ave SE,Kent,WA 98031,USA,41,0,-0.0508,0.6461,-0.4691,0.7871,-0.0746
2014-05-07 00:00:00,460000.0,3.0,2.0,1760,9055.0,2.0,0,0,4,1760,0.0,1985,0,5003 159th Ct NE,Redmond,WA 98052,USA,29,0,-0.3889,-0.1583,-0.0614,-0.665,-0.4778
2014-05-07 00:00:00,675000.0,3.0,1.75,1680,10500.0,1.0,0,0,4,1680,0.0,1959,0,4 128th Ave SE,Bellevue,WA 98005,USA,55,0,-0.4762,-0.118,-0.1574,-0.665,0.3959
2014-05-07 00:00:00,526000.0,2.0,2.0,1550,2400.0,1.5,0,0,4,1550,0.0,1900,1971,3845 Whitman Ave N,Seattle,WA 98103,USA,114,1,-0.618,-0.3438,-0.3132,-0.665,2.3785
2014-05-07 00:00:00,560000.0,3.0,3.0,4120,60392.0,2.0,0,2,3,3180,940.0,1994,0,32223 NE 88th St,Carnation,WA 98014,USA,20,0,2.185,1.2732,1.6409,1.435,-0.7802
2014-05-07 00:00:00,415000.0,4.0,3.0,1830,9548.0,2.0,0,0,3,1830,0.0,1991,0,15204 88th Ave NE,Bothell,WA 98028,USA,23,0,-0.3126,-0.1445,0.0225,-0.665,-0.6794
2014-05-07 00:00:00,246000.0,3.0,1.0,1400,7410.0,1.0,0,0,3,1400,0.0,1944,0,624 SW 137th St,Burien,WA 98166,USA,70,0,-0.7816,-0.2041,-0.493,-0.665,0.8999
2014-05-07 00:00:00,314500.0,3.0,1.75,1870,12381.0,1.0,0,0,4,1870,0.0,1957,2001,29645 10th Pl S,Federal Way,WA 98003,USA,57,1,-0.269,-0.0655,0.0704,-0.665,0.4631
2014-05-07 00:00:00,420000.0,2.0,1.5,1040,3500.0,1.5,0,0,4,1040,0.0,1904,0,1713 22nd Ave S,Seattle,WA 98144,USA,110,0,-1.1742,-0.3131,-0.9246,-0.665,2.2441
2014-05-07 00:00:00,535000.0,3.0,1.75,2720,149410.0,1.5,0,0,3,2720,0.0,1988,2000,33331 NE Lake Joy Rd,Carnation,WA 98014,USA,26,1,0.6581,3.7552,1.0895,-0.665,-0.5786
2014-05-07 00:00:00,350000.0,3.0,1.0,1010,9360.0,1.0,0,0,3,1010,0.0,1981,2013,9703 130th Ave NE,Kirkland,WA 98033,USA,33,1,-1.2069,-0.1498,-0.9606,-0.665,-0.3434
2014-05-07 00:00:00,515000.0,3.0,1.75,1580,9147.0,1.0,0,1,4,1210,370.0,1967,0,234 W Lake Sammamish Pkwy SE,Bellevue,WA 98008,USA,47,0,-0.5853,-0.1557,-0.7208,0.1616,0.1271
2014-05-07 00:00:00,749950.0,4.0,2.75,2600,6050.0,2.0,0,0,5,1960,640.0,1949,0,4140 53rd Ave SW,Seattle,WA 98116,USA,65,0,0.5272,-0.242,0.1783,0.7648,0.7319
2014-05-07 00:00:00,230000.0,3.0,2.5,1920,9180.0,2.0,0,0,3,1920,0.0,1988,2000,206 Oakesdale Ave SW,Renton,WA 98057,USA,26,1,-0.2144,-0.1548,0.1304,-0.665,-0.5786
2014-05-07 00:00:00,568000.0,3.0,2.0,2350,5080.0,1.5,0,0,3,1780,570.0,1929,0,5531 Seward Park Ave S,Seattle,WA 98118,USA,85,0,0.2546,-0.2691,-0.0375,0.6084,1.404
2014-05-07 00:00:00,250000.0,1.0,1.0,1100,4373.0,1.0,0,0,2,820,280.0,1947,0,232 SW 154th St,Burien,WA 98166,USA,67,0,-1.1088,-0.2888,-1.1884,-0.0395,0.7991
2014-05-07 00:00:00,581000.0,4.0,2.0,2510,13695.0,1.0,0,0,4,1280,1230.0,1961,2001,11105 126th Ave NE,Kirkland,WA 98033,USA,53,1,0.4291,-0.0289,-0.6369,2.0829,0.3287
2014-05-07 00:00:00,651000.0,3.0,2.5,3240,108366.0,2.0,0,0,4,3240,0.0,1991,0,18611 SE 307th Ln,Kent,WA 98042,USA,23,0,1.2252,2.6108,1.7129,-0.665,-0.6794
2014-05-07 00:00:00,600000.0,3.0,2.5,2460,108900.0,1.0,0,0,4,1860,600.0,1977,0,25525 SE 133rd St,Issaquah,WA 98027,USA,37,0,0.3745,2.6257,0.0584,0.6754,-0.209
2014-05-07 00:00:00,500000.0,2.0,1.0,1010,3885.0,1.5,0,0,4,1010,0.0,1906,1990,331 22nd Ave E,Seattle,WA 98112,USA,108,1,-1.2069,-0.3024,-0.9606,-0.665,2.1769
2014-05-07 00:00:00,475000.0,2.0,1.0,820,2723.0,1.0,0,0,3,820,0.0,1921,2000,4602 Woodlawn Ave N,Seattle,WA 98103,USA,93,1,-1.4142,-0.3348,-1.1884,-0.665,1.6728
2014-05-07 00:00:00,352000.0,5.0,2.5,2420,8560.0,1.0,0,2,3,1620,800.0,1978,0,3723 S Chicago St,Seattle,WA 98118,USA,36,0,0.3309,-0.1721,-0.2293,1.1222,-0.2426
2014-05-07 00:00:00,420000.0,3.0,2.25,1770,8165.0,2.0,0,0,3,1770,0.0,1977,2004,12921 79th Pl NE,Kirkland,WA 98034,USA,37,1,-0.378,-0.1831,-0.0495,-0.665,-0.209
2014-05-07 00:00:00,428000.0,2.0,2.0,1350,3900.0,1.0,0,0,3,1350,0.0,2003,0,232nd Way,Redmond,WA 98053,USA,11,0,-0.8361,-0.302,-0.553,-0.665,-1.0827
2014-05-07 00:00:00,599000.0,3.0,1.75,1960,4788.0,1.0,0,0,4,1090,870.0,1920,0,6253-6299 15th Ave NE,Seattle,WA 98115,USA,94,0,-0.1708,-0.2772,-0.8647,1.2786,1.7064
2014-05-07 00:00:00,492000.0,4.0,2.5,3305,16164.0,1.5,0,0,5,2245,1060.0,1922,1956,1718 N 175th St,Shoreline,WA 98133,USA,92,1,1.2961,0.04,0.52,1.7031,1.6392
2014-05-07 00:00:00,630000.0,2.0,2.25,2550,5663.0,1.0,0,0,3,1720,830.0,2011,0,1225 N 41st Pl,Renton,WA 98056,USA,3,0,0.4727,-0.2528,-0.1094,1.1893,-1.3515
2014-05-07 00:00:00,900000.0,5.0,3.75,4130,226076.0,2.0,0,0,3,3170,960.0,1985,0,12809-12907 206th Ave NE,Woodinville,WA 98077,USA,29,0,2.1959,5.8929,1.629,1.4797,-0.4778
2014-05-07 00:00:00,1110000.0,4.0,1.5,2310,13300.0,1.0,0,0,3,1890,420.0,1950,2005,9724 NE 14th St,Clyde Hill,WA 98004,USA,64,1,0.2109,-0.0399,0.0944,0.2733,0.6983
2014-05-07 00:00:00,575000.0,4.0,2.0,1650,5000.0,1.0,0,0,3,1650,0.0,1955,2005,6708 14th Ave NW,Seattle,WA 98117,USA,59,1,-0.5089,-0.2713,-0.1933,-0.665,0.5303
2014-05-07 00:00:00,705000.0,4.0,2.5,2650,4316.0,1.5,0,0,3,1520,1130.0,1905,2013,1902 45th Ave SW,Seattle,WA 98116,USA,109,1,0.5818,-0.2904,-0.3492,1.8595,2.2105
2014-05-07 00:00:00,940000.0,4.0,2.25,1890,5940.0,1.0,0,1,3,1470,420.0,1963,2008,1234 22nd Ave E,Seattle,WA 98112,USA,51,1,-0.2471,-0.2451,-0.4091,0.2733,0.2615
2014-05-07 00:00:00,313000.0,3.0,1.75,2190,8000.0,1.0,0,0,4,2190,0.0,1967,0,32631 39th Ave SW,Federal Way,WA 98023,USA,47,0,0.08,-0.1877,0.4541,-0.665,0.1271
2014-05-07 00:00:00,618080.0,3.0,2.5,2030,6500.0,2.0,0,0,3,2030,0.0,1988,2000,4421-4564 186th Ave SE,Issaquah,WA 98027,USA,26,1,-0.0945,-0.2295,0.2622,-0.665,-0.5786
2014-05-07 00:00:00,640000.0,3.0,3.0,2270,5175.0,2.0,0,0,3,2130,140.0,2002,0,1200 N 27th Pl,Renton,WA 98056,USA,12,0,0.1673,-0.2664,0.3821,-0.3522,-1.049
2014-05-07 00:00:00,485000.0,3.0,2.0,1610,4160.0,1.0,0,0,4,1010,600.0,1917,0,4313 SW Willow St,Seattle,WA 98136,USA,97,0,-0.5525,-0.2947,-0.9606,0.6754,1.8072
2014-05-07 00:00:00,300000.0,2.0,1.0,760,3001.0,1.0,0,0,3,760,0.0,1913,1983,1761 17th Ave S,Seattle,WA 98144,USA,101,1,-1.4796,-0.3271,-1.2603,-0.665,1.9417
2014-05-07 00:00:00,379500.0,2.0,1.0,1640,17335.0,1.0,0,0,3,840,800.0,1978,0,3301-3389 289th Ave NE,Redmond,WA 98053,USA,36,0,-0.5198,0.0726,-1.1644,1.1222,-0.2426
2014-05-07 00:00:00,339950.0,3.0,2.25,1630,12295.0,2.0,0,0,4,1630,0.0,1985,0,19501 135th Ave SE,Renton,WA 98058,USA,29,0,-0.5307,-0.0679,-0.2173,-0.665,-0.4778
2014-05-07 00:00:00,1500000.0,6.0,2.5,3560,6480.0,2.5,0,0,4,3560,0.0,1914,1945,903 22nd Ave E,Seattle,WA 98112,USA,100,1,1.5743,-0.2301,2.0965,-0.665,1.9081
2014-05-07 00:00:00,1340000.0,3.0,3.0,2960,5500.0,2.0,0,2,3,2440,520.0,1937,1990,3529 W Howe St,Seattle,WA 98199,USA,77,1,0.9199,-0.2574,0.7538,0.4967,1.1352
2014-05-07 00:00:00,500000.0,3.0,2.5,1940,37565.0,1.0,0,0,4,1940,0.0,1987,0,20821 SE 135th St,Issaquah,WA 98027,USA,27,0,-0.1926,0.6367,0.1543,-0.665,-0.545
2014-05-07 00:00:00,239900.0,3.0,2.0,1410,7566.0,1.0,0,0,3,1410,0.0,1985,0,11907 SE 261st Pl,Kent,WA 98030,USA,29,0,-0.7707,-0.1998,-0.4811,-0.665,-0.4778
2014-05-07 00:00:00,314950.0,3.0,1.0,1040,16986.0,1.0,0,0,4,1040,0.0,1968,0,18227 SE 135th St,Renton,WA 98059,USA,46,0,-1.1742,0.0629,-0.9246,-0.665,0.0935
2014-05-07 00:00:00,361280.0,2.0,1.0,820,6400.0,1.0,0,0,4,820,0.0,1944,0,5902 37th Ave SW,Seattle,WA 98126,USA,70,0,-1.4142,-0.2323,-1.1884,-0.665,0.8999
2014-05-07 00:00:00,100000.0,2.0,1.0,910,22000.0,1.0,0,0,3,910,0.0,1956,2001,138 Seattle Blvd S,Algona,WA 98001,USA,58,1,-1.316,0.2027,-1.0805,-0.665,0.4967
2014-05-07 00:00:00,540000.0,7.0,5.75,3700,7647.0,2.0,0,1,3,3700,0.0,1948,1984,15007-15299 37th Ave NE,Lake Forest Park,WA 98155,USA,66,1,1.7269,-0.1975,2.2644,-0.665,0.7655
2014-05-07 00:00:00,480500.0,4.0,2.5,2180,11200.0,1.0,0,0,4,2180,0.0,1968,0,18911 NE 165th Pl,Woodinville,WA 98072,USA,46,0,0.0691,-0.0984,0.4421,-0.665,0.0935
2014-05-07 00:00:00,280000.0,3.0,2.5,1600,4271.0,2.0,0,0,3,1600,0.0,2000,0,5146 S 303rd Pl,Auburn,WA 98001,USA,14,0,-0.5634,-0.2916,-0.2533,-0.665,-0.9818
2014-05-07 00:00:00,440000.0,3.0,1.75,1500,6180.0,1.0,0,0,4,1060,440.0,1947,1988,3827 39th Ave S,Seattle,WA 98118,USA,67,1,-0.6725,-0.2384,-0.9007,0.318,0.7991
2014-05-07 00:00:00,530000.0,3.0,1.0,1340,4284.0,1.0,0,0,3,1080,260.0,1910,2006,4703-4707 4th Ave NE,Seattle,WA 98105,USA,104,1,-0.847,-0.2913,-0.8767,-0.0841,2.0425
2014-05-07 00:00:00,560000.0,3.0,2.0,1860,13374.0,1.0,0,0,3,1860,0.0,1985,0,1010 NW Inneswood Dr,Issaquah,WA 98027,USA,29,0,-0.2799,-0.0378,0.0584,-0.665,-0.4778
2014-05-07 00:00:00,775000.0,3.0,2.0,2540,7200.0,1.5,0,3,4,1600,940.0,1905,0,517 32nd Ave S,Seattle,WA 98144,USA,109,0,0.4618,-0.21,-0.2533,1.435,2.2105
2014-05-07 00:00:00,160000.0,2.0,1.0,1040,13100.0,1.0,0,0,5,1040,0.0,1912,0,733 1st Ave N,Kent,WA 98032,USA,102,0,-1.1742,-0.0455,-0.9246,-0.665,1.9753
2014-05-07 00:00:00,209950.0,3.0,1.5,1380,11130.0,1.0,0,0,3,1380,0.0,1960,2012,32016 8th Ave S,Federal Way,WA 98003,USA,54,1,-0.8034,-0.1004,-0.517,-0.665,0.3623
2014-05-07 00:00:00,226500.0,3.0,1.75,1640,10762.0,1.0,0,0,3,1130,510.0,1988,2000,27000-27080 201st Ave SE,Covington,WA 98042,USA,26,1,-0.5198,-0.1107,-0.8167,0.4744,-0.5786
2014-05-07 00:00:00,380000.0,5.0,1.75,3000,6000.0,1.0,0,0,5,1500,1500.0,1958,0,8514 S 124th St,Seattle,WA 98178,USA,56,0,0.9635,-0.2434,-0.3732,2.6861,0.4295
2014-05-07 00:00:00,409500.0,4.0,2.75,2140,13000.0,1.0,0,0,3,1320,820.0,1968,1997,19302 65th Pl NE,Kenmore,WA 98028,USA,46,1,0.0255,-0.0483,-0.5889,1.1669,0.0935
2014-05-07 00:00:00,690000.0,3.0,2.0,1760,6428.0,1.0,0,0,4,980,780.0,1942,1982,2145 Condon Way W,Seattle,WA 98199,USA,72,1,-0.3889,-0.2315,-0.9966,1.0776,0.9672
2014-05-07 00:00:00,405000.0,3.0,2.25,1660,8307.0,1.0,0,0,4,1660,0.0,1961,2001,605 N 178th St,Shoreline,WA 98133,USA,53,1,-0.498,-0.1791,-0.1813,-0.665,0.3287
2014-05-07 00:00:00,375000.0,3.0,2.5,1830,13042.0,2.0,0,0,3,1830,0.0,1990,2009,25408 Lake Wilderness Country Club Dr SE,Maple Valley,WA 98038,USA,24,1,-0.3126,-0.0471,0.0225,-0.665,-0.6458
2014-05-07 00:00:00,794154.0,4.0,2.25,2210,8556.0,1.0,0,1,4,1210,1000.0,1954,1979,3235 30th Ave W,Seattle,WA 98199,USA,60,1,0.1019,-0.1722,-0.7208,1.569,0.5639
2014-05-07 00:00:00,185000.0,4.0,1.0,1490,6600.0,1.0,0,0,3,1490,0.0,1969,2010,13248 Occidental Ave S,Burien,WA 98168,USA,45,1,-0.6834,-0.2267,-0.3851,-0.665,0.0599
2014-05-07 00:00:00,245000.0,3.0,1.5,1260,1270.0,2.0,0,0,3,1040,220.0,2005,0,11304 Corliss Ave N,Seattle,WA 98133,USA,9,0,-0.9343,-0.3753,-0.9246,-0.1735,-1.1499
2014-05-07 00:00:00,1532500.0,5.0,4.5,4270,8076.0,2.0,0,0,3,3400,0.0,2007,0,11017 101st Pl NE,Kirkland,WA 98033,USA,7,0,2.3486,-0.1856,1.9047,-0.665,-1.2171
2014-05-07 00:00:00,1040000.0,4.0,3.5,3900,8391.0,2.0,0,0,3,3900,0.0,2006,0,10908 101st Pl NE,Kirkland,WA 98033,USA,8,0,1.9451,-0.1768,2.5041,-0.665,-1.1835
2014-05-07 00:00:00,425000.0,2.0,2.5,1150,1027.0,3.0,0,0,3,1150,0.0,2008,0,3631 Greenwood Ave N,Seattle,WA 98103,USA,6,0,-1.0542,-0.3821,-0.7928,-0.665,-1.2507
2014-05-07 00:00:00,495000.0,4.0,2.75,2656,21195.0,2.0,0,0,3,2656,0.0,2014,0,31898 50th Pl S,Auburn,WA 98001,USA,0,0,0.5883,0.1802,1.0127,-0.665,-1.4523
2014-05-07 00:00:00,365000.0,5.0,2.75,2410,5003.0,1.0,0,0,3,1410,1000.0,2008,0,7956 46th Ave S,Seattle,WA 98118,USA,6,0,0.32,-0.2712,-0.4811,1.569,-1.2507
2014-05-07 00:00:00,417250.0,3.0,2.25,1606,1452.0,3.0,0,0,3,1606,0.0,2009,0,12303 Sand Point Way NE,Seattle,WA 98125,USA,5,0,-0.5569,-0.3702,-0.2461,-0.665,-1.2843
2014-05-07 00:00:00,339950.0,2.0,1.0,820,681.0,3.0,0,0,3,820,0.0,2006,0,513 N 46th St,Seattle,WA 98103,USA,8,0,-1.4142,-0.3917,-1.1884,-0.665,-1.1835
2014-05-08 00:00:00,615000.0,2.0,1.0,1540,6872.0,1.0,0,0,4,820,720.0,1946,1989,2814 13th Ave W,Seattle,WA 98119,USA,68,1,-0.6289,-0.2191,-1.1884,0.9435,0.8327
2014-05-08 00:00:00,403000.0,3.0,2.75,2090,8354.0,2.0,0,0,3,2090,0.0,2012,1912,27930 NE 147th Pl,Duvall,WA 98019,USA,2,1,-0.029,-0.1778,0.3342,-0.665,-1.3851
2014-05-08 00:00:00,980000.0,5.0,2.5,3160,11470.0,1.0,0,0,4,1780,1380.0,1971,0,7401 92nd Pl SE,Mercer Island,WA 98040,USA,43,0,1.138,-0.0909,-0.0375,2.418,-0.0073
2014-05-08 00:00:00,258000.0,4.0,1.75,1730,8320.0,1.0,0,0,3,1230,500.0,1977,2004,30633 21st Ave SW,Federal Way,WA 98023,USA,37,1,-0.4217,-0.1788,-0.6968,0.452,-0.209
2014-05-08 00:00:00,533000.0,3.0,1.0,1670,4080.0,1.0,0,0,3,1170,500.0,1967,2011,544 NE 84th St,Seattle,WA 98115,USA,47,1,-0.4871,-0.297,-0.7688,0.452,0.1271
2014-05-08 00:00:00,537500.0,4.0,2.5,2550,4630.0,2.0,0,0,3,2550,0.0,2005,0,1825 251st Pl SE,Sammamish,WA 98075,USA,9,0,0.4727,-0.2816,0.8857,-0.665,-1.1499
2014-05-08 00:00:00,830000.0,5.0,3.0,3040,9601.0,1.0,0,0,5,1970,1070.0,1968,0,5200-5298 90th Ave SE,Mercer Island,WA 98040,USA,46,0,1.0071,-0.143,0.1903,1.7254,0.0935
2014-05-08 00:00:00,712000.0,3.0,1.0,1250,4620.0,1.5,0,0,4,1150,100.0,1900,1971,3612 Interlake Ave N,Seattle,WA 98103,USA,114,1,-0.9452,-0.2819,-0.7928,-0.4416,2.3785
2014-05-08 00:00:00,262000.0,4.0,2.5,2020,6236.0,2.0,0,0,3,2020,0.0,2002,0,434 Pullman Ave,Algona,WA 98001,USA,12,0,-0.1054,-0.2369,0.2503,-0.665,-1.049
2014-05-08 00:00:00,753888.0,4.0,2.5,2660,5500.0,2.0,0,2,3,2660,0.0,2003,0,1669 28th Ave NE,Issaquah,WA 98029,USA,11,0,0.5927,-0.2574,1.0175,-0.665,-1.0827
2014-05-08 00:00:00,134000.0,2.0,1.5,980,5000.0,2.0,0,0,3,980,0.0,1922,2003,235 Thelma St,Skykomish,WA 98288,USA,92,1,-1.2397,-0.2713,-0.9966,-0.665,1.6392
2014-05-08 00:00:00,402000.0,3.0,2.5,1960,8000.0,1.0,0,0,4,1290,670.0,1977,0,12207 NE 139th Pl,Kirkland,WA 98034,USA,37,0,-0.1708,-0.1877,-0.6249,0.8318,-0.209
2014-05-08 00:00:00,205000.0,2.0,1.0,720,5040.0,1.0,0,0,3,720,0.0,1955,2005,8448 Delridge Way SW,Seattle,WA 98106,USA,59,1,-1.5232,-0.2702,-1.3083,-0.665,0.5303
2014-05-08 00:00:00,553650.0,2.0,2.5,1360,1349.0,2.0,0,0,3,1050,310.0,1997,0,624 Lake Washington Blvd E,Seattle,WA 98112,USA,17,0,-0.8252,-0.3731,-0.9126,0.0276,-0.881
2014-05-08 00:00:00,559950.0,2.0,2.0,1870,4950.0,1.0,0,0,3,1870,0.0,2006,0,23733 NE Salal Pl,Redmond,WA 98053,USA,8,0,-0.269,-0.2727,0.0704,-0.665,-1.1835
2014-05-08 00:00:00,260000.0,4.0,1.5,2130,8800.0,1.0,0,0,3,1100,1030.0,1962,2003,24345 35th Pl S,Kent,WA 98032,USA,52,1,0.0146,-0.1654,-0.8527,1.6361,0.2951
2014-05-08 00:00:00,270000.0,4.0,2.5,1810,6509.0,2.0,0,0,3,1810,0.0,1994,0,14816 SE 278th St,Kent,WA 98042,USA,20,0,-0.3344,-0.2292,-0.0015,-0.665,-0.7802
2014-05-08 00:00:00,295000.0,2.0,1.75,2200,89298.0,1.0,0,0,3,1100,1100.0,1973,2013,27469-27501 SE 154th Pl,Issaquah,WA 98027,USA,41,1,0.091,2.0791,-0.8527,1.7925,-0.0746
2014-05-08 00:00:00,719000.0,3.0,2.5,1690,4500.0,1.5,0,1,4,1690,0.0,1928,0,4022 SW Walker St,Seattle,WA 98116,USA,86,0,-0.4653,-0.2853,-0.1454,-0.665,1.4376
2014-05-08 00:00:00,266000.0,3.0,2.5,1940,8547.0,1.0,0,0,3,1460,480.0,1989,0,28123 123rd Pl SE,Kent,WA 98030,USA,25,0,-0.1926,-0.1724,-0.4211,0.4073,-0.6122
2014-05-08 00:00:00,325900.0,4.0,2.5,2320,6270.0,2.0,0,0,3,2320,0.0,2004,2003,15020 SE 281st St,Kent,WA 98042,USA,10,1,0.2218,-0.2359,0.6099,-0.665,-1.1163
2014-05-08 00:00:00,647500.0,4.0,1.75,2060,26036.0,1.0,0,0,4,1160,900.0,1947,1988,17622 12th Ave SW,Normandy Park,WA 98166,USA,67,1,-0.0617,0.3152,-0.7808,1.3456,0.7991
2014-05-08 00:00:00,1039000.0,4.0,1.0,3410,5000.0,2.0,0,0,5,2190,1220.0,1910,0,2509 33rd Ave S,Seattle,WA 98144,USA,104,0,1.4107,-0.2713,0.4541,2.0605,2.0425
2014-05-08 00:00:00,569000.0,4.0,2.25,2250,41688.0,2.0,0,0,3,2250,0.0,1980,0,7304 217th Pl NE,Redmond,WA 98053,USA,34,0,0.1455,0.7516,0.526,-0.665,-0.3098
2014-05-08 00:00:00,246000.0,3.0,1.75,1390,7399.0,1.0,0,0,4,1390,0.0,1975,0,11921 SE 205th St,Kent,WA 98031,USA,39,0,-0.7925,-0.2044,-0.505,-0.665,-0.1418
2014-05-08 00:00:00,515000.0,2.0,1.0,1060,4960.0,1.0,0,0,3,1060,0.0,1926,2003,8230 Corliss Ave N,Seattle,WA 98103,USA,88,1,-1.1524,-0.2724,-0.9007,-0.665,1.5048
2014-05-08 00:00:00,207000.0,3.0,1.0,1490,8995.0,1.0,0,0,4,1490,0.0,1954,1979,12612 23rd Ave S,Seattle,WA 98168,USA,60,1,-0.6834,-0.1599,-0.3851,-0.665,0.5639
2014-05-08 00:00:00,780000.0,4.0,1.75,2480,9195.0,1.0,0,0,3,1390,1090.0,1950,2005,3002 109th Ave SE,Bellevue,WA 98004,USA,64,1,0.3963,-0.1544,-0.505,1.7701,0.6983
2014-05-08 00:00:00,489990.0,5.0,2.25,2440,20828.0,1.5,0,0,4,2440,0.0,1975,0,13711 SE 251 Pl,Kent,WA 98042,USA,39,0,0.3527,0.17,0.7538,-0.665,-0.1418
2014-05-08 00:00:00,335000.0,3.0,1.5,2240,87625.0,1.5,0,0,2,1480,760.0,1980,0,18748 SE 330th St,Auburn,WA 98092,USA,34,0,0.1346,2.0325,-0.3971,1.0329,-0.3098
2014-05-08 00:00:00,295000.0,3.0,2.5,1920,7229.0,2.0,0,0,3,1920,0.0,1993,0,1914 S 375th St,Federal Way,WA 98003,USA,21,0,-0.2144,-0.2092,0.1304,-0.665,-0.7466
2014-05-08 00:00:00,385000.0,3.0,1.75,1890,9920.0,1.0,0,0,3,1230,660.0,1944,0,14317 22nd Ave NE,Seattle,WA 98125,USA,70,0,-0.2471,-0.1341,-0.6968,0.8095,0.8999
2014-05-08 00:00:00,350000.0,4.0,1.75,2250,13515.0,1.0,0,0,4,2150,100.0,1940,2001,468 Scenic Way,Kent,WA 98030,USA,74,1,0.1455,-0.0339,0.4061,-0.4416,1.0344
2014-05-08 00:00:00,235000.0,2.0,1.0,1270,3008.0,1.0,0,0,4,650,0.0,1923,0,4305 S Webster St,Seattle,WA 98118,USA,91,0,-0.9234,-0.3269,-1.3922,-0.665,1.6056
2014-05-08 00:00:00,358000.0,2.0,1.5,960,1808.0,2.0,0,0,3,960,0.0,1993,0,1816 26th Ave,Seattle,WA 98122,USA,21,0,-1.2615,-0.3603,-1.0205,-0.665,-0.7466
2014-05-08 00:00:00,716500.0,4.0,2.5,3290,6465.0,2.0,0,0,3,3290,0.0,2002,0,1031 272nd Pl SE,Sammamish,WA 98075,USA,12,0,1.2798,-0.2305,1.7728,-0.665,-1.049
2014-05-08 00:00:00,228000.0,4.0,1.75,2000,6120.0,1.0,0,0,3,1100,900.0,1965,1993,5933 S Eastwood Dr,Seattle,WA 98178,USA,49,1,-0.1272,-0.2401,-0.8527,1.3456,0.1943
2014-05-08 00:00:00,405000.0,2.0,1.0,1020,8155.0,1.0,0,0,4,1020,0.0,1948,0,13221 3rd Ave NW,Seattle,WA 98177,USA,66,0,-1.196,-0.1834,-0.9486,-0.665,0.7655
2014-05-08 00:00:00,538000.0,4.0,1.75,1840,9600.0,1.0,0,0,3,1220,620.0,1967,2011,5524 161st Pl NE,Redmond,WA 98052,USA,47,1,-0.3017,-0.1431,-0.7088,0.7201,0.1271
2014-05-08 00:00:00,530000.0,3.0,1.75,1980,6760.0,1.0,0,0,4,1980,0.0,1973,0,3220 170th Ave NE,Bellevue,WA 98008,USA,41,0,-0.149,-0.2222,0.2023,-0.665,-0.0746
2014-05-08 00:00:00,1750000.0,6.0,3.0,3510,5760.0,2.5,0,0,4,3510,0.0,1906,1990,806 15th Ave E,Seattle,WA 98112,USA,108,1,1.5197,-0.2501,2.0366,-0.665,2.1769
2014-05-08 00:00:00,636000.0,2.0,1.75,1230,3600.0,1.5,0,0,5,1230,0.0,1925,0,2561 3rd Ave W,Seattle,WA 98119,USA,89,0,-0.967,-0.3104,-0.6968,-0.665,1.5384
2014-05-08 00:00:00,535000.0,4.0,2.5,2280,65836.0,2.0,0,0,3,2280,0.0,2004,2003,13812 196th Ave NE,Woodinville,WA 98077,USA,10,1,0.1782,1.4249,0.562,-0.665,-1.1163
2014-05-08 00:00:00,1500000.0,3.0,1.75,2430,7663.0,1.0,0,2,4,1340,1090.0,1952,0,9842 Vineyard Crest,Bellevue,WA 98004,USA,62,0,0.3418,-0.1971,-0.565,1.7701,0.6311
2014-05-08 00:00:00,868500.0,3.0,2.5,2920,3942.0,3.0,0,0,3,2920,0.0,2008,0,1012 N 42nd Pl,Renton,WA 98056,USA,6,0,0.8762,-0.3008,1.3292,-0.665,-1.2507
2014-05-08 00:00:00,530000.0,4.0,2.75,2280,2850.0,1.5,0,0,4,1540,740.0,1930,0,8013 20th Ave NE,Seattle,WA 98115,USA,84,0,0.1782,-0.3313,-0.3252,0.9882,1.3704
2014-05-08 00:00:00,450000.0,3.0,2.0,1510,43560.0,1.0,0,0,3,1510,0.0,1954,2005,13611 Bear Creek Rd NE,Woodinville,WA 98077,USA,60,1,-0.6616,0.8038,-0.3612,-0.665,0.5639
2014-05-08 00:00:00,230000.0,3.0,1.75,950,6000.0,1.0,0,0,3,790,160.0,1939,1969,1237 S Sullivan St,Seattle,WA 98108,USA,75,1,-1.2724,-0.2434,-1.2243,-0.3076,1.068
2014-05-08 00:00:00,229000.0,3.0,2.5,1190,3000.0,2.0,0,0,3,1190,0.0,2002,0,12227 47th Ave S,Tukwila,WA 98178,USA,12,0,-1.0106,-0.3271,-0.7448,-0.665,-1.049
2014-05-08 00:00:00,437000.0,3.0,1.75,1310,9282.0,1.0,0,0,4,1310,0.0,1976,1992,17128 NE 92nd St,Redmond,WA 98052,USA,38,1,-0.8797,-0.1519,-0.6009,-0.665,-0.1754
2014-05-08 00:00:00,1307000.0,5.0,3.25,2800,3200.0,1.5,0,0,5,1910,890.0,1932,2002,365 Halladay St,Seattle,WA 98109,USA,82,1,0.7454,-0.3215,0.1184,1.3233,1.3032
2014-05-08 00:00:00,595000.0,3.0,2.5,1750,3354.0,2.0,0,0,4,1750,0.0,1991,0,10621 NE 107th Pl,Kirkland,WA 98033,USA,23,0,-0.3998,-0.3172,-0.0734,-0.665,-0.6794
2014-05-08 00:00:00,660000.0,3.0,1.75,1320,5750.0,1.5,0,0,5,1320,0.0,1918,0,2121 46th Ave SW,Seattle,WA 98116,USA,96,0,-0.8688,-0.2504,-0.5889,-0.665,1.7736
2014-05-08 00:00:00,347500.0,4.0,2.5,2460,7350.0,2.0,0,0,3,2460,0.0,1989,0,32817 10th Pl SW,Federal Way,WA 98023,USA,25,0,0.3745,-0.2058,0.7778,-0.665,-0.6122
2014-05-08 00:00:00,297950.0,3.0,2.25,1240,10800.0,1.0,0,0,3,1240,0.0,1967,2010,17109 139th Pl SE,Renton,WA 98058,USA,47,1,-0.9561,-0.1096,-0.6849,-0.665,0.1271
2014-05-08 00:00:00,245000.0,3.0,1.5,1260,7964.0,1.0,0,0,4,1260,0.0,1955,2009,168 S 192nd Pl,Des Moines,WA 98148,USA,59,1,-0.9343,-0.1887,-0.6609,-0.665,0.5303
2014-05-08 00:00:00,543200.0,6.0,2.25,2820,15600.0,1.5,0,2,5,1970,850.0,1940,0,15451 22nd Ave SW,Burien,WA 98166,USA,74,0,0.7672,0.0242,0.1903,1.2339,1.0344
2014-05-08 00:00:00,1250000.0,4.0,3.25,3820,24166.0,2.0,0,1,4,3310,510.0,1990,0,8565 E Mercer Way,Mercer Island,WA 98040,USA,24,0,1.8578,0.2631,1.7968,0.4744,-0.6458
2014-05-08 00:00:00,413450.0,3.0,2.5,1540,1614.0,3.0,0,0,3,1470,70.0,2008,0,9202A Interlake Ave N,Seattle,WA 98103,USA,6,0,-0.6289,-0.3657,-0.4091,-0.5086,-1.2507
2014-05-08 00:00:00,330000.0,2.0,2.0,1550,435600.0,1.5,0,0,2,1550,0.0,1972,0,36521 SE 94th St,Snoqualmie,WA 98065,USA,42,0,-0.618,11.7349,-0.3132,-0.665,-0.0409
2014-05-08 00:00:00,424500.0,3.0,1.75,1460,7700.0,1.0,0,0,3,1460,0.0,1979,2014,15917 NE 109th Way,Redmond,WA 98052,USA,35,1,-0.7161,-0.196,-0.4211,-0.665,-0.2762
2014-05-08 00:00:00,230000.0,3.0,1.0,1390,16000.0,1.0,0,0,4,1390,0.0,1960,2001,322 9th Ave N,Algona,WA 98001,USA,54,1,-0.7925,0.0354,-0.505,-0.665,0.3623
2014-05-08 00:00:00,930000.0,3.0,3.25,2640,4080.0,2.0,0,0,3,1840,800.0,1912,2000,4714 Thackeray Pl NE,Seattle,WA 98105,USA,102,1,0.5708,-0.297,0.0345,1.1222,1.9753
2014-05-08 00:00:00,349000.0,3.0,1.75,1590,9620.0,1.0,0,0,3,1590,0.0,1988,2000,4924 SE 2nd Pl,Renton,WA 98059,USA,26,1,-0.5743,-0.1425,-0.2653,-0.665,-0.5786
2014-05-08 00:00:00,835000.0,4.0,2.0,1910,6960.0,1.5,0,0,5,1910,0.0,1941,0,744 N 83rd St,Seattle,WA 98103,USA,73,0,-0.2253,-0.2167,0.1184,-0.665,1.0008
2014-05-08 00:00:00,988500.0,3.0,2.75,2015,16807.0,2.0,1,4,3,2015,0.0,2007,0,2973-3563 SW 172nd St,Burien,WA 98166,USA,7,0,-0.1108,0.0579,0.2443,-0.665,-1.2171
2014-05-08 00:00:00,500000.0,3.0,1.75,1410,1197.0,3.0,0,0,3,1410,0.0,2012,1912,4010 Linden Ave N,Seattle,WA 98103,USA,2,1,-0.7707,-0.3774,-0.4811,-0.665,-1.3851
2014-05-08 00:00:00,499000.0,2.0,1.5,1110,957.0,2.0,0,0,3,930,180.0,2005,0,1417 4th Ave W,Seattle,WA 98119,USA,9,0,-1.0979,-0.3841,-1.0565,-0.2629,-1.1499
2014-05-08 00:00:00,321950.0,2.0,1.25,860,1277.0,2.0,0,0,3,860,0.0,2007,0,2113 15th Ave S,Seattle,WA 98144,USA,7,0,-1.3705,-0.3751,-1.1404,-0.665,-1.2171
2014-05-08 00:00:00,494000.0,3.0,2.25,2310,7663.0,2.0,0,0,3,2310,0.0,2011,0,7630 Todd Pl,Kenmore,WA 98028,USA,3,0,0.2109,-0.1971,0.5979,-0.665,-1.3515
2014-05-08 00:00:00,441750.0,2.0,1.5,1020,1060.0,3.0,0,0,3,1020,0.0,2008,0,743 N 71st St,Seattle,WA 98103,USA,6,0,-1.196,-0.3812,-0.9486,-0.665,-1.2507
2014-05-08 00:00:00,438000.0,2.0,1.0,980,1179.0,2.0,0,0,3,980,0.0,2010,0,2050 14th Ave W,Seattle,WA 98119,USA,4,0,-1.2397,-0.3779,-0.9966,-0.665,-1.3179
2014-05-09 00:00:00,985000.0,4.0,2.25,4230,37769.0,2.0,0,0,3,4230,0.0,1989,0,19505 NE 143rd St,Woodinville,WA 98077,USA,25,0,2.305,0.6424,2.8998,-0.665,-0.6122
2014-05-09 00:00:00,352000.0,3.0,2.25,1640,11050.0,1.0,0,0,4,1640,0.0,1972,0,14513-14521 164th Pl SE,Renton,WA 98059,USA,42,0,-0.5198,-0.1026,-0.2053,-0.665,-0.0409
2014-05-09 00:00:00,839900.0,4.0,3.5,3810,13592.0,1.0,0,1,3,2560,1250.0,2013,1923,2411 Meadow Ave N,Renton,WA 98056,USA,1,1,1.8469,-0.0318,0.8976,2.1276,-1.4187
2014-05-09 00:00:00,765000.0,4.0,2.75,2790,10819.0,2.0,0,0,3,2790,0.0,1996,0,19490 SE 57th Pl,Issaquah,WA 98027,USA,18,0,0.7344,-0.1091,1.1734,-0.665,-0.8474
2014-05-09 00:00:00,460000.0,4.0,1.75,1750,5500.0,1.5,0,0,5,1050,700.0,1926,0,7021 24th Ave NW,Seattle,WA 98117,USA,88,0,-0.3998,-0.2574,-0.9126,0.8988,1.5048
2014-05-09 00:00:00,224500.0,4.0,1.0,1430,8355.0,1.5,0,0,4,1430,0.0,1983,0,31714 125th Pl SE,Auburn,WA 98092,USA,31,0,-0.7489,-0.1778,-0.4571,-0.665,-0.4106
2014-05-09 00:00:00,254000.0,3.0,2.5,1850,4597.0,2.0,0,0,3,1850,0.0,2003,0,15407 SE 252nd Pl,Covington,WA 98042,USA,11,0,-0.2908,-0.2826,0.0464,-0.665,-1.0827
2014-05-09 00:00:00,255000.0,2.0,1.0,960,28717.0,1.0,0,0,4,960,0.0,1984,0,29805-29821 129th Pl SW,Vashon,WA 98070,USA,30,0,-1.2615,0.39,-1.0205,-0.665,-0.4442
2014-05-09 00:00:00,610000.0,3.0,3.0,2480,7663.0,1.0,0,0,4,1620,860.0,1976,1992,19707 NE 181st St,Woodinville,WA 98077,USA,38,1,0.3963,-0.1971,-0.2293,1.2563,-0.1754
2014-05-09 00:00:00,920000.0,4.0,3.0,3750,11025.0,2.0,0,0,3,3750,0.0,1976,0,3005 211th Ave NE,Sammamish,WA 98074,USA,38,0,1.7815,-0.1033,2.3243,-0.665,-0.1754
2014-05-09 00:00:00,402500.0,4.0,2.5,2600,11951.0,2.0,0,0,3,2600,0.0,1988,2000,33134 3rd Ct SW,Federal Way,WA 98023,USA,26,1,0.5272,-0.0775,0.9456,-0.665,-0.5786
2014-05-09 00:00:00,280950.0,3.0,1.75,1390,8700.0,1.0,0,3,4,840,550.0,1912,1989,629-899 Cedar Ave S,Renton,WA 98057,USA,102,1,-0.7925,-0.1682,-1.1644,0.5637,1.9753
2014-05-09 00:00:00,604000.0,4.0,2.5,2260,7753.0,2.0,0,0,3,2260,0.0,1989,0,3809 260th Ave SE,Issaquah,WA 98029,USA,25,0,0.1564,-0.1946,0.538,-0.665,-0.6122
2014-05-09 00:00:00,565000.0,4.0,2.25,2470,7447.0,2.0,0,0,3,2470,0.0,1984,0,4205 NE 169th Ct,Lake Forest Park,WA 98155,USA,30,0,0.3854,-0.2031,0.7897,-0.665,-0.4442
2014-05-09 00:00:00,255000.0,2.0,1.0,810,7980.0,1.0,0,0,1,810,0.0,1928,0,12727 2nd Ave SW,Seattle,WA 98146,USA,86,0,-1.4251,-0.1882,-1.2004,-0.665,1.4376
2014-05-09 00:00:00,445000.0,4.0,2.0,1650,6000.0,1.0,0,0,5,1000,650.0,1959,0,2211 20th Ave S,Seattle,WA 98144,USA,55,0,-0.5089,-0.2434,-0.9726,0.7871,0.3959
2014-05-09 00:00:00,2400000.0,3.0,2.25,3000,11665.0,1.5,1,4,3,3000,0.0,2001,0,East Lake Sammamish Trail,Sammamish,WA 98075,USA,13,0,0.9635,-0.0855,1.4251,-0.665,-1.0154
2014-05-09 00:00:00,195000.0,2.0,1.0,720,18000.0,1.0,0,0,3,720,0.0,1950,2005,10614 57th Ave S,Seattle,WA 98178,USA,64,1,-1.5232,0.0912,-1.3083,-0.665,0.6983
2014-05-09 00:00:00,275000.0,3.0,1.5,1390,48257.0,1.0,0,0,3,1390,0.0,1922,2013,4609-4699 Preston-Fall City Rd SE,Fall City,WA 98024,USA,92,1,-0.7925,0.9348,-0.505,-0.665,1.6392
2014-05-09 00:00:00,387000.0,3.0,2.25,1445,1606.0,2.0,0,0,3,1300,145.0,2003,0,206-458 Lingering Pine Dr NW,Issaquah,WA 98027,USA,11,0,-0.7325,-0.366,-0.6129,-0.3411,-1.0827
2014-05-09 00:00:00,490000.0,2.0,1.0,1840,3300.0,1.5,0,0,4,1130,710.0,1910,0,6255 4th Ave NW,Seattle,WA 98107,USA,104,0,-0.3017,-0.3187,-0.8167,0.9212,2.0425
2014-05-09 00:00:00,505000.0,3.0,2.5,2100,5824.0,2.0,0,2,3,2100,0.0,1999,0,7418 Dogwood Ln SE,Snoqualmie,WA 98065,USA,15,0,-0.0181,-0.2483,0.3462,-0.665,-0.9482
2014-05-09 00:00:00,303500.0,3.0,1.5,1060,10464.0,1.0,0,0,4,1060,0.0,1973,0,14320 84th Ave NE,Kirkland,WA 98034,USA,41,0,-1.1524,-0.119,-0.9007,-0.665,-0.0746
2014-05-09 00:00:00,270000.0,3.0,1.5,1500,6337.0,1.0,0,0,5,1500,0.0,1953,0,13532 15th Pl NE,Seattle,WA 98125,USA,61,0,-0.6725,-0.234,-0.3732,-0.665,0.5975
2014-05-09 00:00:00,323000.0,4.0,2.75,1970,7213.0,1.0,0,0,3,1170,800.0,1977,2004,17814 161st Ave SE,Renton,WA 98058,USA,37,1,-0.1599,-0.2096,-0.7688,1.1222,-0.209
2014-05-09 00:00:00,382000.0,3.0,3.25,1410,1253.0,3.0,0,0,3,1410,0.0,2005,0,9507 Ashworth Ave N,Seattle,WA 98103,USA,9,0,-0.7707,-0.3758,-0.4811,-0.665,-1.1499
2014-05-09 00:00:00,1370000.0,4.0,2.75,3720,9450.0,1.0,0,4,5,1960,1760.0,1962,0,13615 Somerset Ln SE,Bellevue,WA 98006,USA,52,0,1.7488,-0.1472,0.1783,3.2669,0.2951
2014-05-09 00:00:00,280000.0,4.0,2.0,2190,14439.0,1.0,0,0,4,1180,1010.0,1977,0,3331 S 368th Pl,Auburn,WA 98001,USA,37,0,0.08,-0.0081,-0.7568,1.5914,-0.209
2014-05-09 00:00:00,260000.0,3.0,2.0,1920,8075.0,1.0,0,0,4,1510,410.0,1969,0,32704 33rd Ave SW,Federal Way,WA 98023,USA,45,0,-0.2144,-0.1856,-0.3612,0.251,0.0599
2014-05-09 00:00:00,201500.0,3.0,1.0,1160,8320.0,1.0,0,0,4,1160,0.0,1959,0,24345 35th Pl S,Kent,WA 98032,USA,55,0,-1.0433,-0.1788,-0.7808,-0.665,0.3959
2014-05-09 00:00:00,1157200.0,4.0,4.25,5860,52889.0,2.0,0,0,4,4910,0.0,1996,0,13905 184th Ave NE,Woodinville,WA 98072,USA,18,0,4.0828,1.0639,3.715,-0.665,-0.8474
2014-05-09 00:00:00,536500.0,4.0,1.75,2000,4000.0,1.5,0,0,5,1450,550.0,1926,0,4127 Fauntleroy Way SW,Seattle,WA 98126,USA,88,0,-0.1272,-0.2992,-0.4331,0.5637,1.5048
2014-05-09 00:00:00,248000.0,4.0,3.0,2163,5883.0,2.0,0,0,3,2163,0.0,2006,0,429 Milwaukee Blvd S,Algona,WA 98001,USA,8,0,0.0506,-0.2467,0.4217,-0.665,-1.1835
2014-05-09 00:00:00,532000.0,5.0,3.0,3480,57499.0,1.0,0,0,4,2340,1140.0,1976,1992,23801 SE 162nd St,Issaquah,WA 98027,USA,38,1,1.487,1.1925,0.6339,1.8818,-0.1754
2014-05-09 00:00:00,580000.0,4.0,2.5,2840,6268.0,2.0,0,0,3,2840,0.0,1998,2006,15217 80th Ave NE,Kenmore,WA 98028,USA,16,1,0.789,-0.236,1.2333,-0.665,-0.9146
2014-05-09 00:00:00,463000.0,2.0,1.0,1150,4400.0,1.0,0,0,4,1150,0.0,1905,0,401 31st Ave E,Seattle,WA 98112,USA,109,0,-1.0542,-0.2881,-0.7928,-0.665,2.2105
2014-05-09 00:00:00,742500.0,4.0,2.75,3100,3773.0,2.0,0,0,3,2000,1100.0,1919,1996,1614 32nd Ave,Seattle,WA 98122,USA,95,1,1.0726,-0.3055,0.2263,1.7925,1.74
2014-05-09 00:00:00,260000.0,3.0,2.5,1420,14850.0,1.0,0,0,4,1020,0.0,1963,0,3319 S 262nd St,Kent,WA 98032,USA,51,0,-0.7598,0.0033,-0.9486,-0.665,0.2615
2014-05-09 00:00:00,590000.0,4.0,2.25,2430,32496.0,1.0,0,0,3,2430,0.0,1993,0,18616 215th Way NE,Woodinville,WA 98077,USA,21,0,0.3418,0.4953,0.7418,-0.665,-0.7466
2014-05-09 00:00:00,312000.0,4.0,2.25,1930,7452.0,1.0,0,0,3,1430,500.0,1984,0,21423 114th Pl SE,Kent,WA 98031,USA,30,0,-0.2035,-0.203,-0.4571,0.452,-0.4442
2014-05-09 00:00:00,566000.0,3.0,2.25,1660,10140.0,1.0,0,0,4,1370,290.0,1980,0,9828 159th Pl NE,Redmond,WA 98052,USA,34,0,-0.498,-0.128,-0.529,-0.0171,-0.3098
2014-05-09 00:00:00,511555.0,3.0,2.0,1400,7293.0,1.0,0,0,4,1400,0.0,1963,0,2655 166th Ave SE,Bellevue,WA 98008,USA,51,0,-0.7816,-0.2074,-0.493,-0.665,0.2615
2014-05-09 00:00:00,583000.0,4.0,2.5,2660,4000.0,2.0,0,0,3,2660,0.0,2001,0,9921 227th Way NE,Redmond,WA 98053,USA,13,0,0.5927,-0.2992,1.0175,-0.665,-1.0154
2014-05-09 00:00:00,290000.0,4.0,2.5,2000,13300.0,1.0,0,0,4,1200,800.0,1968,0,3026 S Star Lake Rd,Auburn,WA 98001,USA,46,0,-0.1272,-0.0399,-0.7328,1.1222,0.0935
2014-05-09 00:00:00,311100.0,4.0,2.25,2130,7663.0,1.0,0,0,4,1380,750.0,1977,0,3502 Morris Ave S,Renton,WA 98055,USA,37,0,0.0146,-0.1971,-0.517,1.0105,-0.209
2014-05-09 00:00:00,325000.0,3.0,2.25,1352,1694.0,3.0,0,0,3,1352,0.0,2007,0,1211 NE 135th St,Seattle,WA 98125,USA,7,0,-0.8339,-0.3635,-0.5506,-0.665,-1.2171
2014-05-09 00:00:00,491300.0,3.0,1.75,1750,11340.0,1.0,0,1,4,1300,450.0,1987,0,400-498 211th Pl NE,Sammamish,WA 98074,USA,27,0,-0.3998,-0.0945,-0.6129,0.3403,-0.545
2014-05-09 00:00:00,315000.0,5.0,1.75,2320,8100.0,1.0,0,0,4,1160,1160.0,1956,0,439 SW 156th St,Burien,WA 98166,USA,58,0,0.2218,-0.1849,-0.7808,1.9265,0.4967
2014-05-09 00:00:00,360000.0,2.0,1.0,1420,81892.0,1.0,0,0,3,1180,240.0,1956,2001,18730-18798 109 Ln SE,Renton,WA 98055,USA,58,1,-0.7598,1.8726,-0.7568,-0.1288,0.4967
2014-05-09 00:00:00,330000.0,4.0,2.5,1940,7663.0,2.0,0,0,3,1940,0.0,2003,0,16828 166th Pl SE,Renton,WA 98058,USA,11,0,-0.1926,-0.1971,0.1543,-0.665,-1.0827
2014-05-09 00:00:00,481450.0,3.0,2.0,1410,4800.0,1.0,0,0,3,1410,0.0,1940,1996,7701 16th Ave NW,Seattle,WA 98117,USA,74,1,-0.7707,-0.2769,-0.4811,-0.665,1.0344
2014-05-09 00:00:00,234950.0,3.0,1.0,1360,9948.0,1.0,0,0,3,1360,0.0,1977,2004,21612 SE 290th Ct,Black Diamond,WA 98010,USA,37,1,-0.8252,-0.1334,-0.541,-0.665,-0.209
2014-05-09 00:00:00,251000.0,3.0,1.75,1220,7250.0,1.0,0,0,3,1220,0.0,1962,2003,445 Meadow Dr SE,North Bend,WA 98045,USA,52,1,-0.9779,-0.2086,-0.7088,-0.665,0.2951
2014-05-09 00:00:00,782000.0,4.0,2.5,2830,20345.0,2.0,0,0,3,1980,850.0,1979,2014,11110 NE 38th Pl,Bellevue,WA 98004,USA,35,1,0.7781,0.1565,0.2023,1.2339,-0.2762
2014-05-09 00:00:00,833000.0,4.0,2.75,3780,10308.0,2.0,0,0,3,3780,0.0,1999,0,26621 SE 22nd Way,Sammamish,WA 98075,USA,15,0,1.8142,-0.1233,2.3603,-0.665,-0.9482
2014-05-09 00:00:00,542500.0,4.0,2.5,2330,14289.0,2.0,0,0,4,2330,0.0,1978,2000,2084-2104 144th Ave SE,Bellevue,WA 98007,USA,36,1,0.2327,-0.0123,0.6219,-0.665,-0.2426
2014-05-09 00:00:00,851000.0,3.0,2.5,3560,107290.0,2.0,0,0,3,3560,0.0,1987,2000,21630-21648 NE 67th St,Redmond,WA 98053,USA,27,1,1.5743,2.5808,2.0965,-0.665,-0.545
2014-05-09 00:00:00,325000.0,4.0,1.5,1470,70800.0,1.0,0,0,3,1470,0.0,1976,0,29606 SE 286 St,Ravensdale,WA 98051,USA,38,0,-0.7052,1.5634,-0.4091,-0.665,-0.1754
2014-05-09 00:00:00,415000.0,4.0,2.25,3060,48787.0,2.0,0,0,3,3060,0.0,1992,0,31701-31799 SE 291st St,Ravensdale,WA 98051,USA,22,0,1.0289,0.9496,1.4971,-0.665,-0.713
2014-05-09 00:00:00,252500.0,3.0,1.0,1030,6127.0,1.0,0,0,3,880,150.0,1947,2012,819 NE 125th St,Seattle,WA 98125,USA,67,1,-1.1851,-0.2399,-1.1165,-0.3299,0.7991
2014-05-09 00:00:00,465000.0,4.0,2.5,1930,9653.0,1.0,0,0,4,1930,0.0,1968,0,29612 2nd Ave SW,Federal Way,WA 98023,USA,46,0,-0.2035,-0.1416,0.1424,-0.665,0.0935
2014-05-09 00:00:00,336900.0,3.0,1.75,1780,120661.0,1.0,0,0,4,1780,0.0,1979,0,33030 NE 201st St,Duvall,WA 98019,USA,35,0,-0.3671,2.9536,-0.0375,-0.665,-0.2762
2014-05-09 00:00:00,225000.0,3.0,2.5,2000,9202.0,2.0,0,0,4,2000,0.0,1992,0,21227 SE 278th Way,Maple Valley,WA 98038,USA,22,0,-0.1272,-0.1542,0.2263,-0.665,-0.713
2014-05-09 00:00:00,270000.0,3.0,2.0,1690,9583.0,1.0,0,0,4,1690,0.0,1969,0,108-150 Union Ave SE,Renton,WA 98059,USA,45,0,-0.4653,-0.1435,-0.1454,-0.665,0.0599
2014-05-09 00:00:00,1702500.0,5.0,4.5,5190,23716.0,2.0,0,2,3,3390,1800.0,1987,2000,8608 N Mercer Way,Mercer Island,WA 98040,USA,27,1,3.352,0.2505,1.8927,3.3563,-0.545
2014-05-09 00:00:00,536000.0,3.0,1.75,1300,5413.0,1.5,0,0,3,1300,0.0,1925,1992,9610 8th Ave NE,Seattle,WA 98115,USA,89,1,-0.8906,-0.2598,-0.6129,-0.665,1.5384
2014-05-09 00:00:00,585000.0,4.0,3.25,2400,29252.0,2.0,0,0,4,2400,0.0,1982,2011,15610 NE 159th St,Woodinville,WA 98072,USA,32,1,0.3091,0.4049,0.7058,-0.665,-0.377
2014-05-09 00:00:00,445000.0,2.0,2.0,1150,6634.0,1.0,0,0,3,860,290.0,1940,1996,1721 NE 98th St,Seattle,WA 98115,USA,74,1,-1.0542,-0.2258,-1.1404,-0.0171,1.0344
2014-05-09 00:00:00,320000.0,4.0,2.25,2310,7490.0,2.0,0,0,3,2310,0.0,1980,0,11131 SE 183rd Pl,Renton,WA 98055,USA,34,0,0.2109,-0.2019,0.5979,-0.665,-0.3098
2014-05-09 00:00:00,769900.0,4.0,3.5,2730,3047.0,2.0,0,0,3,2400,330.0,2006,0,2653 46th Ave SW,Seattle,WA 98116,USA,8,0,0.669,-0.3258,0.7058,0.0722,-1.1835
2014-05-09 00:00:00,557000.0,4.0,2.5,2840,4500.0,2.0,0,0,3,2840,0.0,2012,1912,19226 76th Pl NE,Kenmore,WA 98028,USA,2,1,0.789,-0.2853,1.2333,-0.665,-1.3851
2014-05-09 00:00:00,212000.0,2.0,1.5,1020,1525.0,2.0,0,0,3,1020,0.0,2004,2003,10312 Linden Ave N,Seattle,WA 98133,USA,10,1,-1.196,-0.3682,-0.9486,-0.665,-1.1163
2014-05-09 00:00:00,376000.0,3.0,2.0,1340,1384.0,3.0,0,0,3,1340,0.0,2008,0,9245-9249 Fremont Ave N,Seattle,WA 98103,USA,6,0,-0.847,-0.3721,-0.565,-0.665,-1.2507
2014-05-09 00:00:00,800000.0,4.0,3.25,3540,159430.0,2.0,0,0,3,3540,0.0,2007,0,33001 NE 24th St,Carnation,WA 98014,USA,7,0,1.5524,4.0346,2.0725,-0.665,-1.2171
2014-05-09 00:00:00,2238888.0,5.0,6.5,7270,130017.0,2.0,0,0,3,6420,850.0,2010,0,7070 270th Pl SE,Issaquah,WA 98029,USA,4,0,5.6206,3.2145,5.5253,1.2339,-1.3179
2014-05-09 00:00:00,324000.0,3.0,2.25,998,904.0,2.0,0,0,3,798,200.0,2007,0,820 NW 95th St,Seattle,WA 98117,USA,7,0,-1.22,-0.3855,-1.2148,-0.2182,-1.2171
2014-05-10 00:00:00,549900.0,5.0,2.75,3060,7015.0,1.0,0,0,5,1600,1460.0,1979,0,10834 31st Ave SW,Seattle,WA 98146,USA,35,0,1.0289,-0.2151,-0.2533,2.5967,-0.2762
2014-05-10 00:00:00,320000.0,3.0,2.5,2130,6969.0,2.0,0,0,3,2130,0.0,2003,0,Cedar to Green River Trail,Maple Valley,WA 98038,USA,11,0,0.0146,-0.2164,0.3821,-0.665,-1.0827
2014-05-10 00:00:00,875000.0,4.0,2.0,2520,6000.0,1.0,0,0,3,1400,1120.0,1921,2007,6521 Fremont Ave N,Seattle,WA 98103,USA,93,1,0.44,-0.2434,-0.493,1.8371,1.6728
2014-05-10 00:00:00,265000.0,4.0,1.0,1940,9533.0,1.0,0,0,3,1080,860.0,1962,2003,9908 S 210th Pl,Kent,WA 98031,USA,52,1,-0.1926,-0.1449,-0.8767,1.2563,0.2951
2014-05-10 00:00:00,394950.0,3.0,2.5,1350,1250.0,3.0,0,0,3,1270,80.0,2006,0,5940 California Ave SW,Seattle,WA 98136,USA,8,0,-0.8361,-0.3759,-0.6489,-0.4863,-1.1835
2014-05-11 00:00:00,842500.0,4.0,2.5,2160,5298.0,2.5,0,0,4,2160,0.0,1902,0,906 17th Ave,Seattle,WA 98122,USA,112,0,0.0473,-0.263,0.4181,-0.665,2.3113
2014-05-11 00:00:00,368000.0,3.0,2.5,1370,1350.0,2.0,0,0,3,1010,360.0,2007,0,5411 Fauntleroy Way SW,Seattle,WA 98136,USA,7,0,-0.8143,-0.3731,-0.9606,0.1393,-1.2171
2014-05-12 00:00:00,1225000.0,4.0,4.5,5420,101930.0,1.0,0,0,3,3890,1530.0,2001,0,25005 NE Patterson Way,Redmond,WA 98053,USA,13,0,3.6029,2.4313,2.4921,2.7531,-1.0154
2014-05-12 00:00:00,885000.0,4.0,2.5,2830,5000.0,2.0,0,0,3,2830,0.0,1995,0,3503 NE 43rd St,Seattle,WA 98105,USA,19,0,0.7781,-0.2713,1.2213,-0.665,-0.8138
2014-05-12 00:00:00,453246.0,3.0,2.5,2010,7663.0,2.0,0,0,3,1390,620.0,2014,0,2500 Mulberry Walk NE,Issaquah,WA 98029,USA,0,0,-0.1163,-0.1971,-0.505,0.7201,-1.4523
2014-05-12 00:00:00,927000.0,4.0,2.75,3300,12090.0,2.0,0,0,3,3300,0.0,1953,0,9155 NE 21st Pl,Clyde Hill,WA 98004,USA,61,0,1.2907,-0.0736,1.7848,-0.665,0.5975
2014-05-12 00:00:00,490000.0,2.0,2.5,1230,1391.0,2.0,0,0,3,870,360.0,2004,2003,106 24th Ave E,Seattle,WA 98112,USA,10,1,-0.967,-0.372,-1.1284,0.1393,-1.1163
2014-05-12 00:00:00,341000.0,3.0,1.5,1720,7119.0,1.5,0,0,4,1720,0.0,1952,0,17050 14th Avenue Northeast,Shoreline,WA 98155,USA,62,0,-0.4326,-0.2122,-0.1094,-0.665,0.6311
2014-05-12 00:00:00,235000.0,1.0,1.0,810,2451.0,1.0,0,0,5,810,0.0,1941,0,9413 34th Ave SW,Seattle,WA 98126,USA,73,0,-1.4251,-0.3424,-1.2004,-0.665,1.0008
2014-05-12 00:00:00,1200000.0,3.0,1.75,1560,8078.0,1.5,1,4,4,1560,0.0,1928,0,3603 W Mercer Way,Mercer Island,WA 98040,USA,86,0,-0.6071,-0.1855,-0.3012,-0.665,1.4376
2014-05-12 00:00:00,560000.0,3.0,2.0,2560,216777.0,1.0,0,0,3,2560,0.0,1986,0,19211 SE 342nd St,Auburn,WA 98092,USA,28,0,0.4836,5.6336,0.8976,-0.665,-0.5114
2014-05-12 00:00:00,900000.0,4.0,3.25,4700,38412.0,2.0,0,0,3,3420,1280.0,1978,0,3709 131st Ave NE,Bellevue,WA 98005,USA,36,0,2.8176,0.6603,1.9287,2.1946,-0.2426
2014-05-12 00:00:00,255000.0,2.0,1.0,1220,2500.0,1.0,0,0,3,770,450.0,1910,2006,3017 SW Hinds St,Seattle,WA 98126,USA,104,1,-0.9779,-0.341,-1.2483,0.3403,2.0425
2014-05-12 00:00:00,1575000.0,5.0,2.75,3650,20150.0,1.0,0,0,4,2360,1290.0,1975,0,1216 86th Ave NE,Bellevue,WA 98004,USA,39,0,1.6724,0.1511,0.6579,2.2169,-0.1418
2014-05-12 00:00:00,876650.0,3.0,3.25,2170,12508.0,1.5,0,0,5,1650,520.0,1928,1970,4436-4446 W Mercer Way,Mercer Island,WA 98040,USA,86,1,0.0582,-0.062,-0.1933,0.4967,1.4376
2014-05-12 00:00:00,540000.0,4.0,2.25,2540,228254.0,1.0,0,0,3,1450,1090.0,1990,2009,31907 NE 139th St,Duvall,WA 98019,USA,24,1,0.4618,5.9536,-0.4331,1.7701,-0.6458
2014-05-12 00:00:00,350000.0,2.0,1.0,910,4500.0,1.5,0,0,4,910,0.0,1906,1990,4430 Letitia Ave S,Seattle,WA 98118,USA,108,1,-1.316,-0.2853,-1.0805,-0.665,2.1769
2014-05-12 00:00:00,750000.0,4.0,2.5,2980,4930.0,2.0,0,0,3,2890,90.0,2000,0,16512 SE 64th Pl,Bellevue,WA 98006,USA,14,0,0.9417,-0.2733,1.2933,-0.4639,-0.9818
2014-05-12 00:00:00,582000.0,4.0,1.75,2120,4650.0,1.0,0,1,3,1190,930.0,1951,1994,9214 Cyrus Ave NW,Seattle,WA 98117,USA,63,1,0.0037,-0.2811,-0.7448,1.4127,0.6647
2014-05-12 00:00:00,1315000.0,4.0,3.5,3460,3997.0,2.0,0,0,3,2560,900.0,2004,2003,2346 N 59th St,Seattle,WA 98103,USA,10,1,1.4652,-0.2993,0.8976,1.3456,-1.1163
2014-05-12 00:00:00,372500.0,5.0,3.0,2480,10090.0,1.0,0,0,3,1300,1180.0,2004,2003,5537 S 119th St,Seattle,WA 98178,USA,10,1,0.3963,-0.1294,-0.6129,1.9712,-1.1163
2014-05-12 00:00:00,410000.0,3.0,2.25,2200,16921.0,2.0,0,0,3,2200,0.0,1987,2000,21709 SE 255th Pl,Maple Valley,WA 98038,USA,27,1,0.091,0.0611,0.4661,-0.665,-0.545
2014-05-12 00:00:00,360000.0,4.0,2.0,1730,5500.0,1.0,0,0,5,1010,720.0,1943,0,7953 14th Ave SW,Seattle,WA 98106,USA,71,0,-0.4217,-0.2574,-0.9606,0.9435,0.9336
2014-05-12 00:00:00,1015000.0,3.0,2.5,2920,34527.0,1.0,0,4,4,1800,1120.0,1954,1983,5220 SW Pritchard St,Seattle,WA 98116,USA,60,1,0.8762,0.552,-0.0135,1.8371,0.5639
2014-05-12 00:00:00,225000.0,3.0,1.0,990,8012.0,1.0,0,0,4,990,0.0,1966,0,16411 120th Ave SE,Renton,WA 98058,USA,48,0,-1.2287,-0.1873,-0.9846,-0.665,0.1607
2014-05-12 00:00:00,647000.0,4.0,2.5,3040,6887.0,2.0,0,0,3,3040,0.0,1999,0,215 243rd Ave SE,Sammamish,WA 98074,USA,15,0,1.0071,-0.2187,1.4731,-0.665,-0.9482
2014-05-12 00:00:00,950000.0,5.0,3.0,4530,258746.0,1.5,0,0,4,3200,1330.0,2003,0,20325 NE 198th St,Woodinville,WA 98077,USA,11,0,2.6322,6.8038,1.6649,2.3063,-1.0827
2014-05-12 00:00:00,185000.0,3.0,1.5,1370,8470.0,1.0,0,0,4,1370,0.0,1961,2001,2420 Dogwood St SE,Auburn,WA 98092,USA,53,1,-0.8143,-0.1746,-0.529,-0.665,0.3287
2014-05-12 00:00:00,335000.0,3.0,2.5,1940,4927.0,2.0,0,0,3,1940,0.0,2004,2003,17217 Woodside Dr SE,Renton,WA 98058,USA,10,1,-0.1926,-0.2734,0.1543,-0.665,-1.1163
2014-05-12 00:00:00,210000.0,3.0,2.5,1040,2643.0,2.0,0,0,3,720,320.0,2004,2003,5145 S Roxbury St,Seattle,WA 98118,USA,10,1,-1.1742,-0.337,-1.3083,0.0499,-1.1163
2014-05-12 00:00:00,522000.0,4.0,2.25,1800,8623.0,1.0,0,0,4,1360,440.0,1980,0,11725 NE 102nd Pl,Kirkland,WA 98033,USA,34,0,-0.3453,-0.1703,-0.541,0.318,-0.3098
2014-05-12 00:00:00,770000.0,3.0,1.75,1720,5000.0,1.0,0,0,3,1720,0.0,1954,2014,1614 33rd Ave,Seattle,WA 98122,USA,60,1,-0.4326,-0.2713,-0.1094,-0.665,0.5639
2014-05-12 00:00:00,499950.0,3.0,1.0,980,6380.0,1.0,0,0,3,760,220.0,1941,1994,1733 NE 88th St,Seattle,WA 98115,USA,73,1,-1.2397,-0.2328,-1.2603,-0.1735,1.0008
2014-05-12 00:00:00,751000.0,4.0,2.5,3110,6142.0,2.0,0,0,3,3110,0.0,2004,2003,11461-11577 172nd Ave NE,Redmond,WA 98052,USA,10,1,1.0835,-0.2395,1.557,-0.665,-1.1163
2014-05-12 00:00:00,330000.0,5.0,3.0,2100,7715.0,1.0,0,0,3,1250,850.0,2013,1923,1047-1099 S 130th St,Burien,WA 98168,USA,1,1,-0.0181,-0.1956,-0.6729,1.2339,-1.4187
2014-05-12 00:00:00,465000.0,3.0,1.5,2020,11358.0,1.0,0,0,4,1190,830.0,1956,0,11618 NE 65th St,Kirkland,WA 98033,USA,58,0,-0.1054,-0.094,-0.7448,1.1893,0.4967
2014-05-12 00:00:00,850000.0,4.0,1.75,2350,11914.0,1.0,0,0,4,2350,0.0,1961,2001,8223 SE 71st St,Mercer Island,WA 98040,USA,53,1,0.2546,-0.0785,0.6459,-0.665,0.3287
2014-05-12 00:00:00,947500.0,4.0,2.25,3290,12329.0,1.5,0,0,4,3290,0.0,1968,0,9202 SE 46th St,Mercer Island,WA 98040,USA,46,0,1.2798,-0.067,1.7728,-0.665,0.0935
2014-05-12 00:00:00,302000.0,5.0,2.25,2180,7813.0,2.0,0,0,3,2180,0.0,1986,0,26405 218th Ave SE,Maple Valley,WA 98038,USA,28,0,0.0691,-0.1929,0.4421,-0.665,-0.5114
2014-05-12 00:00:00,500000.0,2.0,2.25,1290,1334.0,3.0,0,0,3,1290,0.0,2007,0,5900 20th Ave NW,Seattle,WA 98107,USA,7,0,-0.9015,-0.3735,-0.6249,-0.665,-1.2171
2014-05-12 00:00:00,201000.0,3.0,1.0,1460,9750.0,1.0,0,0,4,1460,0.0,1969,0,30928 148th Ave SE,Kent,WA 98042,USA,45,0,-0.7161,-0.1389,-0.4211,-0.665,0.0599
2014-05-12 00:00:00,265000.0,2.0,1.0,1290,2828.0,2.0,0,0,3,1290,0.0,2008,0,23549 NE 111th St,Redmond,WA 98053,USA,6,0,-0.9015,-0.3319,-0.6249,-0.665,-1.2507
2014-05-12 00:00:00,870300.0,4.0,2.5,2350,3150.0,1.5,0,0,4,1690,660.0,1910,0,4410 Burke Ave N,Seattle,WA 98103,USA,104,0,0.2546,-0.3229,-0.1454,0.8095,2.0425
2014-05-12 00:00:00,339000.0,3.0,1.0,1080,8100.0,1.0,0,0,4,1080,0.0,1955,2009,20248 20th Ave NE,Shoreline,WA 98155,USA,59,1,-1.1306,-0.1849,-0.8767,-0.665,0.5303
2014-05-12 00:00:00,690000.0,4.0,2.5,2670,13463.0,2.0,0,0,4,2670,0.0,1989,0,24127 SE 45th Pl,Issaquah,WA 98029,USA,25,0,0.6036,-0.0354,1.0295,-0.665,-0.6122
2014-05-12 00:00:00,788000.0,4.0,3.25,3680,5759.0,2.0,0,0,3,2840,840.0,2003,0,570 Wilderness Peak Dr NW,Issaquah,WA 98027,USA,11,0,1.7051,-0.2502,1.2333,1.2116,-1.0827
2014-05-12 00:00:00,315275.0,3.0,1.75,1440,8040.0,1.0,0,0,3,960,480.0,1951,1994,11521 22nd Ave NE,Seattle,WA 98125,USA,63,1,-0.7379,-0.1866,-1.0205,0.4073,0.6647
2014-05-12 00:00:00,505000.0,4.0,1.75,1940,4800.0,1.0,0,0,5,1030,910.0,1922,1956,414 14th Ave,Seattle,WA 98122,USA,92,1,-0.1926,-0.2769,-0.9366,1.368,1.6392
2014-05-12 00:00:00,368000.0,3.0,1.0,1280,9898.0,1.0,0,0,3,1280,0.0,1968,1997,13222 NE 193rd Pl,Woodinville,WA 98072,USA,46,1,-0.9125,-0.1348,-0.6369,-0.665,0.0935
2014-05-12 00:00:00,947500.0,3.0,2.75,2980,27144.0,1.5,1,2,5,2180,800.0,1917,0,Indian Trail,Burien,WA 98166,USA,97,0,0.9417,0.3461,0.4421,1.1222,1.8072
2014-05-12 00:00:00,156000.0,3.0,1.0,970,8580.0,1.0,0,0,3,970,0.0,1959,1989,29621 18th Ave S,Federal Way,WA 98003,USA,55,1,-1.2506,-0.1715,-1.0086,-0.665,0.3959
2014-05-12 00:00:00,610000.0,4.0,3.0,2110,5000.0,1.5,0,2,4,1640,470.0,1930,0,9319 45th Ave SW,Seattle,WA 98136,USA,84,0,-0.0072,-0.2713,-0.2053,0.385,1.3704
2014-05-12 00:00:00,420000.0,2.0,2.5,1480,1369.0,3.0,0,0,3,1480,0.0,2009,0,8107 165th Ave NE,Redmond,WA 98052,USA,5,0,-0.6943,-0.3726,-0.3971,-0.665,-1.2843
2014-05-12 00:00:00,192000.0,2.0,1.0,700,10540.0,1.0,0,0,3,700,0.0,1953,0,124 SW 185th St,Normandy Park,WA 98166,USA,61,0,-1.545,-0.1169,-1.3322,-0.665,0.5975
2014-05-12 00:00:00,910000.0,3.0,2.0,2700,6120.0,1.0,0,0,4,1350,1350.0,1962,0,124 NE 61st St,Seattle,WA 98115,USA,52,0,0.6363,-0.2401,-0.553,2.351,0.2951
2014-05-12 00:00:00,1300000.0,4.0,3.25,2330,9687.0,2.0,0,3,3,2330,0.0,1918,0,731 McGilvra Blvd E,Seattle,WA 98112,USA,96,0,0.2327,-0.1406,0.6219,-0.665,1.7736
2014-05-12 00:00:00,1346400.0,5.0,1.75,3380,20021.0,1.0,0,0,4,1690,1690.0,1963,0,9640 NE 32nd St,Clyde Hill,WA 98004,USA,51,0,1.3779,0.1475,-0.1454,3.1105,0.2615
2014-05-12 00:00:00,840000.0,4.0,2.75,2600,2750.0,1.5,0,0,3,1620,980.0,1936,0,2455 Queen Anne Ave N,Seattle,WA 98109,USA,78,0,0.5272,-0.3341,-0.2293,1.5244,1.1688
2014-05-12 00:00:00,300000.0,2.0,1.75,1360,8100.0,1.0,0,0,3,860,500.0,1975,0,13730 2nd Ave NW,Seattle,WA 98177,USA,39,0,-0.8252,-0.1849,-1.1404,0.452,-0.1418
2014-05-12 00:00:00,505000.0,4.0,2.5,2780,6369.0,1.0,0,0,3,1590,1190.0,1978,0,9311 NE 142nd St,Kirkland,WA 98034,USA,36,0,0.7235,-0.2332,-0.2653,1.9935,-0.2426
2014-05-12 00:00:00,110000.0,3.0,1.0,1250,53143.0,1.0,0,0,5,1250,0.0,1945,0,19693-19799 SE Maple Valley Hwy,Maple Valley,WA 98038,USA,69,0,-0.9452,1.071,-0.6729,-0.665,0.8663
2014-05-12 00:00:00,746000.0,3.0,2.5,2620,8950.0,2.0,0,0,3,2620,0.0,1992,0,16580 SE 57th Pl,Bellevue,WA 98006,USA,22,0,0.549,-0.1612,0.9696,-0.665,-0.713
2014-05-12 00:00:00,211000.0,3.0,1.5,1350,7620.0,1.0,0,0,5,1350,0.0,1941,0,16251 12th Ave SW,Burien,WA 98166,USA,73,0,-0.8361,-0.1983,-0.553,-0.665,1.0008
2014-05-12 00:00:00,675000.0,4.0,3.0,2400,3340.0,1.0,0,0,4,1200,1200.0,1964,0,618 NW 49th St,Seattle,WA 98107,USA,50,0,0.3091,-0.3176,-0.7328,2.0159,0.2279
2014-05-12 00:00:00,734200.0,4.0,2.5,2760,7663.0,1.5,0,0,5,1680,1080.0,1928,1970,950 NW 60th St,Seattle,WA 98107,USA,86,1,0.7017,-0.1971,-0.1574,1.7478,1.4376
2014-05-12 00:00:00,1225000.0,4.0,2.25,3070,16028.0,1.0,0,3,3,1870,1200.0,1976,0,8434 W Mercer Way,Mercer Island,WA 98040,USA,38,0,1.0398,0.0362,0.0704,2.0159,-0.1754
2014-05-12 00:00:00,615000.0,2.0,1.75,2040,28593.0,1.5,1,3,4,2040,0.0,1919,1990,23014 Vashon Hwy SW,Vashon,WA 98070,USA,95,1,-0.0836,0.3865,0.2742,-0.665,1.74
2014-05-12 00:00:00,630000.0,4.0,2.0,1770,6000.0,2.0,0,0,5,1770,0.0,1911,1981,3219 34th Ave W,Seattle,WA 98199,USA,103,1,-0.378,-0.2434,-0.0495,-0.665,2.0089
2014-05-12 00:00:00,1264000.0,4.0,3.75,3490,9170.0,2.0,0,0,3,3490,0.0,2012,1912,10442 SE 13th St,Bellevue,WA 98004,USA,2,1,1.4979,-0.1551,2.0126,-0.665,-1.3851
2014-05-12 00:00:00,301500.0,2.0,1.5,830,1333.0,2.0,0,0,3,830,0.0,2005,0,5650 Fauntleroy Way SW,Seattle,WA 98136,USA,9,0,-1.4033,-0.3736,-1.1764,-0.665,-1.1499
2014-05-12 00:00:00,369000.0,2.0,2.5,980,895.0,2.0,0,0,3,670,310.0,2009,0,1716 California Ave SW,Seattle,WA 98116,USA,5,0,-1.2397,-0.3858,-1.3682,0.0276,-1.2843
2014-05-12 00:00:00,635000.0,3.0,2.5,1570,1433.0,3.0,0,0,3,1570,0.0,2010,0,7815 Stroud Ave N,Seattle,WA 98103,USA,4,0,-0.5962,-0.3708,-0.2892,-0.665,-1.3179
2014-05-12 00:00:00,1033888.0,4.0,3.25,3270,5187.0,2.0,0,0,3,3110,160.0,2014,0,10774 155th Pl NE,Redmond,WA 98052,USA,0,0,1.258,-0.2661,1.557,-0.3076,-1.4523
2014-05-12 00:00:00,383000.0,4.0,2.5,2160,6223.0,2.0,0,0,3,2160,0.0,2010,0,22442-22446 Southeast 281st Court,Maple Valley,WA 98038,USA,4,0,0.0473,-0.2372,0.4181,-0.665,-1.3179
2014-05-12 00:00:00,1050000.0,4.0,3.75,3280,11000.0,2.0,0,0,3,2320,960.0,2008,0,1313 4th St,Kirkland,WA 98033,USA,6,0,1.2689,-0.104,0.6099,1.4797,-1.2507
2014-05-13 00:00:00,455000.0,4.0,2.5,3360,7685.0,2.0,0,0,3,3360,0.0,2001,0,18416 172nd Ct SE,Renton,WA 98058,USA,13,0,1.3561,-0.1965,1.8567,-0.665,-1.0154
2014-05-13 00:00:00,819900.0,5.0,2.75,3150,7119.0,2.0,0,0,3,3150,0.0,2013,1923,8082-8160 142nd Ave NE,Redmond,WA 98052,USA,1,1,1.1271,-0.2122,1.605,-0.665,-1.4187
2014-05-13 00:00:00,625000.0,3.0,3.5,1810,1846.0,2.0,0,0,4,1440,370.0,2009,0,512-598 21st Ave,Seattle,WA 98122,USA,5,0,-0.3344,-0.3593,-0.4451,0.1616,-1.2843
2014-05-13 00:00:00,651000.0,4.0,2.5,2740,7140.0,2.0,0,0,3,2740,0.0,1993,0,2476 239th Pl NE,Sammamish,WA 98074,USA,21,0,0.6799,-0.2117,1.1134,-0.665,-0.7466
2014-05-13 00:00:00,480000.0,5.0,4.75,3830,35000.0,1.0,0,0,3,2130,1700.0,1976,0,18125 194th Ave NE,Woodinville,WA 98077,USA,38,0,1.8687,0.5652,0.3821,3.1329,-0.1754
2014-05-13 00:00:00,757000.0,3.0,3.25,3190,5283.0,2.0,0,0,3,3190,0.0,2007,0,2065 NE Nelson Ln,Issaquah,WA 98029,USA,7,0,1.1707,-0.2634,1.6529,-0.665,-1.2171
2014-05-13 00:00:00,460000.0,3.0,2.25,2350,10450.0,1.0,0,0,3,1390,960.0,1977,2004,15801 63rd Ave NE,Kenmore,WA 98028,USA,37,1,0.2546,-0.1194,-0.505,1.4797,-0.209
2014-05-13 00:00:00,267345.0,4.0,2.25,2510,8165.0,1.0,0,0,4,1610,900.0,1972,0,2831 SW 327th St,Federal Way,WA 98023,USA,42,0,0.4291,-0.1831,-0.2413,1.3456,-0.0409
2014-05-13 00:00:00,530000.0,2.0,2.0,1680,4950.0,1.0,0,0,3,1680,0.0,2006,0,23726 NE 134th Pl,Redmond,WA 98053,USA,8,0,-0.4762,-0.2727,-0.1574,-0.665,-1.1835
2014-05-13 00:00:00,449500.0,3.0,2.0,1770,6610.0,1.0,0,0,4,960,810.0,1954,1979,19293 Stone Ave N,Shoreline,WA 98133,USA,60,1,-0.378,-0.2264,-1.0205,1.1446,0.5639
2014-05-13 00:00:00,289000.0,3.0,1.0,1090,7315.0,1.0,0,0,5,1090,0.0,1981,0,4018 NE 6th Ct,Renton,WA 98056,USA,33,0,-1.1197,-0.2068,-0.8647,-0.665,-0.3434
2014-05-13 00:00:00,373000.0,5.0,2.25,3001,5710.0,2.0,0,0,3,3001,0.0,2006,0,25523 123rd Pl SE,Kent,WA 98030,USA,8,0,0.9646,-0.2515,1.4263,-0.665,-1.1835
2014-05-13 00:00:00,525000.0,5.0,3.0,2450,4591.0,2.0,0,0,3,2450,0.0,1994,0,7349 24th Ave NW,Seattle,WA 98117,USA,20,0,0.3636,-0.2827,0.7658,-0.665,-0.7802
2014-05-13 00:00:00,777000.0,3.0,3.25,3610,59677.0,2.0,0,0,3,2440,1170.0,2003,0,18913 SE 63rd Pl,Issaquah,WA 98027,USA,11,0,1.6288,1.2532,0.7538,1.9488,-1.0827
2014-05-13 00:00:00,550000.0,4.0,2.0,2250,7500.0,1.0,0,0,5,1200,1050.0,1956,0,2448 137th Ave SE,Bellevue,WA 98005,USA,58,0,0.1455,-0.2016,-0.7328,1.6808,0.4967
2014-05-13 00:00:00,523000.0,3.0,1.5,1240,7735.0,1.0,0,0,4,1240,0.0,1957,2001,1020 163rd Ave SE,Bellevue,WA 98008,USA,57,1,-0.9561,-0.1951,-0.6849,-0.665,0.4631
2014-05-13 00:00:00,628000.0,4.0,2.0,2260,6000.0,1.0,0,0,3,1430,830.0,1958,2004,8028 27th Ave NE,Seattle,WA 98115,USA,56,1,0.1564,-0.2434,-0.4571,1.1893,0.4295
2014-05-13 00:00:00,581000.0,4.0,1.75,2090,8164.0,1.0,0,0,4,1070,1020.0,1963,0,7408 138th Pl NE,Redmond,WA 98052,USA,51,0,-0.029,-0.1831,-0.8887,1.6137,0.2615
2014-05-13 00:00:00,245000.0,5.0,1.75,2020,7902.0,1.0,0,0,3,1220,800.0,1962,2003,10412 Aqua Way S,Seattle,WA 98168,USA,52,1,-0.1054,-0.1904,-0.7088,1.1222,0.2951
2014-05-13 00:00:00,415000.0,3.0,1.75,1960,5000.0,1.0,0,0,5,980,980.0,1911,1984,4958 12th Ave S,Seattle,WA 98108,USA,103,1,-0.1708,-0.2713,-0.9966,1.5244,2.0089
2014-05-13 00:00:00,1895000.0,5.0,2.25,3120,16672.0,2.0,0,0,4,3120,0.0,1969,0,9045 NE 40th Pl,Yarrow Point,WA 98004,USA,45,0,1.0944,0.0541,1.569,-0.665,0.0599
2014-05-13 00:00:00,225000.0,3.0,1.5,1250,7500.0,1.0,0,0,3,1250,0.0,1967,2011,1405 E Maple St,Kent,WA 98030,USA,47,1,-0.9452,-0.2016,-0.6729,-0.665,0.1271
2014-05-13 00:00:00,287000.0,3.0,2.25,1490,9600.0,1.0,0,0,4,1170,320.0,1987,0,27020 NE Ring St,Duvall,WA 98019,USA,27,0,-0.6834,-0.1431,-0.7688,0.0499,-0.545
2014-05-13 00:00:00,799200.0,6.0,3.0,2890,2370.0,2.5,0,0,3,2290,600.0,1906,2014,420 Boylston Ave E,Seattle,WA 98102,USA,108,1,0.8435,-0.3447,0.574,0.6754,2.1769
2014-05-13 00:00:00,239950.0,3.0,1.0,1900,33888.0,1.5,0,0,4,1900,0.0,1942,1982,36400-36452 51st Ave S,Auburn,WA 98001,USA,72,1,-0.2362,0.5342,0.1064,-0.665,0.9672
2014-05-13 00:00:00,591000.0,3.0,1.75,1680,2400.0,1.0,0,0,5,870,810.0,1922,1956,1600-1608 25th Ave,Seattle,WA 98122,USA,92,1,-0.4762,-0.3438,-1.1284,1.1446,1.6392
2014-05-13 00:00:00,700000.0,3.0,2.5,2030,8398.0,2.0,0,0,4,2030,0.0,1975,0,18307 NE 19th Pl,Bellevue,WA 98008,USA,39,0,-0.0945,-0.1766,0.2622,-0.665,-0.1418
2014-05-13 00:00:00,475000.0,4.0,2.5,3740,8700.0,1.0,0,0,3,2260,1480.0,2004,2003,16700 SE 161st St,Renton,WA 98058,USA,10,1,1.7706,-0.1682,0.538,2.6414,-1.1163
2014-05-13 00:00:00,575000.0,3.0,1.75,1580,11750.0,1.0,0,0,4,1180,400.0,1951,1999,5461 S Othello St,Seattle,WA 98118,USA,63,1,-0.5853,-0.0831,-0.7568,0.2286,0.6647
2014-05-13 00:00:00,771000.0,3.0,2.25,1780,6120.0,1.5,0,0,4,1390,390.0,1927,0,171 Lake Washington Blvd,Seattle,WA 98122,USA,87,0,-0.3671,-0.2401,-0.505,0.2063,1.4712
2014-05-13 00:00:00,155000.0,2.0,1.0,910,6232.0,1.0,0,0,3,910,0.0,1943,2002,4812 S Chicago St,Seattle,WA 98118,USA,71,1,-1.316,-0.237,-1.0805,-0.665,0.9336
2014-05-13 00:00:00,550000.0,7.0,4.0,3440,8100.0,2.0,0,0,3,3440,0.0,1970,2014,718 N 95th St,Seattle,WA 98103,USA,44,1,1.4434,-0.1849,1.9526,-0.665,0.0263
2014-05-13 00:00:00,645000.0,3.0,2.5,1740,13750.0,2.0,0,0,4,1740,0.0,1975,0,1673 Rosemont Blvd,Bellevue,WA 98008,USA,39,0,-0.4107,-0.0273,-0.0854,-0.665,-0.1418
2014-05-13 00:00:00,464000.0,5.0,2.5,3400,8970.0,1.0,0,0,4,1700,1700.0,1959,0,14700 Burke Ave N,Shoreline,WA 98133,USA,55,0,1.3997,-0.1606,-0.1334,3.1329,0.3959
2014-05-13 00:00:00,1050000.0,4.0,3.25,4400,16625.0,2.0,0,0,3,4400,0.0,2003,0,27747 SE 24th Way,Sammamish,WA 98075,USA,11,0,2.4904,0.0528,3.1036,-0.665,-1.0827
2014-05-13 00:00:00,350000.0,3.0,2.5,2010,7663.0,2.0,0,0,3,2010,0.0,1977,2004,10711 SW 111th Pl,Vashon,WA 98070,USA,37,1,-0.1163,-0.1971,0.2383,-0.665,-0.209
2014-05-13 00:00:00,591000.0,4.0,2.25,2710,38180.0,2.0,0,0,4,2710,0.0,1977,0,19615 182nd Ave NE,Woodinville,WA 98077,USA,37,0,0.6472,0.6538,1.0775,-0.665,-0.209
2014-05-13 00:00:00,717000.0,3.0,1.5,1310,3880.0,1.0,0,0,3,1090,220.0,1956,2001,7325 Earl Ave NW,Seattle,WA 98117,USA,58,1,-0.8797,-0.3026,-0.8647,-0.1735,0.4967
2014-05-13 00:00:00,225000.0,4.0,1.5,1950,12559.0,1.5,0,0,3,1950,0.0,1939,1969,4030-4198 S 186th St,SeaTac,WA 98188,USA,75,1,-0.1817,-0.0606,0.1663,-0.665,1.068
2014-05-13 00:00:00,225000.0,3.0,1.0,1040,6535.0,1.0,0,0,3,1040,0.0,1947,2012,12446 21st Ave S,Seattle,WA 98168,USA,67,1,-1.1742,-0.2285,-0.9246,-0.665,0.7991
2014-05-13 00:00:00,345000.0,3.0,1.75,1090,7200.0,1.0,0,0,3,1090,0.0,1968,1997,12033 NE 136th Pl,Kirkland,WA 98034,USA,46,1,-1.1197,-0.21,-0.8647,-0.665,0.0935
2014-05-13 00:00:00,230000.0,2.0,0.75,650,5360.0,1.0,0,0,4,650,0.0,1931,0,13540 Burke Ave N,Seattle,WA 98133,USA,83,0,-1.5996,-0.2613,-1.3922,-0.665,1.3368
2014-05-13 00:00:00,385000.0,3.0,2.0,1480,6600.0,1.0,0,2,3,740,740.0,1943,2002,4115 SW 106th St,Seattle,WA 98146,USA,71,1,-0.6943,-0.2267,-1.2843,0.9882,0.9336
2014-05-13 00:00:00,90000.0,2.0,1.0,790,2640.0,1.0,0,0,3,790,0.0,1973,2013,14710 122nd Pl NE,Kirkland,WA 98034,USA,41,1,-1.4469,-0.3371,-1.2243,-0.665,-0.0746
2014-05-13 00:00:00,860000.0,4.0,2.5,3560,11119.0,1.0,0,2,3,2290,1270.0,1986,0,3883 112th Ave NE,Bellevue,WA 98004,USA,28,0,1.5743,-0.1007,0.574,2.1722,-0.5114
2014-05-13 00:00:00,675000.0,4.0,2.5,3000,5548.0,2.0,0,0,3,3000,0.0,2006,0,11409 SE 71st Pl,Newcastle,WA 98056,USA,8,0,0.9635,-0.256,1.4251,-0.665,-1.1835
2014-05-13 00:00:00,975000.0,4.0,2.5,3490,7494.0,2.0,0,3,3,3490,0.0,2000,0,4902 159th Pl SE,Bellevue,WA 98006,USA,14,0,1.4979,-0.2018,2.0126,-0.665,-0.9818
2014-05-13 00:00:00,780000.0,3.0,1.75,2340,10495.0,1.0,0,0,4,2340,0.0,1967,0,8421 SE 72nd Pl,Mercer Island,WA 98040,USA,47,0,0.2436,-0.1181,0.6339,-0.665,0.1271
2014-05-13 00:00:00,370000.0,3.0,1.75,1650,8254.0,1.0,0,0,5,1060,590.0,1951,0,18015 25th Ave NE,Shoreline,WA 98155,USA,63,0,-0.5089,-0.1806,-0.9007,0.6531,0.6647
2014-05-13 00:00:00,665000.0,3.0,2.0,1940,5820.0,1.5,0,0,5,1150,790.0,1944,0,324 NW 48th St,Seattle,WA 98107,USA,70,0,-0.1926,-0.2485,-0.7928,1.0999,0.8999
2014-05-13 00:00:00,675000.0,5.0,3.0,3410,9600.0,1.0,0,0,4,1870,0.0,1968,0,2830 177th Ave NE,Redmond,WA 98052,USA,46,0,1.4107,-0.1431,0.0704,-0.665,0.0935
2014-05-13 00:00:00,620000.0,3.0,1.0,1710,4050.0,1.5,0,0,3,1710,0.0,1909,2004,6101-6149 Corliss Ave N,Seattle,WA 98103,USA,105,1,-0.4435,-0.2978,-0.1214,-0.665,2.0761
2014-05-13 00:00:00,1105000.0,4.0,1.5,2740,4000.0,2.0,0,0,5,1930,810.0,1905,0,1707-1713 3rd Ave N,Seattle,WA 98109,USA,109,0,0.6799,-0.2992,0.1424,1.1446,2.2105
2014-05-13 00:00:00,450000.0,3.0,2.75,1250,892.0,2.0,0,0,3,1040,210.0,2010,0,2301 California Ave SW,Seattle,WA 98116,USA,4,0,-0.9452,-0.3859,-0.9246,-0.1958,-1.3179
2014-05-13 00:00:00,450000.0,3.0,2.25,2450,42180.0,1.0,0,0,4,2450,0.0,1978,2000,17081-17183 SE Wax Rd,Covington,WA 98042,USA,36,1,0.3636,0.7654,0.7658,-0.665,-0.2426
2014-05-13 00:00:00,530000.0,3.0,2.25,1690,8190.0,1.0,0,0,4,1690,0.0,1958,1972,2711 126th Ave SE,Bellevue,WA 98005,USA,56,1,-0.4653,-0.1824,-0.1454,-0.665,0.4295
2014-05-13 00:00:00,635000.0,4.0,1.75,1950,13320.0,1.0,0,0,4,1370,580.0,1969,0,15018 NE 10th Pl,Bellevue,WA 98007,USA,45,0,-0.1817,-0.0393,-0.529,0.6307,0.0599
2014-05-13 00:00:00,580000.0,5.0,2.0,2290,7125.0,1.0,0,0,3,1190,1100.0,1964,2000,16541 NE 27th Pl,Bellevue,WA 98008,USA,50,1,0.1891,-0.2121,-0.7448,1.7925,0.2279
2014-05-13 00:00:00,1550000.0,5.0,3.25,3370,17458.0,1.0,0,2,5,2000,1370.0,1982,0,8126-8196 Forest Ave SE,Mercer Island,WA 98040,USA,32,0,1.367,0.076,0.2263,2.3956,-0.377
2014-05-13 00:00:00,285000.0,3.0,1.0,1090,8640.0,1.0,0,0,4,1090,0.0,1973,0,16014 16th Ave SW,Burien,WA 98166,USA,41,0,-1.1197,-0.1698,-0.8647,-0.665,-0.0746
2014-05-13 00:00:00,375000.0,3.0,1.0,1190,9486.0,1.0,0,0,4,1190,0.0,1953,1983,217 SW 191st St,Normandy Park,WA 98166,USA,61,1,-1.0106,-0.1462,-0.7448,-0.665,0.5975
2014-05-13 00:00:00,1400000.0,5.0,2.25,3530,7924.0,2.0,0,0,3,3530,0.0,2001,0,2278 72nd Ave SE,Mercer Island,WA 98040,USA,13,0,1.5415,-0.1898,2.0605,-0.665,-1.0154
2014-05-13 00:00:00,560000.0,3.0,1.0,1440,5000.0,2.0,0,0,3,1440,0.0,1910,2006,6206 Phinney Ave N,Seattle,WA 98103,USA,104,1,-0.7379,-0.2713,-0.4451,-0.665,2.0425
2014-05-13 00:00:00,405000.0,4.0,1.75,2180,13529.0,1.0,0,0,3,1090,1090.0,1956,2001,16722 32nd Pl NE,Lake Forest Park,WA 98155,USA,58,1,0.0691,-0.0335,-0.8647,1.7701,0.4967
2014-05-13 00:00:00,413000.0,4.0,1.0,1410,6000.0,1.0,0,0,3,810,600.0,1925,2002,4118 32nd Ave SW,Seattle,WA 98126,USA,89,1,-0.7707,-0.2434,-1.2004,0.6754,1.5384
2014-05-13 00:00:00,287600.0,3.0,2.5,1950,8251.0,2.0,0,0,3,1950,0.0,1990,2009,4222 S 288th Pl,Auburn,WA 98001,USA,24,1,-0.1817,-0.1807,0.1663,-0.665,-0.6458
2014-05-13 00:00:00,1680000.0,5.0,3.25,4860,23723.0,2.0,0,2,4,3820,1040.0,1989,0,9250 SE 36th Pl,Mercer Island,WA 98040,USA,25,0,2.9921,0.2507,2.4082,1.6584,-0.6122
2014-05-13 00:00:00,225000.0,3.0,1.0,1660,7210.0,1.0,0,0,3,1100,560.0,1963,2008,29140 42nd Ave S,Auburn,WA 98001,USA,51,1,-0.498,-0.2097,-0.8527,0.5861,0.2615
2014-05-13 00:00:00,319000.0,3.0,1.0,1390,12823.0,1.0,0,0,4,1390,0.0,1968,0,15846 196th Pl NE,Woodinville,WA 98077,USA,46,0,-0.7925,-0.0532,-0.505,-0.665,0.0935
2014-05-13 00:00:00,322500.0,3.0,2.0,1350,14200.0,1.0,0,0,3,1350,0.0,1989,0,14405 274th Ct NE,Duvall,WA 98019,USA,25,0,-0.8361,-0.0148,-0.553,-0.665,-0.6122
2014-05-13 00:00:00,570000.0,3.0,2.0,1530,5401.0,1.0,0,0,4,1530,0.0,1937,0,7741 22nd Ave NE,Seattle,WA 98115,USA,77,0,-0.6398,-0.2601,-0.3372,-0.665,1.1352
2014-05-13 00:00:00,465000.0,3.0,1.5,1270,5112.0,1.0,0,0,3,1270,0.0,1950,2005,3616 NE 65th St,Seattle,WA 98115,USA,64,1,-0.9234,-0.2682,-0.6489,-0.665,0.6983
2014-05-13 00:00:00,435000.0,4.0,2.25,2140,6355.0,2.0,0,0,3,2140,0.0,2002,0,7125 Silent Creek Ave SE,Snoqualmie,WA 98065,USA,12,0,0.0255,-0.2335,0.3941,-0.665,-1.049
2014-05-13 00:00:00,502000.0,4.0,2.5,2040,5616.0,2.0,0,0,3,2040,0.0,2012,1912,7617 NE 201st Pl,Kenmore,WA 98028,USA,2,1,-0.0836,-0.2541,0.2742,-0.665,-1.3851
2014-05-13 00:00:00,525000.0,3.0,3.5,2876,5086.0,2.0,0,0,3,2360,516.0,2007,0,12467 NE 171st Pl,Woodinville,WA 98072,USA,7,0,0.8282,-0.2689,0.6579,0.4878,-1.2171
2014-05-13 00:00:00,525000.0,3.0,2.5,1580,1161.0,2.0,0,0,3,1010,570.0,2008,0,213 26th Ave E,Seattle,WA 98112,USA,6,0,-0.5853,-0.3784,-0.9606,0.6084,-1.2507
2014-05-13 00:00:00,660000.0,4.0,3.5,3400,5196.0,2.0,0,0,3,3400,0.0,2012,1912,9314 Ash Ave SE,Snoqualmie,WA 98065,USA,2,1,1.3997,-0.2659,1.9047,-0.665,-1.3851
2014-05-13 00:00:00,870000.0,4.0,2.5,3520,6773.0,2.5,0,0,3,2650,870.0,2006,0,7921 45th Ave SW,Seattle,WA 98136,USA,8,0,1.5306,-0.2219,1.0055,1.2786,-1.1835
2014-05-13 00:00:00,650000.0,4.0,2.5,2210,4861.0,2.0,0,0,3,2210,0.0,2013,1923,615 NW 92nd St,Seattle,WA 98117,USA,1,1,0.1019,-0.2752,0.478,-0.665,-1.4187
2014-05-13 00:00:00,505000.0,4.0,2.5,2790,5602.0,2.0,0,0,3,2790,0.0,2009,0,5138 NE 8th St,Renton,WA 98059,USA,5,0,0.7344,-0.2545,1.1734,-0.665,-1.2843
2014-05-13 00:00:00,330000.0,3.0,2.5,1450,5008.0,1.0,0,0,3,840,610.0,2007,0,6544 18th Ave SW,Seattle,WA 98106,USA,7,0,-0.727,-0.2711,-1.1644,0.6978,-1.2171
2014-05-14 00:00:00,385000.0,4.0,1.75,1620,4980.0,1.0,0,0,4,860,760.0,1947,1988,10037 Interlake Ave N,Seattle,WA 98133,USA,67,1,-0.5416,-0.2719,-1.1404,1.0329,0.7991
2014-05-14 00:00:00,306000.0,3.0,1.5,1220,1086.0,3.0,0,0,3,1220,0.0,2007,0,353 N 105th St,Seattle,WA 98133,USA,7,0,-0.9779,-0.3805,-0.7088,-0.665,-1.2171
2014-05-14 00:00:00,546000.0,3.0,1.75,2000,5000.0,1.0,0,0,4,1110,890.0,1921,0,7730 33rd Ave NW,Seattle,WA 98117,USA,93,0,-0.1272,-0.2713,-0.8407,1.3233,1.6728
2014-05-14 00:00:00,925000.0,4.0,2.5,2190,7350.0,2.5,0,0,5,2190,0.0,1958,0,3446 77th Ave SE,Mercer Island,WA 98040,USA,56,0,0.08,-0.2058,0.4541,-0.665,0.4295
2014-05-14 00:00:00,542000.0,4.0,1.75,1900,8250.0,1.0,0,0,4,950,950.0,1955,2009,3810 145th Ave SE,Bellevue,WA 98006,USA,59,1,-0.2362,-0.1807,-1.0325,1.4573,0.5303
2014-05-14 00:00:00,800000.0,3.0,1.0,1700,4400.0,1.5,0,0,4,1700,0.0,1906,1990,1109 32nd Ave,Seattle,WA 98122,USA,108,1,-0.4544,-0.2881,-0.1334,-0.665,2.1769
2014-05-14 00:00:00,620000.0,5.0,2.5,2540,3832.0,2.0,0,0,5,1760,780.0,1929,0,7558 32nd Ave NW,Seattle,WA 98117,USA,85,0,0.4618,-0.3039,-0.0614,1.0776,1.404
2014-05-14 00:00:00,175000.0,2.0,1.0,1170,8925.0,1.0,0,2,3,1170,0.0,1911,1979,921 S 223rd St,Des Moines,WA 98198,USA,103,1,-1.0324,-0.1619,-0.7688,-0.665,2.0089
2014-05-14 00:00:00,740000.0,5.0,5.0,5774,31675.0,1.0,0,2,3,4490,1284.0,1984,0,28511 10th Ave S,Federal Way,WA 98003,USA,30,0,3.989,0.4724,3.2115,2.2035,-0.4442
2014-05-14 00:00:00,345000.0,3.0,2.25,2120,15003.0,2.0,0,0,3,2120,0.0,1984,0,14319 165th Pl SE,Renton,WA 98059,USA,30,0,0.0037,0.0076,0.3701,-0.665,-0.4442
2014-05-14 00:00:00,510000.0,3.0,1.75,2170,26460.0,1.0,0,0,3,1450,720.0,1986,0,721 222nd Pl NE,Sammamish,WA 98074,USA,28,0,0.0582,0.327,-0.4331,0.9435,-0.5114
2014-05-14 00:00:00,530000.0,4.0,2.75,2450,15002.0,1.0,0,0,5,2450,0.0,1974,0,404 SW 197th St,Normandy Park,WA 98166,USA,40,0,0.3636,0.0076,0.7658,-0.665,-0.1082
2014-05-14 00:00:00,155000.0,2.0,1.0,700,5200.0,1.0,0,0,5,700,0.0,1952,1998,475-547 Monroe Ave NE,Renton,WA 98056,USA,62,1,-1.545,-0.2657,-1.3322,-0.665,0.6311
2014-05-14 00:00:00,266000.0,3.0,2.5,1780,7214.0,1.0,0,0,4,1400,380.0,1986,0,26205 119th Dr SE,Kent,WA 98030,USA,28,0,-0.3671,-0.2096,-0.493,0.1839,-0.5114
2014-05-14 00:00:00,257200.0,3.0,2.0,1850,7663.0,1.0,0,0,4,1150,700.0,1952,0,200 Pike St SE,Auburn,WA 98002,USA,62,0,-0.2908,-0.1971,-0.7928,0.8988,0.6311
2014-05-14 00:00:00,265000.0,3.0,2.0,1570,5706.0,1.0,0,0,3,1570,0.0,1998,2006,11549 SE 319th Pl,Auburn,WA 98092,USA,16,1,-0.5962,-0.2516,-0.2892,-0.665,-0.9146
2014-05-14 00:00:00,372220.0,3.0,1.0,1290,5500.0,1.0,0,0,3,980,310.0,1951,1994,4607 SW Cloverdale St,Seattle,WA 98136,USA,63,1,-0.9015,-0.2574,-0.9966,0.0276,0.6647
2014-05-14 00:00:00,337500.0,5.0,2.0,1700,7314.0,1.0,0,0,3,1000,700.0,1956,2001,6000-6048 22nd Ave S,Seattle,WA 98108,USA,58,1,-0.4544,-0.2068,-0.9726,0.8988,0.4967
2014-05-14 00:00:00,582500.0,2.0,1.5,1159,4800.0,1.0,0,0,3,1159,0.0,1948,1994,4254 33rd Ave W,Seattle,WA 98199,USA,66,1,-1.0444,-0.2769,-0.782,-0.665,0.7655
2014-05-14 00:00:00,489200.0,3.0,2.75,1850,9600.0,1.5,0,0,5,1850,0.0,1965,0,8622 NE 139th St,Kirkland,WA 98034,USA,49,0,-0.2908,-0.1431,0.0464,-0.665,0.1943
2014-05-14 00:00:00,405100.0,2.0,1.0,840,3522.0,1.0,0,0,3,840,0.0,1947,2012,2901 W Elmore St,Seattle,WA 98199,USA,67,1,-1.3923,-0.3125,-1.1644,-0.665,0.7991
2014-05-14 00:00:00,372977.0,3.0,2.5,1690,1618.0,2.0,0,0,3,1150,540.0,2014,0,2500 Mulberry Walk NE,Issaquah,WA 98029,USA,0,0,-0.4653,-0.3656,-0.7928,0.5414,-1.4523
2014-05-14 00:00:00,310000.0,3.0,1.0,1050,9876.0,1.0,0,0,3,1050,0.0,1953,0,18527 Kenlake Pl NE,Kenmore,WA 98028,USA,61,0,-1.1633,-0.1354,-0.9126,-0.665,0.5975
2014-05-14 00:00:00,538000.0,3.0,1.75,1400,3825.0,1.5,0,0,4,1100,300.0,1904,0,6917 28th Ave NW,Seattle,WA 98117,USA,110,0,-0.7816,-0.3041,-0.8527,0.0052,2.2441
2014-05-14 00:00:00,1400000.0,3.0,2.5,2550,7200.0,2.0,0,2,3,2550,0.0,1981,2013,316 Lake Washington Blvd S,Seattle,WA 98144,USA,33,1,0.4727,-0.21,0.8857,-0.665,-0.3434
2014-05-14 00:00:00,317000.0,3.0,2.5,1840,5011.0,2.0,0,0,3,1840,0.0,2012,1912,21560 SE 275th Ct,Maple Valley,WA 98038,USA,2,1,-0.3017,-0.271,0.0345,-0.665,-1.3851
2014-05-14 00:00:00,702500.0,3.0,1.5,2360,6750.0,2.0,0,0,5,1930,430.0,1926,0,2145 N 88th St,Seattle,WA 98103,USA,88,0,0.2655,-0.2225,0.1424,0.2956,1.5048
2014-05-14 00:00:00,565000.0,4.0,2.5,2240,14667.0,2.0,0,0,4,2240,0.0,1989,0,13547 SE 83rd St,Newcastle,WA 98059,USA,25,0,0.1346,-0.0018,0.514,-0.665,-0.6122
2014-05-14 00:00:00,723000.0,4.0,2.25,2700,4004.0,2.0,0,0,3,2700,0.0,2004,2003,2363 30th Ave NE,Issaquah,WA 98029,USA,10,1,0.6363,-0.2991,1.0655,-0.665,-1.1163
2014-05-14 00:00:00,766950.0,3.0,2.5,3030,30007.0,1.5,0,0,4,3030,0.0,1992,0,15905 Saybrook Dr NE,Woodinville,WA 98077,USA,22,0,0.9962,0.4259,1.4611,-0.665,-0.713
2014-05-14 00:00:00,682000.0,3.0,1.75,1830,5120.0,1.5,0,2,5,1830,0.0,1903,0,322 16th Ave,Seattle,WA 98122,USA,111,0,-0.3126,-0.268,0.0225,-0.665,2.2777
2014-05-14 00:00:00,325000.0,3.0,2.5,2220,6049.0,2.0,0,0,4,2220,0.0,1990,0,11909 SE 228th Pl,Kent,WA 98031,USA,24,0,0.1128,-0.2421,0.49,-0.665,-0.6458
2014-05-14 00:00:00,543000.0,3.0,2.5,2090,7640.0,1.0,0,0,3,1360,730.0,1962,2014,14836 Densmore Ave N,Shoreline,WA 98133,USA,52,1,-0.029,-0.1977,-0.541,0.9659,0.2951
2014-05-14 00:00:00,525000.0,3.0,1.75,1600,6120.0,1.5,0,0,3,1600,0.0,1924,2011,7557 35th Ave NE,Seattle,WA 98115,USA,90,1,-0.5634,-0.2401,-0.2533,-0.665,1.572
2014-05-14 00:00:00,364000.0,4.0,1.75,2010,8625.0,1.0,0,0,4,1340,670.0,1957,2001,16501-16515 Carlyle Hall Rd N,Shoreline,WA 98133,USA,57,1,-0.1163,-0.1702,-0.565,0.8318,0.4631
2014-05-14 00:00:00,394475.0,2.0,1.0,830,4000.0,1.0,0,0,3,830,0.0,1955,2005,8715 17th Ave NW,Seattle,WA 98117,USA,59,1,-1.4033,-0.2992,-1.1764,-0.665,0.5303
2014-05-14 00:00:00,316000.0,4.0,2.5,2010,7663.0,2.0,0,0,3,2010,0.0,1995,0,1522 55th Ct SE,Auburn,WA 98092,USA,19,0,-0.1163,-0.1971,0.2383,-0.665,-0.8138
2014-05-14 00:00:00,339950.0,3.0,1.0,1050,5402.0,1.5,0,0,4,1050,0.0,1906,1990,1807 17th Ave S,Seattle,WA 98144,USA,108,1,-1.1633,-0.2601,-0.9126,-0.665,2.1769
2014-05-14 00:00:00,486000.0,4.0,2.5,2150,39449.0,1.0,0,0,3,1420,730.0,1978,0,5242 336th Ave SE,Fall City,WA 98024,USA,36,0,0.0364,0.6892,-0.4691,0.9659,-0.2426
2014-05-14 00:00:00,160000.0,3.0,1.0,860,11900.0,1.0,0,0,4,860,0.0,1963,0,27204 116th Pl SE,Kent,WA 98030,USA,51,0,-1.3705,-0.0789,-1.1404,-0.665,0.2615
2014-05-14 00:00:00,930000.0,3.0,2.5,3100,20553.0,1.0,0,0,3,3100,0.0,1954,2005,1456 NW 185th St,Shoreline,WA 98177,USA,60,1,1.0726,0.1623,1.545,-0.665,0.5639
2014-05-14 00:00:00,139000.0,3.0,1.0,1100,17334.0,1.0,0,0,3,1100,0.0,1978,0,33610 51st Ave S,Auburn,WA 98001,USA,36,0,-1.1088,0.0726,-0.8527,-0.665,-0.2426
2014-05-14 00:00:00,562000.0,3.0,1.5,1830,8000.0,1.0,0,0,4,1830,0.0,1957,2001,920 163rd Ave SE,Bellevue,WA 98008,USA,57,1,-0.3126,-0.1877,0.0225,-0.665,0.4631
2014-05-14 00:00:00,299000.0,2.0,1.75,1250,34395.0,1.0,0,0,4,1250,0.0,1950,1983,1400 S 359th St,Federal Way,WA 98003,USA,64,1,-0.9452,0.5483,-0.6729,-0.665,0.6983
2014-05-14 00:00:00,511000.0,3.0,2.5,1820,4883.0,2.0,0,0,3,1820,0.0,2005,0,14800-14822 88th Ave NE,Kenmore,WA 98028,USA,9,0,-0.3235,-0.2746,0.0105,-0.665,-1.1499
2014-05-14 00:00:00,499000.0,3.0,2.0,2090,42689.0,1.5,0,0,3,2090,0.0,1959,1998,30004 SE Lake Retreat S Dr,Ravensdale,WA 98051,USA,55,1,-0.029,0.7795,0.3342,-0.665,0.3959
2014-05-14 00:00:00,356000.0,3.0,3.5,2100,12384.0,2.0,0,0,3,2100,0.0,1980,0,14937 57th Ave S,Tukwila,WA 98168,USA,34,0,-0.0181,-0.0654,0.3462,-0.665,-0.3098
2014-05-14 00:00:00,470000.0,4.0,2.5,2310,14023.0,2.0,0,0,3,2310,0.0,1991,0,14923 280th Pl NE,Duvall,WA 98019,USA,23,0,0.2109,-0.0197,0.5979,-0.665,-0.6794
2014-05-14 00:00:00,715000.0,4.0,2.25,2060,5649.0,1.0,0,0,5,1360,700.0,1941,0,3305 39th Ave W,Seattle,WA 98199,USA,73,0,-0.0617,-0.2532,-0.541,0.8988,1.0008
2014-05-14 00:00:00,1120000.0,4.0,2.25,4470,60373.0,2.0,0,0,3,4470,0.0,1988,2000,14235 160th Ave NE,Woodinville,WA 98072,USA,26,1,2.5668,1.2726,3.1875,-0.665,-0.5786
2014-05-14 00:00:00,458000.0,3.0,1.0,1660,7500.0,1.0,0,0,4,1060,600.0,1940,2001,2000 NE 113th St,Seattle,WA 98125,USA,74,1,-0.498,-0.2016,-0.9007,0.6754,1.0344
2014-05-14 00:00:00,966000.0,5.0,4.5,3810,8019.0,2.0,0,0,3,3810,0.0,2008,0,2033 211th Pl SE,Sammamish,WA 98075,USA,6,0,1.8469,-0.1871,2.3962,-0.665,-1.2507
2014-05-14 00:00:00,305495.0,3.0,1.75,2110,10200.0,2.0,0,0,4,2110,0.0,1966,0,14244 140th Ave SE,Renton,WA 98059,USA,48,0,-0.0072,-0.1263,0.3582,-0.665,0.1607
2014-05-14 00:00:00,543000.0,2.0,2.0,2370,217800.0,1.5,0,0,3,1600,770.0,1992,0,11400-11598 SE 114th Pl,Issaquah,WA 98027,USA,22,0,0.2764,5.6621,-0.2533,1.0552,-0.713
2014-05-14 00:00:00,340000.0,3.0,2.25,1970,3716.0,2.0,0,0,3,1970,0.0,1997,0,504 Shelton Ct NE,Renton,WA 98056,USA,17,0,-0.1599,-0.3071,0.1903,-0.665,-0.881
2014-05-14 00:00:00,633100.0,4.0,2.25,2470,33305.0,2.0,0,0,3,2470,0.0,1993,0,26021 NE 25th St,Redmond,WA 98053,USA,21,0,0.3854,0.5179,0.7897,-0.665,-0.7466
2014-05-14 00:00:00,310000.0,3.0,1.0,1480,7830.0,1.0,0,0,3,1480,0.0,1952,2008,1909 N 195th St,Shoreline,WA 98133,USA,62,1,-0.6943,-0.1924,-0.3971,-0.665,0.6311
2014-05-14 00:00:00,349950.0,5.0,3.0,2257,10117.0,1.0,0,0,3,1363,894.0,2005,0,3755 S 168th St,SeaTac,WA 98188,USA,9,0,0.1531,-0.1286,-0.5374,1.3322,-1.1499
2014-05-14 00:00:00,267800.0,2.0,1.0,700,6000.0,1.0,0,0,4,700,0.0,1949,1985,16824 11th Pl NE,Shoreline,WA 98155,USA,65,1,-1.545,-0.2434,-1.3322,-0.665,0.7319
2014-05-14 00:00:00,234000.0,4.0,2.0,1630,9010.0,1.0,0,0,4,1050,580.0,1975,0,10872 SE 318th Pl,Auburn,WA 98092,USA,39,0,-0.5307,-0.1595,-0.9126,0.6307,-0.1418
2014-05-14 00:00:00,740000.0,4.0,2.5,3430,10157.0,2.0,0,0,3,3430,0.0,2000,0,13622 NE 136th Pl,Kirkland,WA 98034,USA,14,0,1.4325,-0.1275,1.9407,-0.665,-0.9818
2014-05-14 00:00:00,607500.0,5.0,1.75,2220,6000.0,1.5,0,0,3,1420,800.0,1923,1998,3047 21st Ave W,Seattle,WA 98199,USA,91,1,0.1128,-0.2434,-0.4691,1.1222,1.6056
2014-05-14 00:00:00,223000.0,3.0,1.75,1340,7473.0,1.0,0,0,4,1340,0.0,1973,0,16 R Pl NE,Auburn,WA 98002,USA,41,0,-0.847,-0.2024,-0.565,-0.665,-0.0746
2014-05-14 00:00:00,400000.0,2.0,1.0,980,2130.0,1.0,0,0,4,860,120.0,1918,1974,6520-6588 8th Ave NW,Seattle,WA 98117,USA,96,1,-1.2397,-0.3513,-1.1404,-0.3969,1.7736
2014-05-14 00:00:00,802000.0,3.0,2.5,2580,13096.0,2.0,0,0,3,2580,0.0,1986,0,6133 147th Pl NE,Redmond,WA 98052,USA,28,0,0.5054,-0.0456,0.9216,-0.665,-0.5114
2014-05-14 00:00:00,253000.0,4.0,2.5,2230,4541.0,2.0,0,0,3,2230,0.0,2006,0,24217 181st Pl SE,Covington,WA 98042,USA,8,0,0.1237,-0.2841,0.502,-0.665,-1.1835
2014-05-14 00:00:00,1058000.0,4.0,2.0,2290,11137.0,1.0,0,0,4,2290,0.0,1955,2009,10441 SE 24th Pl,Bellevue,WA 98004,USA,59,1,0.1891,-0.1002,0.574,-0.665,0.5303
2014-05-14 00:00:00,300000.0,3.0,1.0,1260,8280.0,1.0,0,0,3,1260,0.0,1946,0,2559 NE 98th St,Seattle,WA 98115,USA,68,0,-0.9343,-0.1799,-0.6609,-0.665,0.8327
2014-05-14 00:00:00,625000.0,4.0,2.25,1680,11180.0,1.0,0,0,4,1680,0.0,1966,0,15924 NE 53rd St,Redmond,WA 98052,USA,48,0,-0.4762,-0.099,-0.1574,-0.665,0.1607
2014-05-14 00:00:00,707000.0,4.0,3.25,3200,7081.0,2.0,0,0,3,3200,0.0,2004,2003,26054 SE 23rd Pl,Sammamish,WA 98075,USA,10,1,1.1816,-0.2133,1.6649,-0.665,-1.1163
2014-05-14 00:00:00,950000.0,4.0,2.5,3320,7663.0,2.0,0,0,3,3320,0.0,1995,0,5491 175th Pl SE,Bellevue,WA 98006,USA,19,0,1.3125,-0.1971,1.8088,-0.665,-0.8138
2014-05-14 00:00:00,420000.0,4.0,2.5,3040,24123.0,2.0,0,0,3,3040,0.0,1999,0,4620 Kennedy Ave SE,Auburn,WA 98092,USA,15,0,1.0071,0.2619,1.4731,-0.665,-0.9482
2014-05-14 00:00:00,498000.0,4.0,2.75,2270,7375.0,1.0,0,0,4,1290,980.0,1973,0,12901 NE 136th St,Kirkland,WA 98034,USA,41,0,0.1673,-0.2051,-0.6249,1.5244,-0.0746
2014-05-14 00:00:00,450000.0,3.0,2.5,2910,17172.0,2.0,0,0,3,2910,0.0,1989,0,36023 3rd Ave S,Federal Way,WA 98003,USA,25,0,0.8653,0.0681,1.3172,-0.665,-0.6122
2014-05-14 00:00:00,955000.0,5.0,2.25,2510,9887.0,2.0,0,0,3,2510,0.0,1972,2002,7590 86th Ave SE,Mercer Island,WA 98040,USA,42,1,0.4291,-0.1351,0.8377,-0.665,-0.0409
2014-05-14 00:00:00,215000.0,2.0,1.0,1240,7200.0,1.0,0,0,3,1240,0.0,1967,2011,4036 S 119th St,Tukwila,WA 98168,USA,47,1,-0.9561,-0.21,-0.6849,-0.665,0.1271
2014-05-14 00:00:00,437000.0,3.0,2.75,2580,5200.0,2.0,0,0,3,2580,0.0,2008,0,808 Hoquiam Ave NE,Renton,WA 98059,USA,6,0,0.5054,-0.2657,0.9216,-0.665,-1.2507
2014-05-14 00:00:00,773000.0,3.0,2.75,2470,3600.0,2.0,0,0,3,2470,0.0,2007,0,1458-1462 29th Pl NE,Issaquah,WA 98029,USA,7,0,0.3854,-0.3104,0.7897,-0.665,-1.2171
2014-05-14 00:00:00,1222500.0,4.0,3.5,4910,9444.0,1.5,0,0,3,3110,0.0,2007,0,4531 205th Pl NE,Sammamish,WA 98074,USA,7,0,3.0466,-0.1474,1.557,-0.665,-1.2171
2014-05-15 00:00:00,256883.0,3.0,2.5,1690,5025.0,2.0,0,0,3,1690,0.0,2003,0,833 SW 361st St,Federal Way,WA 98023,USA,11,0,-0.4653,-0.2706,-0.1454,-0.665,-1.0827
2014-05-15 00:00:00,592500.0,4.0,2.5,2240,12032.0,1.0,0,0,3,2240,0.0,1983,2009,24231 NE 5th Pl,Sammamish,WA 98074,USA,31,1,0.1346,-0.0753,0.514,-0.665,-0.4106
2014-05-15 00:00:00,252350.0,3.0,2.0,1650,7352.0,1.0,0,0,3,1160,490.0,1979,2014,12902 SE 158th Pl,Renton,WA 98058,USA,35,1,-0.5089,-0.2057,-0.7808,0.4297,-0.2762
2014-05-15 00:00:00,370000.0,4.0,2.5,2710,5880.0,2.0,0,0,3,2710,0.0,1998,2006,12713 SE 302nd St,Auburn,WA 98092,USA,16,1,0.6472,-0.2468,1.0775,-0.665,-0.9146
2014-05-15 00:00:00,465750.0,3.0,1.5,1260,10350.0,1.0,0,0,3,1260,0.0,1959,1989,16231 NE 29th St,Bellevue,WA 98008,USA,55,1,-0.9343,-0.1221,-0.6609,-0.665,0.3959
2014-05-15 00:00:00,185000.0,3.0,1.0,1150,8100.0,1.0,0,0,3,1150,0.0,1932,0,12208 20th Ave S,Seattle,WA 98168,USA,82,0,-1.0542,-0.1849,-0.7928,-0.665,1.3032
2014-05-15 00:00:00,582800.0,4.0,2.75,2550,7636.0,1.0,0,0,3,1440,1110.0,1986,0,21023-21029 NE 42nd St,Sammamish,WA 98074,USA,28,0,0.4727,-0.1978,-0.4451,1.8148,-0.5114
2014-05-15 00:00:00,245000.0,3.0,1.75,1490,6930.0,1.0,0,0,4,1490,0.0,1990,0,12145 SE 260th Pl,Kent,WA 98030,USA,24,0,-0.6834,-0.2175,-0.3851,-0.665,-0.6458
2014-05-15 00:00:00,302000.0,4.0,1.75,2020,7865.0,1.0,0,0,4,1010,1010.0,1963,0,1001 Whitman Ct NE,Renton,WA 98059,USA,51,0,-0.1054,-0.1914,-0.9606,1.5914,0.2615
2014-05-15 00:00:00,451555.0,2.0,1.0,1320,4520.0,1.0,0,1,3,1320,0.0,1912,1971,4137 48th Ave SW,Seattle,WA 98116,USA,102,1,-0.8688,-0.2847,-0.5889,-0.665,1.9753
2014-05-15 00:00:00,250000.0,3.0,1.0,1230,10350.0,1.0,0,0,4,1230,0.0,1957,2001,19415 107th Ave SE,Renton,WA 98055,USA,57,1,-0.967,-0.1221,-0.6968,-0.665,0.4631
2014-05-15 00:00:00,255000.0,4.0,2.5,2070,7800.0,2.0,0,0,3,2070,0.0,1989,0,1422 S 282nd Pl,Federal Way,WA 98003,USA,25,0,-0.0508,-0.1933,0.3102,-0.665,-0.6122
2014-05-15 00:00:00,840000.0,4.0,1.75,2930,11562.0,1.0,0,3,3,1670,1260.0,1947,2012,3539 NW 67th St,Seattle,WA 98117,USA,67,1,0.8871,-0.0884,-0.1693,2.1499,0.7991
2014-05-15 00:00:00,190000.0,3.0,1.0,1090,8520.0,1.0,0,0,3,1090,0.0,1967,2011,29611 21st Ave S,Federal Way,WA 98003,USA,47,1,-1.1197,-0.1732,-0.8647,-0.665,0.1271
2014-05-15 00:00:00,349950.0,3.0,1.0,1400,7066.0,1.0,0,0,3,1400,0.0,1957,2000,11515 4th Ave NE,Seattle,WA 98125,USA,57,1,-0.7816,-0.2137,-0.493,-0.665,0.4631
2014-05-15 00:00:00,613000.0,4.0,2.0,1550,4815.0,1.5,0,0,3,1550,0.0,1909,2004,5212 Wallingford Ave N,Seattle,WA 98103,USA,105,1,-0.618,-0.2765,-0.3132,-0.665,2.0761
2014-05-15 00:00:00,300000.0,3.0,1.0,1220,13000.0,1.0,0,0,4,1220,0.0,1955,2009,18218 Evanston Ave N,Shoreline,WA 98133,USA,59,1,-0.9779,-0.0483,-0.7088,-0.665,0.5303
2014-05-15 00:00:00,455000.0,3.0,2.5,1870,7344.0,1.0,0,0,3,1470,400.0,1980,0,14013 101st Pl NE,Kirkland,WA 98034,USA,34,0,-0.269,-0.206,-0.4091,0.2286,-0.3098
2014-05-15 00:00:00,335000.0,3.0,2.25,2150,30476.0,2.0,0,0,3,2150,0.0,1991,0,4446 S 160th St,Tukwila,WA 98188,USA,23,0,0.0364,0.439,0.4061,-0.665,-0.6794
2014-05-15 00:00:00,197500.0,3.0,1.0,980,3090.0,1.5,0,0,3,980,0.0,1903,2005,4531 S Lucile St,Seattle,WA 98118,USA,111,1,-1.2397,-0.3246,-0.9966,-0.665,2.2777
2014-05-15 00:00:00,412500.0,3.0,1.5,1490,8475.0,1.0,0,0,4,1490,0.0,1963,0,5419 156th Ave NE,Redmond,WA 98052,USA,51,0,-0.6834,-0.1744,-0.3851,-0.665,0.2615
2014-05-15 00:00:00,395300.0,3.0,1.5,1120,7000.0,1.0,0,0,3,1120,0.0,1955,2005,1323 145th Ave SE,Bellevue,WA 98007,USA,59,1,-1.087,-0.2156,-0.8287,-0.665,0.5303
2014-05-15 00:00:00,342400.0,3.0,2.25,1180,9630.0,2.0,0,0,3,1180,0.0,1986,0,8121 NE 147th Pl,Kenmore,WA 98028,USA,28,0,-1.0215,-0.1422,-0.7568,-0.665,-0.5114
2014-05-15 00:00:00,749400.0,4.0,2.5,3240,20301.0,2.0,0,0,3,3240,0.0,1985,0,17013 NE 133rd St,Redmond,WA 98052,USA,29,0,1.2252,0.1553,1.7129,-0.665,-0.4778
2014-05-15 00:00:00,316500.0,4.0,2.5,2150,6807.0,2.0,0,0,4,2150,0.0,1991,0,11401 SE 219th Pl,Kent,WA 98031,USA,23,0,0.0364,-0.2209,0.4061,-0.665,-0.6794
2014-05-15 00:00:00,390000.0,3.0,2.5,2240,10800.0,2.0,0,0,3,2240,0.0,1996,0,15839 84th Ave NE,Kenmore,WA 98028,USA,18,0,0.1346,-0.1096,0.514,-0.665,-0.8474
2014-05-15 00:00:00,225000.0,3.0,2.0,1400,7384.0,1.0,0,0,3,1150,250.0,1979,2014,3311 SE 17th St,Renton,WA 98058,USA,35,1,-0.7816,-0.2048,-0.7928,-0.1065,-0.2762
2014-05-15 00:00:00,550000.0,3.0,2.25,1980,40887.0,1.0,0,0,4,1980,0.0,1980,0,4216 232nd Ave NE,Redmond,WA 98053,USA,34,0,-0.149,0.7293,0.2023,-0.665,-0.3098
2014-05-15 00:00:00,280000.0,3.0,1.0,1330,20562.0,1.5,0,0,3,1330,0.0,1959,1989,13219 424th Ave SE,North Bend,WA 98045,USA,55,1,-0.8579,0.1626,-0.577,-0.665,0.3959
2014-05-15 00:00:00,1255000.0,4.0,2.5,3200,7535.0,2.0,0,0,3,3200,0.0,2006,0,5038 48th Ave NE,Seattle,WA 98105,USA,8,0,1.1816,-0.2006,1.6649,-0.665,-1.1835
2014-05-15 00:00:00,575000.0,2.0,1.0,1490,6000.0,1.0,0,0,3,1090,400.0,1946,0,1106 25th Ave E,Seattle,WA 98112,USA,68,0,-0.6834,-0.2434,-0.8647,0.2286,0.8327
2014-05-15 00:00:00,1000000.0,5.0,4.25,3920,16258.0,2.0,0,0,3,2900,1020.0,1990,2009,2548 111th Ave SE,Bellevue,WA 98004,USA,24,1,1.9669,0.0426,1.3053,1.6137,-0.6458
2014-05-15 00:00:00,585000.0,5.0,1.75,2000,3750.0,2.0,0,0,4,2000,0.0,1921,0,309 N 46th St,Seattle,WA 98103,USA,93,0,-0.1272,-0.3062,0.2263,-0.665,1.6728
2014-05-15 00:00:00,620000.0,4.0,2.5,2680,9185.0,2.0,0,0,3,2680,0.0,1989,0,26118 SE 39th Ct,Issaquah,WA 98029,USA,25,0,0.6145,-0.1546,1.0415,-0.665,-0.6122
2014-05-15 00:00:00,204700.0,4.0,2.0,1670,9987.0,1.0,0,0,3,1670,0.0,1967,2011,29031 40th Ave S,Auburn,WA 98001,USA,47,1,-0.4871,-0.1323,-0.1693,-0.665,0.1271
2014-05-15 00:00:00,695000.0,4.0,3.0,3150,9130.0,2.0,0,0,3,3150,0.0,2001,0,24038 SE 13th Pl,Sammamish,WA 98075,USA,13,0,1.1271,-0.1562,1.605,-0.665,-1.0154
2014-05-15 00:00:00,689900.0,4.0,3.25,2740,7266.0,2.0,0,0,3,2060,680.0,2003,0,392 Wilderness Peak Dr NW,Issaquah,WA 98027,USA,11,0,0.6799,-0.2081,0.2982,0.8542,-1.0827
2014-05-15 00:00:00,375000.0,4.0,1.75,1890,8000.0,1.0,0,0,4,1250,640.0,1960,2001,2145 N 178th St,Shoreline,WA 98133,USA,54,1,-0.2471,-0.1877,-0.6729,0.7648,0.3623
2014-05-15 00:00:00,475000.0,7.0,3.5,2870,29699.0,1.0,0,0,3,1520,1350.0,1961,2004,11738 1st Ave NE,Seattle,WA 98125,USA,53,1,0.8217,0.4174,-0.3492,2.351,0.3287
2014-05-15 00:00:00,215000.0,3.0,1.0,1160,10384.0,1.0,0,0,4,1160,0.0,1969,0,26516 235th Ave SE,Maple Valley,WA 98038,USA,45,0,-1.0433,-0.1212,-0.7808,-0.665,0.0599
2014-05-15 00:00:00,2100000.0,4.0,1.75,3550,19865.0,2.0,0,0,3,3550,0.0,1962,2002,7822 NE 14th St,Medina,WA 98039,USA,52,1,1.5633,0.1432,2.0845,-0.665,0.2951
2014-05-15 00:00:00,790000.0,3.0,1.75,1790,6117.0,1.0,0,2,3,1350,440.0,1940,1996,1922 35th Ave W,Seattle,WA 98199,USA,74,1,-0.3562,-0.2402,-0.553,0.318,1.0344
2014-05-15 00:00:00,350000.0,3.0,1.75,1680,250470.0,1.0,0,0,4,1070,610.0,1940,2001,18949 Mountain View Rd NE,Duvall,WA 98019,USA,74,1,-0.4762,6.573,-0.8887,0.6978,1.0344
2014-05-15 00:00:00,695000.0,3.0,2.5,4560,17622.0,2.0,0,0,4,3800,760.0,1986,0,1315 232nd Pl NE,Sammamish,WA 98074,USA,28,0,2.6649,0.0806,2.3842,1.0329,-0.5114
2014-05-15 00:00:00,263000.0,3.0,2.25,1590,7663.0,2.0,0,0,4,1590,0.0,1991,0,35219 26th Ct S,Federal Way,WA 98003,USA,23,0,-0.5743,-0.1971,-0.2653,-0.665,-0.6794
2014-05-15 00:00:00,400000.0,3.0,1.0,1630,10304.0,1.0,0,0,5,1630,0.0,1953,0,17228 11th Ave NE,Shoreline,WA 98155,USA,61,0,-0.5307,-0.1234,-0.2173,-0.665,0.5975
2014-05-15 00:00:00,525000.0,3.0,2.5,2700,7434.0,2.0,0,0,3,2700,0.0,1991,0,12415 NE 160th St,Woodinville,WA 98072,USA,23,0,0.6363,-0.2035,1.0655,-0.665,-0.6794
2014-05-15 00:00:00,349950.0,3.0,2.5,1700,7496.0,2.0,0,0,3,1700,0.0,1994,0,18901-18937 114th Ct SE,Renton,WA 98055,USA,20,0,-0.4544,-0.2017,-0.1334,-0.665,-0.7802
2014-05-15 00:00:00,1085000.0,4.0,3.25,3740,12080.0,1.0,0,0,3,2000,1740.0,1988,2000,13704-13712 209th Ave NE,Woodinville,WA 98077,USA,26,1,1.7706,-0.0739,0.2263,3.2222,-0.5786
2014-05-15 00:00:00,744000.0,4.0,3.0,1980,5352.0,2.5,0,0,3,1980,0.0,1941,2005,4103 SW Kenyon St,Seattle,WA 98136,USA,73,1,-0.149,-0.2615,0.2023,-0.665,1.0008
2014-05-15 00:00:00,312500.0,2.0,1.0,880,6345.0,1.0,0,0,3,880,0.0,1919,2001,7558 19th Ave SW,Seattle,WA 98106,USA,95,1,-1.3487,-0.2338,-1.1165,-0.665,1.74
2014-05-15 00:00:00,240000.0,3.0,2.0,1400,6200.0,1.0,0,0,3,700,700.0,1948,1994,1610 N 185th St,Shoreline,WA 98133,USA,66,1,-0.7816,-0.2379,-1.3322,0.8988,0.7655
2014-05-15 00:00:00,495000.0,4.0,2.0,2050,4000.0,1.5,0,0,5,1210,840.0,1941,0,2609 21st Ave S,Seattle,WA 98144,USA,73,0,-0.0726,-0.2992,-0.7208,1.2116,1.0008
2014-05-15 00:00:00,580050.0,3.0,2.5,2360,4638.0,2.0,0,3,3,2360,0.0,1996,0,601 NE 76th St,Seattle,WA 98115,USA,18,0,0.2655,-0.2814,0.6579,-0.665,-0.8474
2014-05-15 00:00:00,640000.0,4.0,2.0,2560,7798.0,1.0,0,0,4,1890,670.0,1947,1988,8600-8698 30th Ave NE,Seattle,WA 98115,USA,67,1,0.4836,-0.1933,0.0944,0.8318,0.7991
2014-05-15 00:00:00,417000.0,3.0,1.5,1340,10224.0,1.0,0,0,4,1340,0.0,1956,0,3825 138th Ave SE,Bellevue,WA 98006,USA,58,0,-0.847,-0.1257,-0.565,-0.665,0.4967
2014-05-15 00:00:00,174950.0,3.0,1.0,1060,5200.0,1.0,0,0,5,1060,0.0,1970,0,26635 Timberlane Dr SE,Covington,WA 98042,USA,44,0,-1.1524,-0.2657,-0.9007,-0.665,0.0263
2014-05-15 00:00:00,295000.0,3.0,1.5,850,2500.0,1.0,0,0,3,850,0.0,1986,0,4020 21st Ave SW,Seattle,WA 98106,USA,28,0,-1.3814,-0.341,-1.1524,-0.665,-0.5114
2014-05-15 00:00:00,423000.0,4.0,1.75,1880,7303.0,1.0,0,0,3,1010,870.0,1976,0,10320 NE 125th Pl,Kirkland,WA 98034,USA,38,0,-0.2581,-0.2071,-0.9606,1.2786,-0.1754
2014-05-15 00:00:00,839000.0,3.0,1.0,1230,12305.0,1.0,0,0,3,1230,0.0,1955,1990,10904 SE 1st St,Bellevue,WA 98004,USA,59,1,-0.967,-0.0676,-0.6968,-0.665,0.5303
2014-05-15 00:00:00,343000.0,4.0,1.75,2290,10290.0,1.0,0,0,3,1340,950.0,1960,2012,2816 SW 110th Pl,Seattle,WA 98146,USA,54,1,0.1891,-0.1238,-0.565,1.4573,0.3623
2014-05-15 00:00:00,467000.0,3.0,1.0,1660,6582.0,1.0,0,0,5,1000,660.0,1946,0,12033 Dayton Ave N,Seattle,WA 98133,USA,68,0,-0.498,-0.2272,-0.9726,0.8095,0.8327
2014-05-15 00:00:00,512500.0,3.0,2.5,1840,2875.0,2.0,0,0,4,1840,0.0,1997,0,4530 48th Ave SW,Seattle,WA 98116,USA,17,0,-0.3017,-0.3306,0.0345,-0.665,-0.881
2014-05-15 00:00:00,575000.0,4.0,2.5,3020,17810.0,1.0,0,0,3,1600,1420.0,1979,2014,4527-4553 NE 201st Pl,Lake Forest Park,WA 98155,USA,35,1,0.9853,0.0859,-0.2533,2.5073,-0.2762
2014-05-15 00:00:00,465000.0,3.0,1.75,1410,6886.0,1.0,0,0,3,1410,0.0,1924,2013,12215 Dayton Ave N,Seattle,WA 98133,USA,90,1,-0.7707,-0.2187,-0.4811,-0.665,1.572
2014-05-15 00:00:00,270000.0,3.0,1.0,1010,9514.0,1.0,0,0,3,1010,0.0,1969,2010,17620 SE 121st Pl,Renton,WA 98059,USA,45,1,-1.2069,-0.1455,-0.9606,-0.665,0.0599
2014-05-15 00:00:00,340000.0,3.0,1.75,1960,8136.0,1.0,0,0,3,980,980.0,1948,1994,2419 SW Barton St,Seattle,WA 98106,USA,66,1,-0.1708,-0.1839,-0.9966,1.5244,0.7655
2014-05-15 00:00:00,765000.0,5.0,3.75,3580,14275.0,2.0,0,0,3,3190,390.0,1999,0,170 Mt Quay Dr NW,Issaquah,WA 98027,USA,15,0,1.5961,-0.0127,1.6529,0.2063,-0.9482
2014-05-15 00:00:00,497000.0,4.0,2.5,2240,7200.0,2.0,0,0,3,2240,0.0,1995,0,4417 47th Ave S,Seattle,WA 98118,USA,19,0,0.1346,-0.21,0.514,-0.665,-0.8138
2014-05-15 00:00:00,803100.0,4.0,2.5,3310,5404.0,2.0,0,0,3,3310,0.0,2004,2003,19107 NE 64th Way,Redmond,WA 98052,USA,10,1,1.3016,-0.2601,1.7968,-0.665,-1.1163
2014-05-15 00:00:00,344000.0,3.0,2.5,1232,1130.0,3.0,0,0,3,1232,0.0,2007,0,12331 A 10th Pl NE,Seattle,WA 98125,USA,7,0,-0.9648,-0.3792,-0.6944,-0.665,-1.2171
2014-05-15 00:00:00,828950.0,4.0,3.5,3930,5680.0,2.0,0,1,3,2820,1110.0,2013,1923,19601-19853 Newport Way NW,Issaquah,WA 98027,USA,1,1,1.9778,-0.2524,1.2093,1.8148,-1.4187
2014-05-15 00:00:00,386380.0,3.0,2.5,1720,3600.0,2.0,0,0,3,1720,0.0,2010,0,9881 244th Pl NE,Redmond,WA 98053,USA,4,0,-0.4326,-0.3104,-0.1094,-0.665,-1.3179
2014-05-15 00:00:00,312000.0,3.0,2.25,1490,974.0,2.0,0,0,3,1220,270.0,2009,0,5021 Delridge Way SW,Seattle,WA 98106,USA,5,0,-0.6834,-0.3836,-0.7088,-0.0618,-1.2843
2014-05-15 00:00:00,720000.0,3.0,2.5,3150,151588.0,2.0,0,0,3,3150,0.0,2007,0,31215 SE 40th St,Fall City,WA 98024,USA,7,0,1.1271,3.8159,1.605,-0.665,-1.2171
2014-05-15 00:00:00,914500.0,4.0,2.5,3950,10856.0,3.0,0,0,3,3950,0.0,2013,1923,25707 SE 30th St,Sammamish,WA 98075,USA,1,1,1.9996,-0.108,2.5641,-0.665,-1.4187
2014-05-15 00:00:00,819995.0,5.0,2.75,3030,10335.0,2.0,0,0,3,3030,0.0,2013,1923,8024 117th Pl SE,Newcastle,WA 98056,USA,1,1,0.9962,-0.1226,1.4611,-0.665,-1.4187
2014-05-16 00:00:00,252700.0,2.0,1.5,1070,7663.0,1.0,0,0,3,1070,0.0,1985,0,13105 SE 277th Pl,Kent,WA 98030,USA,29,0,-1.1415,-0.1971,-0.8887,-0.665,-0.4778
2014-05-16 00:00:00,437500.0,3.0,2.5,2320,36847.0,2.0,0,2,3,2320,0.0,1992,0,12711 470th Ave SE,North Bend,WA 98045,USA,22,0,0.2218,0.6167,0.6099,-0.665,-0.713
2014-05-16 00:00:00,350000.0,1.0,1.0,700,5100.0,1.0,0,0,3,700,0.0,1942,1999,6849 26th Ave NE,Seattle,WA 98115,USA,72,1,-1.545,-0.2685,-1.3322,-0.665,0.9672
2014-05-16 00:00:00,619000.0,3.0,2.5,2720,6439.0,2.0,0,0,3,2720,0.0,2005,0,6516 Denny Peak Dr SE,Snoqualmie,WA 98065,USA,9,0,0.6581,-0.2312,1.0895,-0.665,-1.1499
2014-05-16 00:00:00,408200.0,3.0,2.5,1800,5761.0,2.0,0,0,4,1800,0.0,1990,0,8124 24th Ave SW,Seattle,WA 98106,USA,24,0,-0.3453,-0.2501,-0.0135,-0.665,-0.6458
2014-05-16 00:00:00,451000.0,3.0,1.75,1560,4049.0,1.5,0,2,3,1000,560.0,1926,2003,4042 34th Ave SW,Seattle,WA 98126,USA,88,1,-0.6071,-0.2978,-0.9726,0.5861,1.5048
2014-05-16 00:00:00,317000.0,3.0,2.0,1760,11410.0,1.0,0,0,5,1060,700.0,1977,0,16703 133rd Pl SE,Renton,WA 98058,USA,37,0,-0.3889,-0.0926,-0.9007,0.8988,-0.209
2014-05-16 00:00:00,799000.0,4.0,3.25,3120,5000.0,2.0,0,0,3,2370,750.0,2005,0,2561 NE 85th St,Seattle,WA 98115,USA,9,0,1.0944,-0.2713,0.6699,1.0105,-1.1499
2014-05-16 00:00:00,720000.0,2.0,1.0,2020,7200.0,1.0,0,3,4,1700,320.0,1947,1988,10835 41st Ave SW,Seattle,WA 98146,USA,67,1,-0.1054,-0.21,-0.1334,0.0499,0.7991
2014-05-16 00:00:00,490000.0,3.0,2.0,1450,2400.0,1.5,0,0,3,1450,0.0,1900,2003,1746 NW 60th St,Seattle,WA 98107,USA,114,1,-0.727,-0.3438,-0.4331,-0.665,2.3785
2014-05-16 00:00:00,239900.0,4.0,2.25,1860,7000.0,1.0,0,0,3,1120,740.0,1979,2014,401 SW 322nd St,Federal Way,WA 98023,USA,35,1,-0.2799,-0.2156,-0.8287,0.9882,-0.2762
2014-05-16 00:00:00,446000.0,4.0,2.25,2270,7800.0,1.0,0,0,3,1290,980.0,1977,2004,11123 NE 141st Pl,Kirkland,WA 98034,USA,37,1,0.1673,-0.1933,-0.6249,1.5244,-0.209
2014-05-16 00:00:00,275000.0,3.0,2.5,1480,15639.0,2.0,0,0,3,1480,0.0,1987,2000,44402 SE 142nd Pl,North Bend,WA 98045,USA,27,1,-0.6943,0.0253,-0.3971,-0.665,-0.545
2014-05-16 00:00:00,239950.0,5.0,1.0,1460,6032.0,2.0,0,0,4,1460,0.0,1941,1998,13012 41st Ave S,Tukwila,WA 98168,USA,73,1,-0.7161,-0.2425,-0.4211,-0.665,1.0008
2014-05-16 00:00:00,248000.0,4.0,3.5,1850,6519.0,2.0,0,0,3,1130,720.0,1986,0,1501-1515 SW 327th St,Federal Way,WA 98023,USA,28,0,-0.2908,-0.229,-0.8167,0.9435,-0.5114
2014-05-16 00:00:00,619500.0,3.0,2.5,2170,5000.0,2.0,0,0,3,2170,0.0,2003,0,1778 26th Ave NE,Issaquah,WA 98029,USA,11,0,0.0582,-0.2713,0.4301,-0.665,-1.0827
2014-05-16 00:00:00,363750.0,3.0,1.75,1726,197326.0,2.0,0,0,4,1726,0.0,1982,2011,28507 Vashon Hwy SW,Vashon,WA 98070,USA,32,1,-0.426,5.0912,-0.1022,-0.665,-0.377
2014-05-16 00:00:00,385000.0,3.0,1.75,1180,10541.0,1.0,0,0,4,940,240.0,1981,0,23013 NE 28th St,Sammamish,WA 98074,USA,33,0,-1.0215,-0.1168,-1.0445,-0.1288,-0.3434
2014-05-16 00:00:00,370000.0,4.0,1.5,1370,9957.0,1.0,0,0,3,900,470.0,1972,2002,12054 NE 137th Ct,Kirkland,WA 98034,USA,42,1,-0.8143,-0.1331,-1.0925,0.385,-0.0409
2014-05-16 00:00:00,425000.0,3.0,2.5,2670,13218.0,1.0,0,0,4,2670,0.0,1988,0,26010 141st Ave SE,Kent,WA 98042,USA,26,0,0.6036,-0.0422,1.0295,-0.665,-0.5786
2014-05-16 00:00:00,342000.0,3.0,1.0,1260,6826.0,1.0,0,0,3,720,540.0,1944,0,14040 24th Ave NE,Seattle,WA 98125,USA,70,0,-0.9343,-0.2204,-1.3083,0.5414,0.8999
2014-05-16 00:00:00,345000.0,4.0,1.0,1980,7663.0,1.5,0,0,3,1980,0.0,1962,2003,12652 SE 160th St,Renton,WA 98058,USA,52,1,-0.149,-0.1971,0.2023,-0.665,0.2951
2014-05-16 00:00:00,724800.0,3.0,2.0,2050,3933.0,1.0,0,0,3,1180,870.0,1926,2001,2610 E Montlake Pl E,Seattle,WA 98112,USA,88,1,-0.0726,-0.3011,-0.7568,1.2786,1.5048
2014-05-16 00:00:00,725000.0,5.0,2.75,2830,7663.0,2.0,0,0,3,2830,0.0,2006,0,11931 179th Pl NE,Redmond,WA 98052,USA,8,0,0.7781,-0.1971,1.2213,-0.665,-1.1835
2014-05-16 00:00:00,605000.0,2.0,1.0,910,3600.0,1.0,0,0,4,910,0.0,1909,1989,1617-1621 3rd Ave W,Seattle,WA 98119,USA,105,1,-1.316,-0.3104,-1.0805,-0.665,2.0761
2014-05-16 00:00:00,350000.0,4.0,2.5,2440,4000.0,2.0,0,0,3,2440,0.0,2009,0,24246 229th Ave SE,Maple Valley,WA 98038,USA,5,0,0.3527,-0.2992,0.7538,-0.665,-1.2843
2014-05-16 00:00:00,785000.0,3.0,2.0,2180,5440.0,1.0,0,0,5,1100,1080.0,1904,0,4111 Woodland Park Ave N,Seattle,WA 98103,USA,110,0,0.0691,-0.2591,-0.8527,1.7478,2.2441
2014-05-16 00:00:00,250000.0,3.0,2.0,1900,6660.0,1.0,0,0,5,950,950.0,1966,0,27022 216th Ave SE,Maple Valley,WA 98038,USA,48,0,-0.2362,-0.225,-1.0325,1.4573,0.1607
2014-05-16 00:00:00,565000.0,3.0,2.25,1520,1221.0,3.0,0,0,3,1520,0.0,2013,1923,1512 NW 62nd St,Seattle,WA 98107,USA,1,1,-0.6507,-0.3767,-0.3492,-0.665,-1.4187
2014-05-16 00:00:00,875000.0,3.0,2.0,2220,6641.0,1.0,0,2,4,1220,1000.0,1947,1988,2559 24th Ave W,Seattle,WA 98199,USA,67,1,0.1128,-0.2256,-0.7088,1.569,0.7991
2014-05-16 00:00:00,862500.0,4.0,2.25,3280,24440.0,2.0,0,0,3,3280,0.0,1996,0,12040 201st Pl NE,Woodinville,WA 98077,USA,18,0,1.2689,0.2707,1.7608,-0.665,-0.8474
2014-05-16 00:00:00,400000.0,3.0,2.5,2740,83199.0,2.0,0,4,3,2740,0.0,1973,2013,27200-27218 52nd Ave S,Kent,WA 98032,USA,41,1,0.6799,1.9091,1.1134,-0.665,-0.0746
2014-05-16 00:00:00,282613.0,2.0,1.0,830,6017.0,1.0,0,0,4,830,0.0,1954,1979,16221 Bagley Pl N,Shoreline,WA 98133,USA,60,1,-1.4033,-0.243,-1.1764,-0.665,0.5639
2014-05-16 00:00:00,174500.0,2.0,1.0,1010,5200.0,1.0,0,0,3,1010,0.0,1955,2005,20721 9th Ave S,Des Moines,WA 98198,USA,59,1,-1.2069,-0.2657,-0.9606,-0.665,0.5303
2014-05-16 00:00:00,306500.0,3.0,2.25,2060,38377.0,1.0,0,0,4,1560,500.0,1978,2000,36415 12th Pl S,Federal Way,WA 98003,USA,36,1,-0.0617,0.6593,-0.3012,0.452,-0.2426
2014-05-16 00:00:00,445000.0,3.0,2.25,1990,7340.0,2.0,0,0,3,1990,0.0,1984,0,17849 149th Ave NE,Woodinville,WA 98072,USA,30,0,-0.1381,-0.2061,0.2143,-0.665,-0.4442
2014-05-16 00:00:00,433000.0,4.0,2.5,2280,7568.0,2.0,0,0,4,2280,0.0,2001,0,2207 Kennewick Pl NE,Renton,WA 98056,USA,13,0,0.1782,-0.1997,0.562,-0.665,-1.0154
2014-05-16 00:00:00,306000.0,3.0,2.5,1870,5874.0,2.0,0,0,3,1870,0.0,2005,0,22610 133rd Pl SE,Kent,WA 98042,USA,9,0,-0.269,-0.247,0.0704,-0.665,-1.1499
2014-05-16 00:00:00,620000.0,3.0,2.25,1720,4000.0,1.5,0,0,4,1450,270.0,1921,0,5255 39th Ave NE,Seattle,WA 98105,USA,93,0,-0.4326,-0.2992,-0.4331,-0.0618,1.6728
2014-05-16 00:00:00,245000.0,2.0,1.0,870,7663.0,1.0,0,0,3,870,0.0,1941,1994,8627 9th Ave SW,Seattle,WA 98106,USA,73,1,-1.3596,-0.1971,-1.1284,-0.665,1.0008
2014-05-16 00:00:00,238000.0,3.0,2.0,1020,1204.0,2.0,0,0,3,720,300.0,2004,2003,3419 SW Morgan St,Seattle,WA 98126,USA,10,1,-1.196,-0.3772,-1.3083,0.0052,-1.1163
2014-05-16 00:00:00,523000.0,3.0,1.5,1260,3135.0,1.5,0,0,3,1260,0.0,1931,0,3200 44th Ave SW,Seattle,WA 98116,USA,83,0,-0.9343,-0.3233,-0.6609,-0.665,1.3368
2014-05-16 00:00:00,522500.0,3.0,2.5,2370,7875.0,2.0,0,0,3,2370,0.0,2003,0,6504 E Crest View Loop SE,Snoqualmie,WA 98065,USA,11,0,0.2764,-0.1912,0.6699,-0.665,-1.0827
2014-05-16 00:00:00,180000.0,3.0,1.0,1000,18513.0,1.0,0,0,3,1000,0.0,1940,1996,1001 SW 102nd St,Seattle,WA 98146,USA,74,1,-1.2178,0.1055,-0.9726,-0.665,1.0344
2014-05-16 00:00:00,375000.0,3.0,1.5,1100,1751.0,2.0,0,0,3,940,160.0,2007,0,2001 S Norman St,Seattle,WA 98144,USA,7,0,-1.1088,-0.3619,-1.0445,-0.3076,-1.2171
2014-05-16 00:00:00,249000.0,3.0,2.25,1440,7673.0,1.0,0,0,3,940,0.0,1982,0,22119 123rd Ave SE,Kent,WA 98031,USA,32,0,-0.7379,-0.1968,-1.0445,-0.665,-0.377
2014-05-16 00:00:00,730100.0,4.0,2.5,3120,14300.0,2.0,0,0,3,3120,0.0,2003,0,120 Mt Si Pl NW,Issaquah,WA 98027,USA,11,0,1.0944,-0.012,1.569,-0.665,-1.0827
2014-05-16 00:00:00,551000.0,2.0,2.0,2260,9604.0,1.0,0,0,3,2260,0.0,1990,2009,9930 NE 197th St,Bothell,WA 98011,USA,24,1,0.1564,-0.143,0.538,-0.665,-0.6458
2014-05-16 00:00:00,375000.0,4.0,2.5,2790,7956.0,2.0,0,0,3,2790,0.0,2005,0,26004 18th Ave S,Des Moines,WA 98198,USA,9,0,0.7344,-0.1889,1.1734,-0.665,-1.1499
2014-05-16 00:00:00,540000.0,1.0,1.0,1140,6700.0,1.5,0,0,3,1140,0.0,1920,1979,9055 Palatine Ave N,Seattle,WA 98103,USA,94,1,-1.0651,-0.2239,-0.8047,-0.665,1.7064
2014-05-16 00:00:00,605000.0,3.0,2.25,1290,2500.0,2.0,0,0,4,1290,0.0,1987,0,411 27th Ave E,Seattle,WA 98112,USA,27,0,-0.9015,-0.341,-0.6249,-0.665,-0.545
2014-05-16 00:00:00,205000.0,5.0,1.75,1730,5200.0,1.0,0,0,4,1050,680.0,1978,2000,26607 190th Ave SE,Covington,WA 98042,USA,36,1,-0.4217,-0.2657,-0.9126,0.8542,-0.2426
2014-05-16 00:00:00,645000.0,4.0,2.5,3160,11380.0,2.0,0,0,3,3160,0.0,1983,2009,2504 225th Pl NE,Sammamish,WA 98074,USA,31,1,1.138,-0.0934,1.617,-0.665,-0.4106
2014-05-16 00:00:00,314000.0,4.0,2.5,2340,8990.0,2.0,0,0,3,2340,0.0,2003,0,24925 234th Pl SE,Maple Valley,WA 98038,USA,11,0,0.2436,-0.1601,0.6339,-0.665,-1.0827
2014-05-16 00:00:00,330000.0,3.0,1.5,1170,4950.0,1.0,0,0,4,1170,0.0,1960,2001,15421 SE 4th Pl,Bellevue,WA 98007,USA,54,1,-1.0324,-0.2727,-0.7688,-0.665,0.3623
2014-05-16 00:00:00,490000.0,2.0,1.0,1160,5000.0,1.0,0,0,4,1160,0.0,1937,0,7752 33rd Ave NW,Seattle,WA 98117,USA,77,0,-1.0433,-0.2713,-0.7808,-0.665,1.1352
2014-05-16 00:00:00,445000.0,3.0,3.0,1970,24318.0,1.0,0,0,3,1970,0.0,2010,0,18819 71st Ave NE,Kenmore,WA 98028,USA,4,0,-0.1599,0.2673,0.1903,-0.665,-1.3179
2014-05-16 00:00:00,2000000.0,5.0,4.25,6490,10862.0,2.0,0,3,4,3940,2550.0,1991,0,4080 E Mercer Way,Mercer Island,WA 98040,USA,23,0,4.7699,-0.1079,2.5521,5.0318,-0.6794
2014-05-16 00:00:00,377500.0,3.0,2.25,1410,1377.0,2.0,0,0,3,1290,120.0,2005,0,2012 NW Boulder Way Dr,Issaquah,WA 98027,USA,9,0,-0.7707,-0.3723,-0.6249,-0.3969,-1.1499
2014-05-16 00:00:00,480000.0,4.0,2.5,2430,5000.0,2.0,0,0,3,2430,0.0,2009,0,35019 SE Terrace St,Snoqualmie,WA 98065,USA,5,0,0.3418,-0.2713,0.7418,-0.665,-1.2843
2014-05-16 00:00:00,804995.0,5.0,1.5,3360,5402.0,2.0,0,0,3,3360,0.0,2014,0,21481 SE 2nd Pl,Sammamish,WA 98074,USA,0,0,1.3561,-0.2601,1.8567,-0.665,-1.4523
2014-05-16 00:00:00,341000.0,3.0,2.5,1480,1663.0,2.0,0,0,3,1180,300.0,2012,1912,6510 34th Ave SW,Seattle,WA 98126,USA,2,1,-0.6943,-0.3644,-0.7568,0.0052,-1.3851
2014-05-16 00:00:00,675000.0,5.0,2.5,3200,6455.0,2.0,0,0,3,3200,0.0,2009,0,6227-6299 Whitaker Ln SE,Snoqualmie,WA 98065,USA,5,0,1.1816,-0.2308,1.6649,-0.665,-1.2843
2014-05-16 00:00:00,611000.0,3.0,2.5,2134,1984.0,2.5,0,0,3,2134,0.0,2008,0,373 NE Eagle Way,Issaquah,WA 98029,USA,6,0,0.019,-0.3554,0.3869,-0.665,-1.2507
2014-05-16 00:00:00,379950.0,3.0,3.25,1860,1787.0,3.0,0,0,3,1860,0.0,2007,0,17510 12th Ave NE,Shoreline,WA 98155,USA,7,0,-0.2799,-0.3609,0.0584,-0.665,-1.2171
2014-05-16 00:00:00,1270000.0,4.0,3.0,5520,8313.0,2.0,0,3,3,3570,1950.0,2008,0,4468 158th Ave SE,Bellevue,WA 98006,USA,6,0,3.712,-0.1789,2.1085,3.6914,-1.2507
2014-05-16 00:00:00,500000.0,2.0,2.5,1310,1500.0,2.0,0,0,3,1160,150.0,2006,0,921-927 18th Ave,Seattle,WA 98122,USA,8,0,-0.8797,-0.3689,-0.7808,-0.3299,-1.1835
2014-05-17 00:00:00,410000.0,3.0,2.0,1700,4250.0,1.0,0,0,3,890,810.0,1944,0,2204 W Emerson St,Seattle,WA 98199,USA,70,0,-0.4544,-0.2922,-1.1045,1.1446,0.8999
2014-05-18 00:00:00,415000.0,3.0,2.5,2480,8342.0,2.0,0,0,3,2480,0.0,1986,0,18303 155th Pl SE,Renton,WA 98058,USA,28,0,0.3963,-0.1781,0.8017,-0.665,-0.5114
2014-05-18 00:00:00,297000.0,5.0,2.5,1970,8605.0,2.0,0,0,4,1970,0.0,1994,0,419 Wetherbee Ln,Enumclaw,WA 98022,USA,20,0,-0.1599,-0.1708,0.1903,-0.665,-0.7802
2014-05-18 00:00:00,575550.0,4.0,2.5,2060,7475.0,1.0,0,0,3,1440,620.0,1985,0,14117 175th Ave NE,Redmond,WA 98052,USA,29,0,-0.0617,-0.2023,-0.4451,0.7201,-0.4778
2014-05-18 00:00:00,534640.0,3.0,2.5,2130,3500.0,1.0,0,0,4,1210,920.0,1994,0,13440 NE 148th St,Woodinville,WA 98072,USA,20,0,0.0146,-0.3131,-0.7208,1.3903,-0.7802
2014-05-18 00:00:00,352500.0,3.0,2.25,1410,14110.0,1.0,0,2,3,1170,240.0,1987,2000,7426 N Fork Rd SE,Snoqualmie,WA 98065,USA,27,1,-0.7707,-0.0173,-0.7688,-0.1288,-0.545
2014-05-18 00:00:00,488000.0,2.0,2.0,1360,4688.0,1.0,0,0,3,780,580.0,1944,0,8023 12th Ave NE,Seattle,WA 98115,USA,70,0,-0.8252,-0.28,-1.2363,0.6307,0.8999
2014-05-18 00:00:00,732000.0,3.0,2.0,1940,55756.0,1.0,0,0,5,1940,0.0,1954,0,2049 144th Ave SE,Bellevue,WA 98007,USA,60,0,-0.1926,1.1439,0.1543,-0.665,0.5639
2014-05-19 00:00:00,215000.0,2.0,2.25,1610,2040.0,2.0,0,0,4,1610,0.0,1979,0,2906 Kennewick Pl NE,Renton,WA 98056,USA,35,0,-0.5525,-0.3539,-0.2413,-0.665,-0.2762
2014-05-19 00:00:00,592500.0,2.0,2.0,1420,9191.0,1.5,0,2,5,1420,0.0,1928,1970,800 NE 95th St,Seattle,WA 98115,USA,86,1,-0.7598,-0.1545,-0.4691,-0.665,1.4376
2014-05-19 00:00:00,290000.0,4.0,2.5,1700,7280.0,2.0,0,0,4,1700,0.0,1988,0,22020 127th Ct SE,Kent,WA 98031,USA,26,0,-0.4544,-0.2077,-0.1334,-0.665,-0.5786
2014-05-19 00:00:00,475000.0,2.0,1.0,1490,3825.0,1.0,0,0,3,860,630.0,1929,0,7008 19th Ave NW,Seattle,WA 98117,USA,85,0,-0.6834,-0.3041,-1.1404,0.7425,1.404
2014-05-19 00:00:00,320000.0,3.0,2.5,2680,7663.0,2.0,0,0,3,2680,0.0,1990,2009,833 SW 346th St,Federal Way,WA 98023,USA,24,1,0.6145,-0.1971,1.0415,-0.665,-0.6458
2014-05-19 00:00:00,1216000.0,4.0,2.5,3190,8684.0,1.0,0,3,5,1680,1510.0,1967,0,4625 Somerset Dr SE,Bellevue,WA 98006,USA,47,0,1.1707,-0.1686,-0.1574,2.7084,0.1271
2014-05-19 00:00:00,290000.0,5.0,1.5,2120,7700.0,1.5,0,0,5,2120,0.0,1962,0,12611 SE 160th St,Renton,WA 98058,USA,52,0,0.0037,-0.196,0.3701,-0.665,0.2951
2014-05-19 00:00:00,487250.0,4.0,2.0,1690,3250.0,1.5,0,0,3,1550,140.0,1901,0,4800-4898 Whitman Ave N,Seattle,WA 98103,USA,113,0,-0.4653,-0.3201,-0.3132,-0.3522,2.3449
2014-05-19 00:00:00,339000.0,4.0,2.5,1830,8601.0,2.0,0,0,3,1830,0.0,2003,0,27305 245th Ave SE,Maple Valley,WA 98038,USA,11,0,-0.3126,-0.1709,0.0225,-0.665,-1.0827
2014-05-19 00:00:00,440000.0,2.0,1.5,1010,1968.0,1.5,0,0,5,1010,0.0,1906,0,6411 22nd Ave NW,Seattle,WA 98107,USA,108,0,-1.2069,-0.3559,-0.9606,-0.665,2.1769
2014-05-19 00:00:00,366500.0,4.0,2.75,2070,9300.0,1.0,0,0,5,1120,0.0,1945,0,15511 9th Ave NE,Shoreline,WA 98155,USA,69,0,-0.0508,-0.1514,-0.8287,-0.665,0.8663
2014-05-19 00:00:00,462000.0,3.0,1.5,1710,4500.0,1.5,0,0,3,1410,300.0,1928,1954,5151 S Othello St,Seattle,WA 98118,USA,86,1,-0.4435,-0.2853,-0.4811,0.0052,1.4376
2014-05-19 00:00:00,560000.0,4.0,1.0,1660,4690.0,1.5,0,0,3,1260,400.0,1945,2010,7353 16th Ave NW,Seattle,WA 98117,USA,69,1,-0.498,-0.28,-0.6609,0.2286,0.8663
2014-05-19 00:00:00,285000.0,4.0,1.75,2080,13629.0,1.0,0,0,4,1040,1040.0,1955,2009,8024 S 130th St,Seattle,WA 98178,USA,59,1,-0.0399,-0.0307,-0.9246,1.6584,0.5303
2014-05-19 00:00:00,280000.0,3.0,2.5,1270,9675.0,2.0,0,0,3,1270,0.0,1993,0,44633 SE 151st St,North Bend,WA 98045,USA,21,0,-0.9234,-0.141,-0.6489,-0.665,-0.7466
2014-05-19 00:00:00,210000.0,3.0,1.0,1080,21043.0,1.0,0,0,3,1080,0.0,1942,1999,5612 18th Ave SW,Seattle,WA 98106,USA,72,1,-1.1306,0.176,-0.8767,-0.665,0.9672
2014-05-19 00:00:00,690000.0,3.0,2.0,1610,5100.0,1.5,0,0,5,1610,0.0,1940,0,7341 20th Ave NE,Seattle,WA 98115,USA,74,0,-0.5525,-0.2685,-0.2413,-0.665,1.0344
2014-05-19 00:00:00,256500.0,2.0,1.0,1120,9912.0,1.0,0,0,4,1120,0.0,1980,0,7615 SW 257th St,Vashon,WA 98070,USA,34,0,-1.087,-0.1344,-0.8287,-0.665,-0.3098
2014-05-19 00:00:00,411000.0,4.0,2.75,2500,5257.0,2.0,0,0,3,2500,0.0,1966,1963,8309 36th Ave S,Seattle,WA 98118,USA,48,1,0.4182,-0.2642,0.8257,-0.665,0.1607
2014-05-19 00:00:00,215000.0,3.0,1.0,970,7275.0,1.0,0,0,4,970,0.0,1970,0,11428 SE 225th St,Kent,WA 98031,USA,44,0,-1.2506,-0.2079,-1.0086,-0.665,0.0263
2014-05-19 00:00:00,762000.0,5.0,2.0,3370,5000.0,1.5,0,0,4,2140,1230.0,1907,0,365 Crockett St,Seattle,WA 98109,USA,107,0,1.367,-0.2713,0.3941,2.0829,2.1433
2014-05-19 00:00:00,359950.0,3.0,1.0,1290,189486.0,1.0,0,0,4,1290,0.0,1960,2001,29701-29727 138th Ave SE,Auburn,WA 98092,USA,54,1,-0.9015,4.8726,-0.6249,-0.665,0.3623
2014-05-19 00:00:00,480000.0,4.0,3.5,3370,435600.0,2.0,0,3,3,3370,0.0,2005,0,44250 SE Edgewick Rd,North Bend,WA 98045,USA,9,0,1.367,11.7349,1.8687,-0.665,-1.1499
2014-05-19 00:00:00,1405000.0,4.0,3.5,3410,10769.0,2.0,0,0,3,3410,0.0,2008,0,10635 SE 2nd St,Bellevue,WA 98004,USA,6,0,1.4107,-0.1105,1.9167,-0.665,-1.2507
2014-05-19 00:00:00,390000.0,4.0,2.5,2490,8290.0,2.0,0,0,3,2490,0.0,1999,0,30271 129th Ave SE,Auburn,WA 98092,USA,15,0,0.4072,-0.1796,0.8137,-0.665,-0.9482
2014-05-19 00:00:00,413500.0,2.0,1.0,770,4000.0,1.0,0,0,5,770,0.0,1924,1956,615 NW 92nd St,Seattle,WA 98117,USA,90,1,-1.4687,-0.2992,-1.2483,-0.665,1.572
2014-05-19 00:00:00,285000.0,1.0,1.5,810,3211.0,2.0,0,0,4,810,0.0,1982,2011,11807 NE 105th Ct,Kirkland,WA 98033,USA,32,1,-1.4251,-0.3212,-1.2004,-0.665,-0.377
2014-05-19 00:00:00,475000.0,4.0,2.5,3060,10043.0,1.0,0,0,4,1700,1360.0,1968,0,15024 Wallingford Ave N,Shoreline,WA 98133,USA,46,0,1.0289,-0.1307,-0.1334,2.3733,0.0935
2014-05-19 00:00:00,386591.0,3.0,2.5,1690,1613.0,2.0,0,0,3,1150,540.0,2014,0,2500 Mulberry Walk NE,Issaquah,WA 98029,USA,0,0,-0.4653,-0.3658,-0.7928,0.5414,-1.4523
2014-05-19 00:00:00,524950.0,3.0,1.75,1890,3825.0,1.0,0,0,3,1290,600.0,1974,0,7360 19th Ave NW,Seattle,WA 98117,USA,40,0,-0.2471,-0.3041,-0.6249,0.6754,-0.1082
2014-05-19 00:00:00,241000.0,2.0,2.0,1470,3128.0,2.0,0,0,3,1470,0.0,2005,0,24023 SE 282nd St,Maple Valley,WA 98038,USA,9,0,-0.7052,-0.3235,-0.4091,-0.665,-1.1499
2014-05-19 00:00:00,461000.0,2.0,1.0,1060,7193.0,1.0,0,0,3,1060,0.0,1926,2003,11053 Greenwood Ave N,Seattle,WA 98133,USA,88,1,-1.1524,-0.2102,-0.9007,-0.665,1.5048
2014-05-19 00:00:00,810000.0,4.0,2.5,3480,59242.0,2.0,0,0,3,3480,0.0,1988,2000,17822 NE 154th St,Woodinville,WA 98072,USA,26,1,1.487,1.2411,2.0006,-0.665,-0.5786
2014-05-19 00:00:00,885000.0,4.0,2.75,2730,3560.0,1.5,0,0,3,1550,1180.0,1921,2007,6211 Ravenna Ave NE,Seattle,WA 98115,USA,93,1,0.669,-0.3115,-0.3132,1.9712,1.6728
2014-05-19 00:00:00,247000.0,3.0,2.25,1580,7941.0,2.0,0,0,4,1580,0.0,1986,0,1714 SW 354th Pl,Federal Way,WA 98023,USA,28,0,-0.5853,-0.1893,-0.2772,-0.665,-0.5114
2014-05-19 00:00:00,296500.0,3.0,2.75,2170,7900.0,1.0,0,0,4,1380,790.0,1978,2000,26715 Stanford Ct,Kent,WA 98032,USA,36,1,0.0582,-0.1905,-0.517,1.0999,-0.2426
2014-05-19 00:00:00,141800.0,2.0,1.0,930,4743.0,1.0,0,0,4,930,0.0,1942,1982,821 Dayton Ave NE,Renton,WA 98056,USA,72,1,-1.2942,-0.2785,-1.0565,-0.665,0.9672
2014-05-19 00:00:00,333000.0,4.0,2.0,1580,7800.0,2.0,0,0,2,1580,0.0,1906,0,2023 24th Ave S,Seattle,WA 98144,USA,108,0,-0.5853,-0.1933,-0.2772,-0.665,2.1769
2014-05-19 00:00:00,602000.0,5.0,1.75,3290,11900.0,1.5,0,0,3,3290,0.0,1973,2013,6305 150th Ave NE,Redmond,WA 98052,USA,41,1,1.2798,-0.0789,1.7728,-0.665,-0.0746
2014-05-19 00:00:00,565000.0,4.0,2.25,2110,10698.0,2.0,0,0,4,2110,0.0,1979,0,4621 193rd Pl SE,Issaquah,WA 98027,USA,35,0,-0.0072,-0.1124,0.3582,-0.665,-0.2762
2014-05-19 00:00:00,373000.0,3.0,2.5,1670,3565.0,2.0,0,0,3,1670,0.0,1999,0,18581 134th Pl NE,Woodinville,WA 98072,USA,15,0,-0.4871,-0.3113,-0.1693,-0.665,-0.9482
2014-05-19 00:00:00,588000.0,3.0,2.25,2030,7350.0,1.0,0,0,4,1190,840.0,1977,0,10510 160th Ave NE,Redmond,WA 98052,USA,37,0,-0.0945,-0.2058,-0.7448,1.2116,-0.209
2014-05-19 00:00:00,485000.0,3.0,1.0,1500,4100.0,1.5,0,0,3,1370,130.0,1926,2003,816 NW Market St,Seattle,WA 98107,USA,88,1,-0.6725,-0.2964,-0.529,-0.3746,1.5048
2014-05-19 00:00:00,482500.0,3.0,2.25,1450,1445.0,2.0,0,0,3,980,470.0,2005,0,1820 24th Ave,Seattle,WA 98122,USA,9,0,-0.727,-0.3704,-0.9966,0.385,-1.1499
2014-05-19 00:00:00,251200.0,4.0,1.5,1310,8250.0,1.0,0,0,3,1060,250.0,1953,0,240 S 198th St,Des Moines,WA 98148,USA,61,0,-0.8797,-0.1807,-0.9007,-0.1065,0.5975
2014-05-19 00:00:00,869000.0,5.0,3.25,4180,49222.0,2.0,0,0,4,2880,1300.0,1979,0,18524 SE 60th St,Issaquah,WA 98027,USA,35,0,2.2505,0.9617,1.2813,2.2393,-0.2762
2014-05-19 00:00:00,464000.0,3.0,1.75,1630,28600.0,1.0,0,0,3,1630,0.0,1967,2011,14926 NE 202nd St,Woodinville,WA 98072,USA,47,1,-0.5307,0.3867,-0.2173,-0.665,0.1271
2014-05-19 00:00:00,755000.0,4.0,2.5,2660,10452.0,2.0,0,0,3,2660,0.0,1993,0,10805 177th Ct NE,Redmond,WA 98052,USA,21,0,0.5927,-0.1193,1.0175,-0.665,-0.7466
2014-05-19 00:00:00,280000.0,3.0,2.5,1720,1916.0,2.0,0,0,3,1720,0.0,2005,0,454 A St,Renton,WA 98056,USA,9,0,-0.4326,-0.3573,-0.1094,-0.665,-1.1499
2014-05-19 00:00:00,485000.0,2.0,2.25,1260,1240.0,3.0,0,0,3,1260,0.0,2004,2003,3646 Dayton Ave N,Seattle,WA 98103,USA,10,1,-0.9343,-0.3762,-0.6609,-0.665,-1.1163
2014-05-19 00:00:00,305000.0,3.0,1.75,1610,12247.0,1.0,0,0,3,1610,0.0,1981,2013,16215 SE 172nd Ct,Renton,WA 98058,USA,33,1,-0.5525,-0.0693,-0.2413,-0.665,-0.3434
2014-05-19 00:00:00,110700.0,2.0,1.0,680,8064.0,1.0,0,0,3,680,0.0,1941,1994,14917-14999 27th Pl S,SeaTac,WA 98188,USA,73,1,-1.5669,-0.1859,-1.3562,-0.665,1.0008
2014-05-19 00:00:00,850000.0,4.0,3.5,2640,5900.0,2.0,0,2,3,2640,0.0,1937,1998,6728 40th Ave SW,Seattle,WA 98136,USA,77,1,0.5708,-0.2462,0.9936,-0.665,1.1352
2014-05-19 00:00:00,350000.0,3.0,2.25,1640,7200.0,2.0,0,0,4,1640,0.0,1985,0,1755 140th Ct SE,Bellevue,WA 98007,USA,29,0,-0.5198,-0.21,-0.2053,-0.665,-0.4778
2014-05-19 00:00:00,319950.0,4.0,1.75,2310,8045.0,1.0,0,0,4,1650,660.0,1976,1992,16336 131st Ave SE,Renton,WA 98058,USA,38,1,0.2109,-0.1864,-0.1933,0.8095,-0.1754
2014-05-19 00:00:00,700000.0,3.0,2.25,2010,4905.0,1.0,0,0,5,1230,780.0,1912,0,901 18th Ave,Seattle,WA 98122,USA,102,0,-0.1163,-0.274,-0.6968,1.0776,1.9753
2014-05-19 00:00:00,368000.0,2.0,1.5,1660,4680.0,1.0,0,0,5,830,830.0,1908,0,10010 44th Ave SW,Seattle,WA 98146,USA,106,0,-0.498,-0.2802,-1.1764,1.1893,2.1097
2014-05-19 00:00:00,433500.0,3.0,2.5,2200,3360.0,2.0,0,0,3,2200,0.0,2009,0,6729 37th Ave S,Seattle,WA 98118,USA,5,0,0.091,-0.317,0.4661,-0.665,-1.2843
2014-05-19 00:00:00,611000.0,4.0,2.5,2460,4200.0,2.0,0,0,3,2460,0.0,1998,2006,23911 SE 6th St,Redmond,WA 98074,USA,16,1,0.3745,-0.2936,0.7778,-0.665,-0.9146
2014-05-19 00:00:00,1000000.0,2.0,1.75,2430,23400.0,1.0,0,4,3,2430,0.0,1951,1994,18200-18298 13th Ave NW,Shoreline,WA 98177,USA,63,1,0.3418,0.2417,0.7418,-0.665,0.6647
2014-05-19 00:00:00,307000.0,3.0,1.0,1370,7500.0,1.0,0,0,3,1370,0.0,1960,2012,4751 Stephens Ave,Carnation,WA 98014,USA,54,1,-0.8143,-0.2016,-0.529,-0.665,0.3623
2014-05-19 00:00:00,442500.0,3.0,1.75,1800,10200.0,1.0,0,0,3,1800,0.0,1967,2011,17110-17116 146th Ave SE,Renton,WA 98058,USA,47,1,-0.3453,-0.1263,-0.0135,-0.665,0.1271
2014-05-19 00:00:00,485000.0,3.0,1.75,2200,7706.0,2.0,0,2,3,2200,0.0,1908,1988,23902 6th Ave S,Des Moines,WA 98198,USA,106,1,0.091,-0.1959,0.4661,-0.665,2.1097
2014-05-19 00:00:00,367000.0,2.0,1.0,700,7663.0,1.0,0,0,3,700,0.0,1945,2010,2632 NW North Beach Dr,Seattle,WA 98117,USA,69,1,-1.545,-0.1971,-1.3322,-0.665,0.8663
2014-05-19 00:00:00,429000.0,3.0,2.5,1920,15124.0,2.0,0,0,3,1920,0.0,1995,0,714 NE 10th St,North Bend,WA 98045,USA,19,0,-0.2144,0.011,0.1304,-0.665,-0.8138
2014-05-19 00:00:00,446000.0,5.0,2.75,2190,12687.0,1.0,0,0,5,1370,820.0,1978,0,20402 63rd Ave NE,Kenmore,WA 98028,USA,36,0,0.08,-0.057,-0.529,1.1669,-0.2426
2014-05-19 00:00:00,572500.0,3.0,2.25,2030,9791.0,1.0,0,0,4,1500,530.0,1984,0,13322 SE 77th Ct,Newcastle,WA 98059,USA,30,0,-0.0945,-0.1377,-0.3732,0.519,-0.4442
2014-05-19 00:00:00,477000.0,3.0,2.5,1350,2053.0,3.0,0,0,3,1350,0.0,2005,0,2313 NW 65th St,Seattle,WA 98117,USA,9,0,-0.8361,-0.3535,-0.553,-0.665,-1.1499
2014-05-19 00:00:00,518000.0,3.0,2.5,1680,2096.0,2.0,0,0,3,1380,300.0,2008,0,8354 11th Ave NW,Seattle,WA 98117,USA,6,0,-0.4762,-0.3523,-0.517,0.0052,-1.2507
2014-05-19 00:00:00,462000.0,5.0,1.75,1250,10530.0,1.0,0,0,4,1250,0.0,1966,0,4 151st Pl NE,Bellevue,WA 98007,USA,48,0,-0.9452,-0.1171,-0.6729,-0.665,0.1607
2014-05-19 00:00:00,1190000.0,4.0,3.0,2240,6000.0,1.5,0,0,4,1270,970.0,1914,1945,2009 4th Ave N,Seattle,WA 98109,USA,100,1,0.1346,-0.2434,-0.6489,1.502,1.9081
2014-05-19 00:00:00,137000.0,3.0,1.0,950,7620.0,1.0,0,0,3,950,0.0,1954,2005,9445 8th Ave SW,Seattle,WA 98106,USA,60,1,-1.2724,-0.1983,-1.0325,-0.665,0.5639
2014-05-19 00:00:00,530000.0,3.0,3.5,2320,3174.0,2.0,0,0,3,2060,260.0,1997,0,12418 NE 100th St,Kirkland,WA 98033,USA,17,0,0.2218,-0.3222,0.2982,-0.0841,-0.881
2014-05-19 00:00:00,818000.0,2.0,2.5,2380,9374.0,1.0,0,2,3,2380,0.0,2011,0,12449 240th Pl NE,Redmond,WA 98053,USA,3,0,0.2873,-0.1494,0.6818,-0.665,-1.3515
2014-05-19 00:00:00,640000.0,2.0,2.25,1540,958.0,3.0,0,0,3,1540,0.0,2007,0,1806 11th Ave,Seattle,WA 98122,USA,7,0,-0.6289,-0.384,-0.3252,-0.665,-1.2171
2014-05-19 00:00:00,298450.0,5.0,3.0,2100,9752.0,1.0,0,0,3,1200,900.0,2007,0,29801-29829 23rd Avenue South,Federal Way,WA 98003,USA,7,0,-0.0181,-0.1388,-0.7328,1.3456,-1.2171
2014-05-19 00:00:00,575000.0,4.0,2.5,2500,4945.0,2.0,0,0,3,2500,0.0,2013,1923,34115 SE Ash St,Snoqualmie,WA 98065,USA,1,1,0.4182,-0.2729,0.8257,-0.665,-1.4187
2014-05-20 00:00:00,730000.0,4.0,2.5,3230,7331.0,2.0,0,0,3,3230,0.0,2004,2003,2913 278th Ave SE,Sammamish,WA 98075,USA,10,1,1.2143,-0.2063,1.7009,-0.665,-1.1163
2014-05-20 00:00:00,551000.0,3.0,2.5,2830,5802.0,2.0,0,0,3,2830,0.0,2001,0,7928 NE 182nd Pl,Kenmore,WA 98028,USA,13,0,0.7781,-0.249,1.2213,-0.665,-1.0154
2014-05-20 00:00:00,271310.0,2.0,1.0,870,5340.0,1.5,0,0,2,870,0.0,1906,0,2019 24th Ave S,Seattle,WA 98144,USA,108,0,-1.3596,-0.2618,-1.1284,-0.665,2.1769
2014-05-20 00:00:00,675000.0,4.0,3.0,2690,28300.0,1.0,0,0,3,2690,0.0,1954,1999,17428 7th Pl SW,Normandy Park,WA 98166,USA,60,1,0.6254,0.3783,1.0535,-0.665,0.5639
2014-05-20 00:00:00,479000.0,3.0,2.5,1260,889.0,3.0,0,0,3,1260,0.0,2008,0,915 6th Ave N,Seattle,WA 98109,USA,6,0,-0.9343,-0.3859,-0.6609,-0.665,-1.2507
2014-05-20 00:00:00,520000.0,4.0,3.5,2680,10000.0,2.0,0,0,3,2040,640.0,1942,2014,13342 30th Ave NE,Seattle,WA 98125,USA,72,1,0.6145,-0.1319,0.2742,0.7648,0.9672
2014-05-20 00:00:00,599950.0,3.0,2.5,2660,4975.0,2.0,0,0,3,2660,0.0,2014,0,4810 S Raymond St,Seattle,WA 98118,USA,0,0,0.5927,-0.272,1.0175,-0.665,-1.4523
2014-05-20 00:00:00,483945.0,2.0,1.75,1480,5120.0,1.0,0,0,4,840,640.0,1951,1999,4844 47th Ave SW,Seattle,WA 98116,USA,63,1,-0.6943,-0.268,-1.1644,0.7648,0.6647
2014-05-20 00:00:00,390000.0,4.0,2.25,1770,33132.0,1.0,0,0,4,1190,580.0,1965,0,14223 SE 179th Pl,Renton,WA 98058,USA,49,0,-0.378,0.5131,-0.7448,0.6307,0.1943
2014-05-20 00:00:00,192500.0,2.0,1.0,950,7692.0,1.0,0,0,3,950,0.0,1926,2003,12516 Military Rd S,Seattle,WA 98168,USA,88,1,-1.2724,-0.1963,-1.0325,-0.665,1.5048
2014-05-20 00:00:00,330000.0,2.0,1.0,860,8308.0,1.0,0,0,4,860,0.0,1948,0,3522 SW 107th St,Seattle,WA 98146,USA,66,0,-1.3705,-0.1791,-1.1404,-0.665,0.7655
2014-05-20 00:00:00,250000.0,4.0,2.0,1960,7560.0,1.0,0,0,5,1160,800.0,1978,0,12206 SE 217th St,Kent,WA 98031,USA,36,0,-0.1708,-0.1999,-0.7808,1.1222,-0.2426
2014-05-20 00:00:00,243000.0,2.0,1.0,1770,5522.0,1.5,0,0,4,960,810.0,1943,0,8040 S 118th St,Seattle,WA 98178,USA,71,0,-0.378,-0.2568,-1.0205,1.1446,0.9336
2014-05-20 00:00:00,575000.0,4.0,1.75,1280,6060.0,1.0,0,0,3,860,420.0,1926,2003,7032 7th Ave NW,Seattle,WA 98117,USA,88,1,-0.9125,-0.2418,-1.1404,0.2733,1.5048
2014-05-20 00:00:00,639000.0,4.0,2.5,2150,12028.0,2.0,0,0,4,2150,0.0,1982,2011,13615 179th Ave NE,Redmond,WA 98052,USA,32,1,0.0364,-0.0754,0.4061,-0.665,-0.377
2014-05-20 00:00:00,710000.0,2.0,1.0,1790,4000.0,1.0,0,0,4,1040,750.0,1923,0,2422 E McGraw St,Seattle,WA 98112,USA,91,0,-0.3562,-0.2992,-0.9246,1.0105,1.6056
2014-05-20 00:00:00,675000.0,3.0,2.25,1990,10260.0,2.0,0,0,4,1990,0.0,1987,0,16822 NE 87th St,Redmond,WA 98052,USA,27,0,-0.1381,-0.1247,0.2143,-0.665,-0.545
2014-05-20 00:00:00,405000.0,5.0,2.5,2430,4781.0,2.0,0,0,3,2430,0.0,2001,0,16819 SE 171st Pl,Renton,WA 98058,USA,13,0,0.3418,-0.2774,0.7418,-0.665,-1.0154
2014-05-20 00:00:00,615000.0,4.0,2.75,2820,13193.0,1.0,0,0,3,1860,960.0,1965,1993,4941-4949 125th Ave SE,Bellevue,WA 98006,USA,49,1,0.7672,-0.0429,0.0584,1.4797,0.1943
2014-05-20 00:00:00,490000.0,3.0,1.0,1910,8190.0,1.0,0,0,4,1010,900.0,1946,1989,9237 7th Ave NW,Seattle,WA 98117,USA,68,1,-0.2253,-0.1824,-0.9606,1.3456,0.8327
2014-05-20 00:00:00,467000.0,3.0,2.25,1270,1213.0,2.0,0,0,3,1040,230.0,2005,0,1427 NW 62nd St,Seattle,WA 98107,USA,9,0,-0.9234,-0.3769,-0.9246,-0.1512,-1.1499
2014-05-20 00:00:00,480000.0,4.0,2.75,2050,3960.0,1.0,0,0,4,1180,870.0,1986,0,2612 49th Ave SW,Seattle,WA 98116,USA,28,0,-0.0726,-0.3003,-0.7568,1.2786,-0.5114
2014-05-20 00:00:00,755000.0,6.0,2.0,2150,4505.0,1.0,0,0,3,1270,880.0,1952,2008,3429 9th Ave W,Seattle,WA 98119,USA,62,1,0.0364,-0.2851,-0.6489,1.301,0.6311
2014-05-20 00:00:00,760000.0,4.0,1.75,2450,13300.0,1.0,0,2,4,1630,820.0,1987,0,5028 157th Ave SE,Bellevue,WA 98006,USA,27,0,0.3636,-0.0399,-0.2173,1.1669,-0.545
2014-05-20 00:00:00,387000.0,2.0,2.25,1230,1280.0,2.0,0,0,3,960,270.0,2012,1912,801-921 Martin Luther King Jr Way S,Seattle,WA 98144,USA,2,1,-0.967,-0.375,-1.0205,-0.0618,-1.3851
2014-05-20 00:00:00,925000.0,4.0,2.25,2260,41984.0,1.0,0,0,4,2260,0.0,1967,0,6046 126th Ave NE,Kirkland,WA 98033,USA,47,0,0.1564,0.7599,0.538,-0.665,0.1271
2014-05-20 00:00:00,415000.0,2.0,1.0,1050,60113.0,1.0,0,0,4,1050,0.0,1943,0,3720 S 312th Ln,Auburn,WA 98001,USA,71,0,-1.1633,1.2654,-0.9126,-0.665,0.9336
2014-05-20 00:00:00,263000.0,3.0,1.75,1570,7775.0,2.0,0,0,3,1570,0.0,1982,0,9226 S 239th Pl,Kent,WA 98031,USA,32,0,-0.5962,-0.1939,-0.2892,-0.665,-0.377
2014-05-20 00:00:00,519900.0,4.0,2.0,1820,9350.0,1.0,0,0,4,1820,0.0,1967,0,2019 182nd Ave NE,Redmond,WA 98052,USA,47,0,-0.3235,-0.15,0.0105,-0.665,0.1271
2014-05-20 00:00:00,570000.0,2.0,1.75,1540,4025.0,1.0,0,0,4,1190,350.0,1908,0,1715 46th Ave SW,Seattle,WA 98116,USA,106,0,-0.6289,-0.2985,-0.7448,0.1169,2.1097
2014-05-20 00:00:00,450000.0,3.0,1.5,2060,44866.0,1.0,0,0,3,2060,0.0,1953,0,21533 NE Woodinville Duvall Rd,Woodinville,WA 98077,USA,61,0,-0.0617,0.8402,0.2982,-0.665,0.5975
2014-05-20 00:00:00,1300000.0,4.0,3.5,4380,74052.0,1.0,0,0,3,4380,0.0,2001,0,5830 246th Pl NE,Redmond,WA 98053,USA,13,0,2.4686,1.654,3.0796,-0.665,-1.0154
2014-05-20 00:00:00,300000.0,3.0,1.0,1090,9900.0,1.0,0,0,4,1090,0.0,1955,2009,13424 NE 80th St,Redmond,WA 98052,USA,59,1,-1.1197,-0.1347,-0.8647,-0.665,0.5303
2014-05-20 00:00:00,320000.0,3.0,1.75,1480,7225.0,1.0,0,0,4,1480,0.0,1965,0,2525 NE 24th St,Renton,WA 98056,USA,49,0,-0.6943,-0.2093,-0.3971,-0.665,0.1943
2014-05-20 00:00:00,387500.0,4.0,1.0,1320,4440.0,1.5,0,0,3,1320,0.0,1929,0,1505 29th Ave,Seattle,WA 98122,USA,85,0,-0.8688,-0.2869,-0.5889,-0.665,1.404
2014-05-20 00:00:00,458000.0,1.0,2.25,2140,10350.0,1.0,0,0,3,1470,670.0,1976,0,14634 128th Ave NE,Woodinville,WA 98072,USA,38,0,0.0255,-0.1221,-0.4091,0.8318,-0.1754
2014-05-20 00:00:00,1212500.0,4.0,3.5,4560,16643.0,1.0,0,3,3,2230,2330.0,1995,0,16864 SE 57th Pl,Bellevue,WA 98006,USA,19,0,2.6649,0.0533,0.502,4.5403,-0.8138
2014-05-20 00:00:00,380000.0,4.0,3.0,2800,9764.0,2.0,0,0,3,2800,0.0,2002,0,24729 SE 276th Pl,Maple Valley,WA 98038,USA,12,0,0.7454,-0.1385,1.1854,-0.665,-1.049
2014-05-20 00:00:00,200000.0,3.0,1.0,1050,5000.0,1.0,0,0,4,1050,0.0,1967,0,602 Tacoma Ave NE,Renton,WA 98056,USA,47,0,-1.1633,-0.2713,-0.9126,-0.665,0.1271
2014-05-20 00:00:00,385000.0,3.0,1.5,1490,9630.0,1.0,0,0,4,1490,0.0,1959,0,6428 NE 184th St,Kenmore,WA 98028,USA,55,0,-0.6834,-0.1422,-0.3851,-0.665,0.3959
2014-05-20 00:00:00,396675.0,2.0,1.0,1730,6375.0,2.0,0,0,4,1730,0.0,1945,0,7358 28th Ave SW,Seattle,WA 98126,USA,69,0,-0.4217,-0.233,-0.0974,-0.665,0.8663
2014-05-20 00:00:00,452000.0,4.0,1.0,1210,3760.0,1.5,0,0,3,1210,0.0,1900,2005,1106 N 80th St,Seattle,WA 98103,USA,114,1,-0.9888,-0.3059,-0.7208,-0.665,2.3785
2014-05-20 00:00:00,426000.0,4.0,2.5,2800,8494.0,2.0,0,0,3,2800,0.0,2004,2003,24957 SE 279th St,Maple Valley,WA 98038,USA,10,1,0.7454,-0.1739,1.1854,-0.665,-1.1163
2014-05-20 00:00:00,792000.0,3.0,1.5,1570,1050.0,2.0,0,0,3,1570,0.0,1915,0,1833 1st Ave N,Seattle,WA 98109,USA,99,0,-0.5962,-0.3815,-0.2892,-0.665,1.8744
2014-05-20 00:00:00,315000.0,3.0,2.25,1400,31626.0,1.0,0,0,2,1140,260.0,1987,0,20515 SE 333rd Pl,Auburn,WA 98092,USA,27,0,-0.7816,0.4711,-0.8047,-0.0841,-0.545
2014-05-20 00:00:00,1275000.0,4.0,2.0,2850,7861.0,1.0,0,4,4,1450,1400.0,1970,0,3014 NW Esplanade,Seattle,WA 98117,USA,44,0,0.7999,-0.1915,-0.4331,2.4627,0.0263
2014-05-20 00:00:00,326000.0,6.0,3.0,1880,7200.0,1.0,0,0,4,1880,0.0,1966,0,1178 Camas Ave NE,Renton,WA 98056,USA,48,0,-0.2581,-0.21,0.0824,-0.665,0.1607
2014-05-20 00:00:00,268500.0,2.0,1.0,790,8424.0,1.0,0,0,4,790,0.0,1953,1983,556 N 167th St,Shoreline,WA 98133,USA,61,1,-1.4469,-0.1759,-1.2243,-0.665,0.5975
2014-05-20 00:00:00,440000.0,2.0,1.75,1300,4000.0,2.0,0,0,3,1300,0.0,1948,1994,5501 37th Ave NE,Seattle,WA 98105,USA,66,1,-0.8906,-0.2992,-0.6129,-0.665,0.7655
2014-05-20 00:00:00,300000.0,3.0,1.0,2120,7735.0,1.0,0,0,4,1060,1060.0,1967,0,12840 163rd Ave SE,Renton,WA 98059,USA,47,0,0.0037,-0.1951,-0.9007,1.7031,0.1271
2014-05-20 00:00:00,525000.0,3.0,1.5,1540,4773.0,2.0,0,0,3,1540,0.0,1941,2009,4017 36th Ave SW,Seattle,WA 98126,USA,73,1,-0.6289,-0.2777,-0.3252,-0.665,1.0008
2014-05-20 00:00:00,978000.0,4.0,2.75,2620,13777.0,1.5,0,2,4,1720,900.0,1926,1993,2602 Shoreland Dr S,Seattle,WA 98144,USA,88,1,0.549,-0.0266,-0.1094,1.3456,1.5048
2014-05-20 00:00:00,1125000.0,6.0,3.0,2880,3192.0,2.0,0,0,4,2180,700.0,1919,1985,2212 N 36th St,Seattle,WA 98103,USA,95,1,0.8326,-0.3217,0.4421,0.8988,1.74
2014-05-20 00:00:00,700000.0,4.0,1.0,1680,4021.0,1.5,0,0,3,1680,0.0,1921,2000,2139 N 52nd St,Seattle,WA 98103,USA,93,1,-0.4762,-0.2986,-0.1574,-0.665,1.6728
2014-05-20 00:00:00,315000.0,2.0,1.0,790,6969.0,1.0,0,0,3,790,0.0,1955,1984,10830 132nd Ave NE,Redmond,WA 98052,USA,59,1,-1.4469,-0.2164,-1.2243,-0.665,0.5303
2014-05-20 00:00:00,309000.0,3.0,1.0,1092,7500.0,1.5,0,0,3,1092,0.0,1918,0,7757 15th Ave SW,Seattle,WA 98106,USA,96,0,-1.1175,-0.2016,-0.8623,-0.665,1.7736
2014-05-20 00:00:00,219950.0,3.0,1.5,1650,9936.0,1.0,0,0,3,1090,560.0,1967,2011,425 S 305th St,Federal Way,WA 98003,USA,47,1,-0.5089,-0.1337,-0.8647,0.5861,0.1271
2014-05-20 00:00:00,289000.0,3.0,2.5,2090,4700.0,2.0,0,0,3,2090,0.0,2002,0,17814 SE 257th St,Covington,WA 98042,USA,12,0,-0.029,-0.2797,0.3342,-0.665,-1.049
2014-05-20 00:00:00,210000.0,4.0,1.75,2180,28710.0,1.0,0,0,3,1180,1000.0,1950,2005,21922 34th Ave S,SeaTac,WA 98198,USA,64,1,0.0691,0.3898,-0.7568,1.569,0.6983
2014-05-20 00:00:00,260000.0,4.0,2.5,1990,6671.0,2.0,0,0,3,1990,0.0,1989,0,32819 17th Ave SW,Federal Way,WA 98023,USA,25,0,-0.1381,-0.2247,0.2143,-0.665,-0.6122
2014-05-20 00:00:00,699000.0,4.0,2.5,2650,7945.0,2.0,0,0,3,2650,0.0,2006,0,11332 30th Ave NE,Seattle,WA 98125,USA,8,0,0.5818,-0.1892,1.0055,-0.665,-1.1835
2014-05-20 00:00:00,1800000.0,4.0,3.5,4460,16953.0,1.0,0,0,3,2550,1910.0,1962,1994,2625 82nd Ave NE,Medina,WA 98039,USA,52,1,2.5559,0.062,0.8857,3.602,0.2951
2014-05-20 00:00:00,299950.0,3.0,1.0,910,8000.0,1.0,0,0,4,740,170.0,1950,1983,20013 15th Ave NW,Shoreline,WA 98177,USA,64,1,-1.316,-0.1877,-1.2843,-0.2852,0.6983
2014-05-20 00:00:00,749950.0,3.0,2.5,2770,10773.0,2.0,0,2,3,2770,0.0,1992,0,16420 SE 39th Pl,Bellevue,WA 98008,USA,22,0,0.7126,-0.1104,1.1494,-0.665,-0.713
2014-05-20 00:00:00,1100000.0,3.0,2.0,2390,6888.0,2.0,0,1,5,2390,0.0,1939,0,7529 Lakemont Dr NE,Seattle,WA 98115,USA,75,0,0.2982,-0.2187,0.6938,-0.665,1.068
2014-05-20 00:00:00,555000.0,3.0,2.5,3050,158558.0,1.0,0,0,4,3050,0.0,1987,0,701 S 52nd St,Renton,WA 98055,USA,27,0,1.018,4.0103,1.4851,-0.665,-0.545
2014-05-20 00:00:00,384000.0,3.0,2.5,1700,4000.0,2.0,0,0,3,1700,0.0,2003,0,35131 SE Ridge St,Snoqualmie,WA 98065,USA,11,0,-0.4544,-0.2992,-0.1334,-0.665,-1.0827
2014-05-20 00:00:00,499950.0,5.0,3.5,3200,43560.0,2.0,0,0,3,3200,0.0,1989,0,18460 SE 143rd St,Renton,WA 98059,USA,25,0,1.1816,0.8038,1.6649,-0.665,-0.6122
2014-05-20 00:00:00,430000.0,3.0,1.75,1200,4500.0,1.0,0,0,5,1200,0.0,1906,0,5206 13th Ave S,Seattle,WA 98108,USA,108,0,-0.9997,-0.2853,-0.7328,-0.665,2.1769
2014-05-20 00:00:00,350000.0,4.0,2.25,2220,6953.0,2.0,0,0,4,2220,0.0,1999,0,22507 SE 279th St,Maple Valley,WA 98038,USA,15,0,0.1128,-0.2169,0.49,-0.665,-0.9482
2014-05-20 00:00:00,620000.0,3.0,2.5,2480,9041.0,2.0,0,0,3,2480,0.0,2004,2003,8719 228th Way NE,Redmond,WA 98053,USA,10,1,0.3963,-0.1586,0.8017,-0.665,-1.1163
2014-05-20 00:00:00,765000.0,4.0,2.25,2560,12100.0,1.0,0,0,4,1760,800.0,1976,1992,17323 NE 24th St,Redmond,WA 98052,USA,38,1,0.4836,-0.0734,-0.0614,1.1222,-0.1754
2014-05-20 00:00:00,250000.0,4.0,1.5,2500,6300.0,1.0,0,0,4,1500,1000.0,1961,2001,24911-24917 38th Ave S,Kent,WA 98032,USA,53,1,0.4182,-0.2351,-0.3732,1.569,0.3287
2014-05-20 00:00:00,376000.0,2.0,1.0,1150,4000.0,1.0,0,0,3,1150,0.0,1947,2012,2825 W Elmore St,Seattle,WA 98199,USA,67,1,-1.0542,-0.2992,-0.7928,-0.665,0.7991
2014-05-20 00:00:00,475000.0,4.0,1.75,1650,7775.0,1.0,0,0,4,1150,500.0,1950,1983,11726 Phinney Ave N,Seattle,WA 98133,USA,64,1,-0.5089,-0.1939,-0.7928,0.452,0.6983
2014-05-20 00:00:00,120750.0,3.0,1.75,1140,9628.0,1.0,0,0,4,1140,0.0,1969,0,34403 30th Ave SW,Federal Way,WA 98023,USA,45,0,-1.0651,-0.1423,-0.8047,-0.665,0.0599
2014-05-20 00:00:00,1690000.0,3.0,1.75,3400,8965.0,1.0,0,2,5,1820,1580.0,1957,0,3872 50th Ave NE,Seattle,WA 98105,USA,57,0,1.3997,-0.1608,0.0105,2.8648,0.4631
2014-05-20 00:00:00,330000.0,3.0,1.0,1180,43124.0,1.0,0,0,4,1180,0.0,1959,0,8442-8514 WA-900,Issaquah,WA 98027,USA,55,0,-1.0215,0.7917,-0.7568,-0.665,0.3959
2014-05-20 00:00:00,619500.0,3.0,2.5,1700,4105.0,2.0,0,0,3,1700,0.0,1992,0,3113 E Cherry St,Seattle,WA 98122,USA,22,0,-0.4544,-0.2963,-0.1334,-0.665,-0.713
2014-05-20 00:00:00,345000.0,3.0,1.5,1240,11200.0,1.0,0,0,4,1240,0.0,1954,1979,15154 SE Newport Way,Bellevue,WA 98006,USA,60,1,-0.9561,-0.0984,-0.6849,-0.665,0.5639
2014-05-20 00:00:00,598000.0,5.0,2.25,2890,12478.0,2.0,0,0,3,2890,0.0,1977,2004,2116 Sahalee Dr E,Sammamish,WA 98074,USA,37,1,0.8435,-0.0628,1.2933,-0.665,-0.209
2014-05-20 00:00:00,335000.0,3.0,1.0,1060,10050.0,1.0,0,0,4,1060,0.0,1967,0,8136 NE 147th Pl,Kenmore,WA 98028,USA,47,0,-1.1524,-0.1305,-0.9007,-0.665,0.1271
2014-05-20 00:00:00,372500.0,4.0,1.75,1590,10523.0,2.0,0,0,4,1590,0.0,1922,0,14556 Stone Ave N,Shoreline,WA 98133,USA,92,0,-0.5743,-0.1173,-0.2653,-0.665,1.6392
2014-05-20 00:00:00,300000.0,6.0,5.25,2860,5682.0,2.0,0,0,3,2860,0.0,1978,0,606 5th St SE,Auburn,WA 98002,USA,36,0,0.8108,-0.2523,1.2573,-0.665,-0.2426
2014-05-20 00:00:00,194000.0,1.0,1.0,820,1060.0,1.0,0,0,3,760,60.0,2007,0,6017-6199 31st Ave SW,Seattle,WA 98126,USA,7,0,-1.4142,-0.3812,-1.2603,-0.531,-1.2171
2014-05-20 00:00:00,507500.0,3.0,2.0,2020,8118.0,1.0,0,0,3,1020,1000.0,1963,2008,16630 SE 26th St,Bellevue,WA 98008,USA,51,1,-0.1054,-0.1844,-0.9486,1.569,0.2615
2014-05-20 00:00:00,325000.0,4.0,2.25,1870,9680.0,1.0,0,0,4,1170,700.0,1959,0,12813 81st Ave NE,Kirkland,WA 98034,USA,55,0,-0.269,-0.1408,-0.7688,0.8988,0.3959
2014-05-20 00:00:00,329900.0,3.0,2.5,2170,4905.0,2.0,0,0,3,2170,0.0,2004,2003,22639 SE 280th Pl,Maple Valley,WA 98038,USA,10,1,0.0582,-0.274,0.4301,-0.665,-1.1163
2014-05-20 00:00:00,329000.0,4.0,2.5,1600,6765.0,1.0,0,0,3,830,770.0,1947,2011,6048 26th Ave SW,Seattle,WA 98106,USA,67,1,-0.5634,-0.2221,-1.1764,1.0552,0.7991
2014-05-20 00:00:00,494000.0,4.0,1.75,2090,4300.0,1.5,0,0,4,1250,840.0,1925,1968,5011 SW Dawson St,Seattle,WA 98136,USA,89,1,-0.029,-0.2908,-0.6729,1.2116,1.5384
2014-05-20 00:00:00,206000.0,4.0,2.0,1700,6025.0,1.0,0,0,3,1700,0.0,1978,0,606 5th St SE,Auburn,WA 98002,USA,36,0,-0.4544,-0.2427,-0.1334,-0.665,-0.2426
2014-05-20 00:00:00,423000.0,4.0,1.75,1940,6909.0,1.0,0,0,4,970,970.0,1941,1998,11207 Evanston Ave N,Seattle,WA 98133,USA,73,1,-0.1926,-0.2181,-1.0086,1.502,1.0008
2014-05-20 00:00:00,259000.0,3.0,1.0,1320,8625.0,1.0,0,0,4,1320,0.0,1957,2001,2931 NE 5th Pl,Renton,WA 98056,USA,57,1,-0.8688,-0.1702,-0.5889,-0.665,0.4631
2014-05-20 00:00:00,879950.0,4.0,2.25,3500,13875.0,1.0,0,4,4,1830,1670.0,1938,0,10599 Marine View Dr SW,Seattle,WA 98146,USA,76,0,1.5088,-0.0239,0.0225,3.0659,1.1016
2014-05-20 00:00:00,345600.0,5.0,3.5,2800,5120.0,2.5,0,0,3,2800,0.0,1903,2005,352 17th Ave,Seattle,WA 98122,USA,111,1,0.7454,-0.268,1.1854,-0.665,2.2777
2014-05-20 00:00:00,395000.0,3.0,1.5,1080,2940.0,1.5,0,0,4,1080,0.0,1920,0,7505 Ravenna Ave NE,Seattle,WA 98115,USA,94,0,-1.1306,-0.3288,-0.8767,-0.665,1.7064
2014-05-20 00:00:00,625000.0,4.0,2.5,3550,8048.0,2.0,0,0,3,3550,0.0,2007,0,6519 Sword Fern Ave SE,Snoqualmie,WA 98065,USA,7,0,1.5633,-0.1863,2.0845,-0.665,-1.2171
2014-05-20 00:00:00,439000.0,3.0,2.0,2010,251341.0,2.0,0,0,3,1510,0.0,2003,0,16103 Kelly Rd NE,Duvall,WA 98019,USA,11,0,-0.1163,6.5973,-0.3612,-0.665,-1.0827
2014-05-20 00:00:00,380000.0,3.0,1.75,1690,1468.0,2.0,0,0,3,1380,310.0,2008,0,4355 Jill Pl S,Seattle,WA 98108,USA,6,0,-0.4653,-0.3698,-0.517,0.0276,-1.2507
2014-05-20 00:00:00,440000.0,3.0,1.5,1270,1443.0,3.0,0,0,3,1270,0.0,2007,0,9608 Roosevelt Way NE,Seattle,WA 98115,USA,7,0,-0.9234,-0.3705,-0.6489,-0.665,-1.2171
2014-05-20 00:00:00,415000.0,3.0,2.25,1970,2377.0,2.0,0,0,3,1680,290.0,2008,0,4351 Jill Pl S,Seattle,WA 98108,USA,6,0,-0.1599,-0.3445,-0.1574,-0.0171,-1.2507
2014-05-20 00:00:00,860000.0,4.0,2.75,3160,8097.0,2.0,0,0,3,3160,0.0,2014,0,13009 NE 74th St,Kirkland,WA 98033,USA,0,0,1.138,-0.185,1.617,-0.665,-1.4523
2014-05-20 00:00:00,500000.0,3.0,2.5,1210,1200.0,3.0,0,0,3,1210,0.0,2008,0,3903 Woodland Park Ave N,Seattle,WA 98103,USA,6,0,-0.9888,-0.3773,-0.7208,-0.665,-1.2507
2014-05-20 00:00:00,953007.0,4.0,3.5,3120,5086.0,2.0,0,0,3,2480,640.0,2008,0,6511 37th Ave NE,Seattle,WA 98115,USA,6,0,1.0944,-0.2689,0.8017,0.7648,-1.2507
2014-05-20 00:00:00,515000.0,4.0,2.5,2670,8765.0,2.0,0,0,3,2670,0.0,2006,0,5407 NE 3rd Pl,Renton,WA 98059,USA,8,0,0.6036,-0.1663,1.0295,-0.665,-1.1835
2014-05-20 00:00:00,772000.0,3.0,2.25,1640,1204.0,3.0,0,0,3,1640,0.0,2014,0,122 27th Ave E,Seattle,WA 98112,USA,0,0,-0.5198,-0.3772,-0.2053,-0.665,-1.4523
2014-05-20 00:00:00,329995.0,4.0,2.5,2303,3680.0,2.0,0,0,3,2303,0.0,2013,1923,38068 41st Pl S,Auburn,WA 98001,USA,1,1,0.2033,-0.3081,0.5895,-0.665,-1.4187
2014-05-20 00:00:00,409316.0,3.0,2.5,1800,3168.0,2.0,0,0,3,1800,0.0,2014,0,7416 Better Way Loop SE,Snoqualmie,WA 98065,USA,0,0,-0.3453,-0.3224,-0.0135,-0.665,-1.4523
2014-05-20 00:00:00,490000.0,5.0,3.5,4460,2975.0,3.0,0,2,3,3280,1180.0,2013,1923,1400 10th Ave W,Seattle,WA 98119,USA,1,1,2.5559,-0.3278,1.7608,1.9712,-1.4187
2014-05-20 00:00:00,305000.0,2.0,2.5,1590,2656.0,2.0,0,0,3,1220,370.0,2009,0,5937 Delridge Way SW,Seattle,WA 98106,USA,5,0,-0.5743,-0.3367,-0.7088,0.1616,-1.2843
2014-05-20 00:00:00,785000.0,4.0,3.5,3070,4684.0,2.0,0,0,3,2190,880.0,2009,0,2500-2556 NW Alpine Crest Way,Issaquah,WA 98027,USA,5,0,1.0398,-0.2801,0.4541,1.301,-1.2843
2014-05-21 00:00:00,240000.0,2.0,2.25,1330,7200.0,1.0,0,0,3,1330,0.0,1993,0,17451 42nd Ln S,SeaTac,WA 98188,USA,21,0,-0.8579,-0.21,-0.577,-0.665,-0.7466
2014-05-21 00:00:00,325000.0,3.0,1.0,990,6750.0,1.0,0,0,4,990,0.0,1947,1988,11502 Corliss Ave N,Seattle,WA 98133,USA,67,1,-1.2287,-0.2225,-0.9846,-0.665,0.7991
2014-05-21 00:00:00,535800.0,4.0,2.5,1900,5790.0,2.0,0,0,3,1900,0.0,1994,0,4136 258th Ave SE,Issaquah,WA 98029,USA,20,0,-0.2362,-0.2493,0.1064,-0.665,-0.7802
2014-05-21 00:00:00,720000.0,3.0,2.5,2020,1159.0,3.0,0,3,3,2020,0.0,2000,0,208 N 45th St,Seattle,WA 98103,USA,14,0,-0.1054,-0.3784,0.2503,-0.665,-0.9818
2014-05-21 00:00:00,374000.0,3.0,1.75,2000,9416.0,1.0,0,0,4,2000,0.0,1961,2001,12401 NE 108th Ln,Kirkland,WA 98033,USA,53,1,-0.1272,-0.1482,0.2263,-0.665,0.3287
2014-05-21 00:00:00,189650.0,2.0,1.75,1100,7600.0,1.0,0,0,3,1100,0.0,1980,0,1215 S 211th St,Des Moines,WA 98198,USA,34,0,-1.1088,-0.1988,-0.8527,-0.665,-0.3098
2014-05-21 00:00:00,420850.0,1.0,1.0,960,40946.0,1.0,0,0,5,960,0.0,1945,0,10815 E Lake Joy Dr NE,Carnation,WA 98014,USA,69,0,-1.2615,0.7309,-1.0205,-0.665,0.8663
2014-05-21 00:00:00,815000.0,4.0,2.75,3488,9614.0,2.0,0,0,3,3488,0.0,1998,2006,321 246th Way SE,Redmond,WA 98074,USA,16,1,1.4957,-0.1427,2.0102,-0.665,-0.9146
2014-05-21 00:00:00,1065000.0,2.0,1.75,1890,9466.0,2.0,0,0,3,1890,0.0,1987,2000,130 97th Ave NE,Bellevue,WA 98004,USA,27,1,-0.2471,-0.1468,0.0944,-0.665,-0.545
2014-05-21 00:00:00,199000.0,4.0,2.0,2030,8120.0,2.0,0,0,3,2030,0.0,1950,2005,11226 57th Ave S,Seattle,WA 98178,USA,64,1,-0.0945,-0.1843,0.2622,-0.665,0.6983
2014-05-21 00:00:00,195000.0,3.0,1.75,1380,7350.0,1.0,0,0,3,990,390.0,1981,2013,18600-18698 SE 259th Pl,Covington,WA 98042,USA,33,1,-0.8034,-0.2058,-0.9846,0.2063,-0.3434
2014-05-21 00:00:00,1506000.0,4.0,3.25,3660,5800.0,2.5,0,0,3,3360,300.0,1909,1995,1020 15th Ave E,Seattle,WA 98112,USA,105,1,1.6833,-0.249,1.8567,0.0052,2.0761
2014-05-21 00:00:00,288400.0,3.0,2.25,1870,3230.0,2.0,0,0,3,1870,0.0,1997,0,3901 NE 5th Pl,Renton,WA 98056,USA,17,0,-0.269,-0.3207,0.0704,-0.665,-0.881
2014-05-21 00:00:00,442000.0,4.0,2.25,2080,12007.0,1.0,0,0,4,1220,860.0,1979,0,1740 216th Pl NE,Sammamish,WA 98074,USA,35,0,-0.0399,-0.0759,-0.7088,1.2563,-0.2762
2014-05-21 00:00:00,619420.0,4.0,2.75,2450,14803.0,2.0,0,0,4,2450,0.0,1988,0,8537 135th Ave SE,Newcastle,WA 98059,USA,26,0,0.3636,0.002,0.7658,-0.665,-0.5786
2014-05-21 00:00:00,635000.0,4.0,2.25,2750,6180.0,1.0,0,0,4,1500,1250.0,1948,0,3821 39th Ave S,Seattle,WA 98118,USA,66,0,0.6908,-0.2384,-0.3732,2.1276,0.7655
2014-05-21 00:00:00,210000.0,3.0,1.0,1240,4842.0,1.0,0,0,4,1240,0.0,1916,0,9612-9618 Renton Ave S,Seattle,WA 98118,USA,98,0,-0.9561,-0.2757,-0.6849,-0.665,1.8408
2014-05-21 00:00:00,512500.0,3.0,2.5,1900,7604.0,2.0,0,0,3,1900,0.0,1990,2009,11125 115th Ave NE,Kirkland,WA 98033,USA,24,1,-0.2362,-0.1987,0.1064,-0.665,-0.6458
2014-05-21 00:00:00,567000.0,3.0,2.5,2540,6093.0,2.0,0,0,3,2540,0.0,1999,0,7913-7935 79th Way NE,Kirkland,WA 98034,USA,15,0,0.4618,-0.2408,0.8737,-0.665,-0.9482
2014-05-21 00:00:00,525000.0,3.0,2.75,2100,10362.0,2.0,0,0,3,1510,590.0,1998,2006,3 Ober Strasse,Snoqualmie Pass,WA 98068,USA,16,1,-0.0181,-0.1218,-0.3612,0.6531,-0.9146
2014-05-21 00:00:00,475000.0,4.0,2.0,1790,2250.0,1.0,0,2,4,840,950.0,1909,1989,1017 N 38th St,Seattle,WA 98103,USA,105,1,-0.3562,-0.348,-1.1644,1.4573,2.0761
2014-05-21 00:00:00,250000.0,3.0,2.0,1170,7258.0,1.0,0,0,3,1170,0.0,1984,0,29812 55th Pl S,Auburn,WA 98001,USA,30,0,-1.0324,-0.2084,-0.7688,-0.665,-0.4442
2014-05-21 00:00:00,220000.0,3.0,1.0,1060,9126.0,1.0,0,2,5,1060,0.0,1956,0,1122 Harding St,Enumclaw,WA 98022,USA,58,0,-1.1524,-0.1563,-0.9007,-0.665,0.4967
2014-05-21 00:00:00,230000.0,5.0,2.0,1930,6120.0,1.5,0,0,3,1930,0.0,1941,1969,10645 2nd Ave SW,Seattle,WA 98146,USA,73,1,-0.2035,-0.2401,0.1424,-0.665,1.0008
2014-05-21 00:00:00,385500.0,3.0,2.0,1540,7947.0,1.0,0,0,3,1120,420.0,1961,2004,9215 NE 183rd St,Bothell,WA 98011,USA,53,1,-0.6289,-0.1892,-0.8287,0.2733,0.3287
2014-05-21 00:00:00,895000.0,5.0,3.0,2876,13927.0,1.0,0,2,4,1970,906.0,1973,0,5558 W Mercer Way,Mercer Island,WA 98040,USA,41,0,0.8282,-0.0224,0.1903,1.359,-0.0746
2014-05-21 00:00:00,368250.0,3.0,2.5,2150,7484.0,2.0,0,0,3,2150,0.0,1988,2000,932 223rd Pl NE,Sammamish,WA 98074,USA,26,1,0.0364,-0.2021,0.4061,-0.665,-0.5786
2014-05-21 00:00:00,249900.0,2.0,1.0,1140,5500.0,1.0,0,0,3,1140,0.0,1947,2012,9412 24th Ave SW,Seattle,WA 98106,USA,67,1,-1.0651,-0.2574,-0.8047,-0.665,0.7991
2014-05-21 00:00:00,350000.0,3.0,1.5,980,7790.0,1.0,0,0,5,980,0.0,1969,0,9753 NE 127th Pl,Kirkland,WA 98034,USA,45,0,-1.2397,-0.1935,-0.9966,-0.665,0.0599
2014-05-21 00:00:00,175000.0,3.0,1.75,1230,13056.0,1.0,0,0,4,1230,0.0,1962,0,31649-31799 44th Ave S,Auburn,WA 98001,USA,52,0,-0.967,-0.0467,-0.6968,-0.665,0.2951
2014-05-21 00:00:00,270000.0,3.0,1.75,1390,10905.0,1.0,0,0,3,860,530.0,1957,2000,5601-5605 21st Ave SW,Seattle,WA 98106,USA,57,1,-0.7925,-0.1067,-1.1404,0.519,0.4631
2014-05-21 00:00:00,495000.0,3.0,3.5,2380,6250.0,2.0,0,3,3,1670,710.0,1997,0,6521-6599 S Norfolk St,Seattle,WA 98118,USA,17,0,0.2873,-0.2365,-0.1693,0.9212,-0.881
2014-05-21 00:00:00,1580000.0,3.0,3.25,3690,7663.0,2.0,0,0,3,3690,0.0,2007,0,440 8th Ave,Kirkland,WA 98033,USA,7,0,1.716,-0.1971,2.2524,-0.665,-1.2171
2014-05-21 00:00:00,542500.0,5.0,3.25,3010,1074218.0,1.5,0,0,5,2010,1000.0,1931,0,16200-16398 252nd Ave SE,Issaquah,WA 98027,USA,83,0,0.9744,29.5413,0.2383,1.569,1.3368
2014-05-21 00:00:00,330000.0,3.0,1.0,1250,9126.0,1.0,0,0,3,1250,0.0,1969,2010,17510 194th Ave NE,Woodinville,WA 98077,USA,45,1,-0.9452,-0.1563,-0.6729,-0.665,0.0599
2014-05-21 00:00:00,1003000.0,4.0,2.75,2290,6120.0,2.0,0,0,4,2170,120.0,1926,1993,124 NE 63rd St,Seattle,WA 98115,USA,88,1,0.1891,-0.2401,0.4301,-0.3969,1.5048
2014-05-21 00:00:00,299800.0,2.0,1.0,790,5240.0,1.0,0,0,4,790,0.0,1925,1968,8041-8299 Beacon Ave S,Seattle,WA 98118,USA,89,1,-1.4469,-0.2646,-1.2243,-0.665,1.5384
2014-05-21 00:00:00,299900.0,3.0,2.5,2720,6014.0,2.0,0,0,3,2720,0.0,2002,0,29820 125th Pl SE,Auburn,WA 98092,USA,12,0,0.6581,-0.243,1.0895,-0.665,-1.049
2014-05-21 00:00:00,691000.0,4.0,2.75,2550,8632.0,1.0,0,0,3,1700,850.0,1972,2002,4118 107th Pl NE,Kirkland,WA 98033,USA,42,1,0.4727,-0.1701,-0.1334,1.2339,-0.0409
2014-05-21 00:00:00,195000.0,2.0,1.0,1080,3899.0,1.0,0,0,4,1080,0.0,1972,0,24807 10th Ave S,Des Moines,WA 98198,USA,42,0,-1.1306,-0.302,-0.8767,-0.665,-0.0409
2014-05-21 00:00:00,405000.0,3.0,1.75,2470,9620.0,1.0,0,1,4,1570,900.0,1962,0,1018 S 226th St,Des Moines,WA 98198,USA,52,0,0.3854,-0.1425,-0.2892,1.3456,0.2951
2014-05-21 00:00:00,360000.0,2.0,0.75,850,7710.0,1.0,0,2,5,550,300.0,1909,1988,2458 S Ferdinand St,Seattle,WA 98108,USA,105,1,-1.3814,-0.1958,-1.5121,0.0052,2.0761
2014-05-21 00:00:00,256750.0,3.0,2.5,1990,8991.0,1.0,0,0,3,1570,420.0,1969,2010,23255 133rd Ave SE,Kent,WA 98042,USA,45,1,-0.1381,-0.16,-0.2892,0.2733,0.0599
2014-05-21 00:00:00,332500.0,3.0,2.25,1800,10500.0,2.0,0,0,3,1800,0.0,1995,0,23902 231st Pl SE,Maple Valley,WA 98038,USA,19,0,-0.3453,-0.118,-0.0135,-0.665,-0.8138
2014-05-21 00:00:00,975000.0,5.0,4.0,4850,36450.0,2.0,0,0,3,4850,0.0,1977,2004,13600 NE 36th Pl,Bellevue,WA 98005,USA,37,1,2.9812,0.6056,3.643,-0.665,-0.209
2014-05-21 00:00:00,218000.0,3.0,2.25,1020,7874.0,1.0,0,0,3,1020,0.0,1956,2001,9455 8th Ave SW,Seattle,WA 98106,USA,58,1,-1.196,-0.1912,-0.9486,-0.665,0.4967
2014-05-21 00:00:00,429000.0,3.0,2.5,2420,49928.0,2.0,0,0,3,1860,560.0,1985,0,24998 SE 155th Pl,Issaquah,WA 98027,USA,29,0,0.3309,0.9814,0.0584,0.5861,-0.4778
2014-05-21 00:00:00,589000.0,4.0,2.5,2910,5776.0,2.0,0,2,3,2910,0.0,1998,2006,6907 Fairway Ave SE,Snoqualmie,WA 98065,USA,16,1,0.8653,-0.2497,1.3172,-0.665,-0.9146
2014-05-21 00:00:00,255000.0,3.0,1.5,1060,9039.0,1.0,0,0,3,1060,0.0,1973,2013,19300 142nd Pl SE,Renton,WA 98058,USA,41,1,-1.1524,-0.1587,-0.9007,-0.665,-0.0746
2014-05-21 00:00:00,668750.0,4.0,2.5,2340,6420.0,1.0,0,2,3,1590,750.0,1964,2000,2148 NW 197th St,Shoreline,WA 98177,USA,50,1,0.2436,-0.2317,-0.2653,1.0105,0.2279
2014-05-21 00:00:00,344500.0,4.0,2.75,1800,5453.0,1.0,0,0,3,1050,750.0,2002,0,1816 Talbot Rd S,Renton,WA 98055,USA,12,0,-0.3453,-0.2587,-0.9126,1.0105,-1.049
2014-05-21 00:00:00,452000.0,4.0,2.0,1660,6150.0,1.0,0,0,3,850,810.0,1945,2010,7308 28th Ave SW,Seattle,WA 98126,USA,69,1,-0.498,-0.2393,-1.1524,1.1446,0.8663
2014-05-21 00:00:00,540000.0,3.0,1.75,1300,62290.0,1.0,0,0,3,1300,0.0,1983,2009,26933 NE Union Hill Rd,Redmond,WA 98053,USA,31,1,-0.8906,1.3261,-0.6129,-0.665,-0.4106
2014-05-21 00:00:00,246000.0,3.0,1.5,1780,23819.0,1.0,0,0,3,1780,0.0,1953,0,12432 16th Ave S,Seattle,WA 98168,USA,61,0,-0.3671,0.2534,-0.0375,-0.665,0.5975
2014-05-21 00:00:00,535000.0,2.0,1.0,1030,4841.0,1.0,0,0,3,920,110.0,1939,1969,1317 N 79th St,Seattle,WA 98103,USA,75,1,-1.1851,-0.2758,-1.0685,-0.4193,1.068
2014-05-21 00:00:00,970000.0,4.0,3.25,2790,5420.0,1.0,0,3,3,1130,1660.0,1963,2013,19400-19498 23rd Ave NW,Shoreline,WA 98177,USA,51,1,0.7344,-0.2596,-0.8167,3.0435,0.2615
2014-05-21 00:00:00,430000.0,3.0,1.0,1150,3000.0,1.0,0,0,5,1150,0.0,1906,0,945 N 80th St,Seattle,WA 98103,USA,108,0,-1.0542,-0.3271,-0.7928,-0.665,2.1769
2014-05-21 00:00:00,520000.0,4.0,2.5,3290,11446.0,2.0,0,0,3,3290,0.0,1992,0,8020 NE 153rd Pl,Kenmore,WA 98028,USA,22,0,1.2798,-0.0916,1.7728,-0.665,-0.713
2014-05-21 00:00:00,712000.0,4.0,2.5,3400,247421.0,2.0,0,0,3,3400,0.0,2001,0,27728 SE 268th St,Ravensdale,WA 98051,USA,13,0,1.3997,6.488,1.9047,-0.665,-1.0154
2014-05-21 00:00:00,450000.0,2.0,1.0,1200,4000.0,1.0,0,0,3,1070,130.0,1940,1996,3026 37th Ave SW,Seattle,WA 98126,USA,74,1,-0.9997,-0.2992,-0.8887,-0.3746,1.0344
2014-05-21 00:00:00,220000.0,4.0,2.5,2160,8005.0,2.0,0,0,3,2160,0.0,1993,0,767 Oakhurst Dr,Pacific,WA 98047,USA,21,0,0.0473,-0.1875,0.4181,-0.665,-0.7466
2014-05-21 00:00:00,525000.0,3.0,1.0,1450,4000.0,1.0,0,1,4,950,500.0,1948,0,5155 54th Ave S,Seattle,WA 98118,USA,66,0,-0.727,-0.2992,-1.0325,0.452,0.7655
2014-05-21 00:00:00,1220000.0,4.0,2.5,3240,3600.0,2.0,0,0,3,2060,1180.0,2008,0,2433 1st Ave N,Seattle,WA 98109,USA,6,0,1.2252,-0.3104,0.2982,1.9712,-1.2507
2014-05-21 00:00:00,540000.0,3.0,2.0,1470,1691.0,2.0,0,0,3,1000,470.0,2007,0,1032 NE 63rd St,Seattle,WA 98115,USA,7,0,-0.7052,-0.3636,-0.9726,0.385,-1.2171
2014-05-21 00:00:00,600000.0,4.0,2.5,2360,5226.0,2.0,0,0,3,2360,0.0,2001,0,8410 NE 124th St,Kirkland,WA 98034,USA,13,0,0.2655,-0.265,0.6579,-0.665,-1.0154
2014-05-21 00:00:00,600000.0,3.0,2.25,2230,9053.0,2.0,0,0,4,2230,0.0,1987,0,5718 147th Ave NE,Bellevue,WA 98007,USA,27,0,0.1237,-0.1583,0.502,-0.665,-0.545
2014-05-21 00:00:00,625000.0,4.0,2.5,2630,48706.0,2.0,0,0,3,2630,0.0,1986,0,16021 NE 203rd Pl,Woodinville,WA 98072,USA,28,0,0.5599,0.9473,0.9816,-0.665,-0.5114
2014-05-21 00:00:00,150000.0,3.0,1.0,1010,25000.0,1.0,0,0,3,1010,0.0,1966,1963,10626 Kelly Rd NE,Carnation,WA 98014,USA,48,1,-1.2069,0.2863,-0.9606,-0.665,0.1607
2014-05-21 00:00:00,389999.0,3.0,2.25,1445,1471.0,2.0,0,0,3,1300,145.0,2003,0,206 Lingering Pine Dr NW,Issaquah,WA 98027,USA,11,0,-0.7325,-0.3697,-0.6129,-0.3411,-1.0827
2014-05-21 00:00:00,285000.0,3.0,1.75,2380,6000.0,1.5,0,0,3,1320,1060.0,1935,1974,8723 S 117th St,Seattle,WA 98178,USA,79,1,0.2873,-0.2434,-0.5889,1.7031,1.2024
2014-05-21 00:00:00,744000.0,4.0,2.75,2830,13059.0,2.0,0,0,3,2830,0.0,1998,2006,26592 SE 15th St,Sammamish,WA 98075,USA,16,1,0.7781,-0.0466,1.2213,-0.665,-0.9146
2014-05-21 00:00:00,700000.0,4.0,2.5,3010,46173.0,2.0,0,0,3,3010,0.0,1996,0,4375 279th Ave NE,Redmond,WA 98053,USA,18,0,0.9744,0.8767,1.4371,-0.665,-0.8474
2014-05-21 00:00:00,318989.0,4.0,2.25,2000,9000.0,1.0,0,0,4,2000,0.0,1978,2000,4231 SW 323rd St,Federal Way,WA 98023,USA,36,1,-0.1272,-0.1598,0.2263,-0.665,-0.2426
2014-05-21 00:00:00,556000.0,3.0,2.25,2020,3600.0,2.0,0,0,3,2020,0.0,1998,2006,13031 NE 70th Dr,Kirkland,WA 98033,USA,16,1,-0.1054,-0.3104,0.2503,-0.665,-0.9146
2014-05-21 00:00:00,275000.0,3.0,2.5,2030,6326.0,2.0,0,0,3,2030,0.0,1993,0,23418 SE 282nd Pl,Maple Valley,WA 98038,USA,21,0,-0.0945,-0.2343,0.2622,-0.665,-0.7466
2014-05-21 00:00:00,430000.0,3.0,2.75,2550,11160.0,2.0,0,0,3,2550,0.0,1994,0,14540 5th Ave NE,Shoreline,WA 98155,USA,20,0,0.4727,-0.0996,0.8857,-0.665,-0.7802
2014-05-21 00:00:00,300000.0,2.0,1.0,970,13700.0,1.0,0,0,3,970,0.0,1949,1998,9807 22nd Ave SW,Seattle,WA 98106,USA,65,1,-1.2506,-0.0287,-1.0086,-0.665,0.7319
2014-05-21 00:00:00,396450.0,3.0,1.75,1540,12446.0,1.0,0,0,5,1540,0.0,1967,0,1106-1128 Lewis Ln SE,Issaquah,WA 98027,USA,47,0,-0.6289,-0.0637,-0.3252,-0.665,0.1271
2014-05-21 00:00:00,225000.0,2.0,1.0,1396,111949.0,1.0,0,0,3,1396,0.0,1940,1997,24841 Redmond-Fall City Rd NE,Redmond,WA 98053,USA,74,1,-0.7859,2.7107,-0.4978,-0.665,1.0344
2014-05-21 00:00:00,700000.0,4.0,3.25,2780,7875.0,2.0,0,0,3,2780,0.0,2006,0,543 N 138th St,Seattle,WA 98133,USA,8,0,0.7235,-0.1912,1.1614,-0.665,-1.1835
2014-05-21 00:00:00,260000.0,6.0,2.0,2220,8797.0,1.0,0,0,3,2220,0.0,1977,2004,142 11th St SE,Auburn,WA 98002,USA,37,1,0.1128,-0.1655,0.49,-0.665,-0.209
2014-05-21 00:00:00,655000.0,4.0,3.5,2350,13402.0,2.0,0,3,3,1670,680.0,1994,0,11221 NE 106th Pl,Kirkland,WA 98033,USA,20,0,0.2546,-0.0371,-0.1693,0.8542,-0.7802
2014-05-21 00:00:00,1185000.0,3.0,2.25,2760,40946.0,2.0,0,0,5,2760,0.0,1978,0,13204 NE 45th St,Bellevue,WA 98005,USA,36,0,0.7017,0.7309,1.1374,-0.665,-0.2426
2014-05-21 00:00:00,1550000.0,3.0,2.5,4460,26027.0,2.0,0,0,3,4460,0.0,1992,0,126th Ln NE,Kirkland,WA 98033,USA,22,0,2.5559,0.315,3.1755,-0.665,-0.713
2014-05-21 00:00:00,413800.0,3.0,2.0,1440,4421.0,1.0,0,0,3,1440,0.0,2007,0,23571-23613 NE Twinberry Way,Redmond,WA 98053,USA,7,0,-0.7379,-0.2875,-0.4451,-0.665,-1.2171
2014-05-21 00:00:00,950000.0,5.0,3.75,5330,6000.0,2.0,0,2,3,3570,1760.0,2006,0,832 Summerhill Ridge Dr NW,Issaquah,WA 98027,USA,8,0,3.5047,-0.2434,2.1085,3.2669,-1.1835
2014-05-21 00:00:00,334990.0,4.0,2.5,2220,4228.0,2.0,0,0,3,2220,0.0,2014,0,11283-11399 5th Ave SW,Seattle,WA 98146,USA,0,0,0.1128,-0.2928,0.49,-0.665,-1.4523
2014-05-21 00:00:00,1030000.0,3.0,4.0,3880,13095.0,2.0,0,3,3,3700,180.0,2009,0,8090 Juanita Dr NE,Kirkland,WA 98034,USA,5,0,1.9233,-0.0456,2.2644,-0.2629,-1.2843
2014-05-21 00:00:00,1130000.0,4.0,3.25,3810,8519.0,1.0,0,1,3,2680,1130.0,2007,0,10022 NE 110th St,Kirkland,WA 98033,USA,7,0,1.8469,-0.1732,1.0415,1.8595,-1.2171
2014-05-21 00:00:00,556000.0,3.0,3.0,1960,1168.0,2.0,0,0,3,1600,360.0,2007,0,1150 NE Park Dr,Issaquah,WA 98029,USA,7,0,-0.1708,-0.3782,-0.2533,0.1393,-1.2171
2014-05-21 00:00:00,360000.0,3.0,2.5,1530,1131.0,3.0,0,0,3,1530,0.0,2009,0,933 N 97th St,Seattle,WA 98103,USA,5,0,-0.6398,-0.3792,-0.3372,-0.665,-1.2843
2014-05-22 00:00:00,480000.0,4.0,2.25,3250,34293.0,2.0,0,0,4,3250,0.0,1983,0,28030 185th Pl SE,Kent,WA 98042,USA,31,0,1.2362,0.5454,1.7249,-0.665,-0.4106
2014-05-22 00:00:00,324000.0,3.0,2.5,1750,7208.0,2.0,0,0,3,1750,0.0,1994,0,11201 SE 190th Pl,Renton,WA 98055,USA,20,0,-0.3998,-0.2098,-0.0734,-0.665,-0.7802
2014-05-22 00:00:00,1050000.0,4.0,3.25,3440,35021.0,2.0,0,0,3,3440,0.0,1983,2009,11704 NE 41st St,Kirkland,WA 98033,USA,31,1,1.4434,0.5657,1.9526,-0.665,-0.4106
2014-05-22 00:00:00,275000.0,1.0,0.75,1170,14149.0,1.0,0,0,5,880,290.0,1962,0,37316 W Lake Walker Dr SE,Enumclaw,WA 98022,USA,52,0,-1.0324,-0.0162,-1.1165,-0.0171,0.2951
2014-05-22 00:00:00,180000.0,3.0,1.0,870,5330.0,1.0,0,0,3,870,0.0,1969,2014,19654 SE 260th St,Covington,WA 98042,USA,45,1,-1.3596,-0.2621,-1.1284,-0.665,0.0599
2014-05-22 00:00:00,749000.0,4.0,2.5,2930,18199.0,2.0,0,0,3,2930,0.0,1998,2006,1645 219th Pl SE,Sammamish,WA 98075,USA,16,1,0.8871,0.0967,1.3412,-0.665,-0.9146
2014-05-22 00:00:00,1600000.0,3.0,2.5,3160,12824.0,1.0,0,2,4,1820,1340.0,1966,0,9410 Lake Washington Blvd NE,Bellevue,WA 98004,USA,48,0,1.138,-0.0532,0.0105,2.3286,0.1607
2014-05-22 00:00:00,373500.0,2.0,1.0,800,3330.0,1.0,0,0,3,800,0.0,1918,0,108 NW 41st St,Seattle,WA 98107,USA,96,0,-1.436,-0.3179,-1.2124,-0.665,1.7736
2014-05-22 00:00:00,770000.0,4.0,2.5,2350,8001.0,2.0,0,0,4,2350,0.0,1987,0,14019 SE 61st Pl,Bellevue,WA 98006,USA,27,0,0.2546,-0.1876,0.6459,-0.665,-0.545
2014-05-22 00:00:00,356000.0,2.0,1.75,1060,16470.0,1.0,0,0,3,1060,0.0,1977,2004,15523 187th Ave NE,Woodinville,WA 98072,USA,37,1,-1.1524,0.0485,-0.9007,-0.665,-0.209
2014-05-22 00:00:00,625000.0,3.0,1.75,2060,12558.0,1.0,0,0,4,1350,710.0,1984,0,6619 147th Ct NE,Redmond,WA 98052,USA,30,0,-0.0617,-0.0606,-0.553,0.9212,-0.4442
2014-05-22 00:00:00,494400.0,2.0,1.75,1560,1750.0,1.0,0,0,4,780,780.0,1904,0,115 Blaine St,Seattle,WA 98109,USA,110,0,-0.6071,-0.3619,-1.2363,1.0776,2.2441
2014-05-22 00:00:00,585000.0,4.0,1.75,3000,42200.0,1.0,0,3,3,1500,1500.0,1950,2005,3901 Park Ave N,Renton,WA 98056,USA,64,1,0.9635,0.7659,-0.3732,2.6861,0.6983
2014-05-22 00:00:00,926300.0,3.0,1.5,1660,4800.0,2.0,0,0,3,1660,0.0,1907,1983,1814 1st Ave W,Seattle,WA 98119,USA,107,1,-0.498,-0.2769,-0.1813,-0.665,2.1433
2014-05-22 00:00:00,600000.0,3.0,1.75,1650,5100.0,1.0,0,0,5,1040,610.0,1908,0,547 NE 81st St,Seattle,WA 98115,USA,106,0,-0.5089,-0.2685,-0.9246,0.6978,2.1097
2014-05-22 00:00:00,430000.0,4.0,3.0,3220,8936.0,2.0,0,0,3,2450,770.0,1990,2009,20301 96th Ave S,Kent,WA 98031,USA,24,1,1.2034,-0.1616,0.7658,1.0552,-0.6458
2014-05-22 00:00:00,307000.0,3.0,1.5,2320,7500.0,1.0,0,0,3,2320,0.0,1976,0,26905 NE Cherry St,Duvall,WA 98019,USA,38,0,0.2218,-0.2016,0.6099,-0.665,-0.1754
2014-05-22 00:00:00,604700.0,4.0,2.75,2750,14982.0,1.0,0,3,3,1720,1030.0,1981,2013,27318 10th Pl S,Des Moines,WA 98198,USA,33,1,0.6908,0.007,-0.1094,1.6361,-0.3434
2014-05-22 00:00:00,219900.0,3.0,1.0,910,6000.0,1.0,0,0,2,910,0.0,1956,0,303 SW 108th St,Seattle,WA 98146,USA,58,0,-1.316,-0.2434,-1.0805,-0.665,0.4967
2014-05-22 00:00:00,270000.0,2.0,1.5,840,867.0,2.0,0,0,3,840,0.0,2005,0,9122 23rd Ave NE,Seattle,WA 98115,USA,9,0,-1.3923,-0.3866,-1.1644,-0.665,-1.1499
2014-05-22 00:00:00,432000.0,3.0,2.25,1470,1578.0,2.0,0,0,3,1090,380.0,2007,0,7202 California Ave SW,Seattle,WA 98136,USA,7,0,-0.7052,-0.3667,-0.8647,0.1839,-1.2171
2014-05-22 00:00:00,300000.0,6.0,2.0,2040,10812.0,1.0,0,0,4,2040,0.0,1943,0,555 Index Ave NE,Renton,WA 98056,USA,71,0,-0.0836,-0.1093,0.2742,-0.665,0.9336
2014-05-22 00:00:00,361000.0,3.0,1.0,1100,4046.0,1.5,0,4,4,1100,0.0,1922,0,28764 Redondo Beach Dr S,Des Moines,WA 98198,USA,92,0,-1.1088,-0.2979,-0.8527,-0.665,1.6392
2014-05-22 00:00:00,249950.0,2.0,1.0,940,8532.0,1.0,0,0,4,940,0.0,1959,0,628 SW 136th St,Burien,WA 98166,USA,55,0,-1.2833,-0.1728,-1.0445,-0.665,0.3959
2014-05-22 00:00:00,320000.0,3.0,2.0,1110,10500.0,1.0,0,0,5,1110,0.0,1978,0,17040 426th Ave SE,North Bend,WA 98045,USA,36,0,-1.0979,-0.118,-0.8407,-0.665,-0.2426
2014-05-22 00:00:00,305000.0,4.0,1.75,2200,8100.0,1.5,0,0,5,1400,800.0,1942,0,12036 23rd Ave S,Seattle,WA 98168,USA,72,0,0.091,-0.1849,-0.493,1.1222,0.9672
2014-05-22 00:00:00,503000.0,2.0,1.75,2860,59612.0,1.0,1,4,3,1510,1350.0,1948,2003,4338 SW 307th St,Federal Way,WA 98023,USA,66,1,0.8108,1.2514,-0.3612,2.351,0.7655
2014-05-22 00:00:00,235750.0,2.0,1.0,740,11250.0,1.0,0,0,2,740,0.0,1938,0,11050 24th Pl SW,Seattle,WA 98146,USA,76,0,-1.5014,-0.0971,-1.2843,-0.665,1.1016
2014-05-22 00:00:00,657000.0,4.0,1.75,2740,8520.0,1.0,0,2,3,1370,1370.0,1954,2005,5524 S Morgan St,Seattle,WA 98118,USA,60,1,0.6799,-0.1732,-0.529,2.3956,0.5639
2014-05-22 00:00:00,385000.0,3.0,1.0,1250,7300.0,1.0,0,0,4,1250,0.0,1956,0,16204 SE 8th St,Bellevue,WA 98008,USA,58,0,-0.9452,-0.2072,-0.6729,-0.665,0.4967
2014-05-22 00:00:00,389950.0,4.0,2.5,3140,8060.0,2.0,0,0,3,3140,0.0,1991,0,32800 7th Ave SW,Federal Way,WA 98023,USA,23,0,1.1162,-0.186,1.593,-0.665,-0.6794
2014-05-22 00:00:00,150000.0,2.0,1.0,820,10270.0,1.0,0,0,3,820,0.0,1954,2005,10218 Aqua Way S,Seattle,WA 98168,USA,60,1,-1.4142,-0.1244,-1.1884,-0.665,0.5639
2014-05-22 00:00:00,254500.0,4.0,2.75,2570,7264.0,2.0,0,0,3,1720,850.0,1998,2006,1621 56th Ct SE,Auburn,WA 98092,USA,16,1,0.4945,-0.2082,-0.1094,1.2339,-0.9146
2014-05-22 00:00:00,555000.0,4.0,2.25,2350,8140.0,1.0,0,0,4,1430,920.0,1977,0,15800 SE 50th St,Bellevue,WA 98006,USA,37,0,0.2546,-0.1838,-0.4571,1.3903,-0.209
2014-05-22 00:00:00,1075000.0,4.0,3.0,3600,9200.0,1.0,0,4,4,2100,1500.0,1976,1992,2646 168th Ave SE,Bellevue,WA 98008,USA,38,1,1.6179,-0.1542,0.3462,2.6861,-0.1754
2014-05-22 00:00:00,245000.0,4.0,2.0,1580,8000.0,1.0,0,0,3,1040,540.0,1967,2011,2306 S 284th Pl,Federal Way,WA 98003,USA,47,1,-0.5853,-0.1877,-0.9246,0.5414,0.1271
2014-05-22 00:00:00,319950.0,2.0,1.0,1070,5824.0,1.0,0,2,5,1070,0.0,1949,0,7057 S Lakeridge Dr,Seattle,WA 98178,USA,65,0,-1.1415,-0.2483,-0.8887,-0.665,0.7319
2014-05-22 00:00:00,337000.0,3.0,1.0,1070,6109.0,1.0,0,0,5,1070,0.0,1951,0,12551 Roosevelt Way NE,Seattle,WA 98125,USA,63,0,-1.1415,-0.2404,-0.8887,-0.665,0.6647
2014-05-22 00:00:00,492000.0,4.0,2.0,1640,5000.0,2.0,0,0,3,1640,0.0,1907,1983,639 NW 52nd St,Seattle,WA 98107,USA,107,1,-0.5198,-0.2713,-0.2053,-0.665,2.1433
2014-05-22 00:00:00,1170000.0,3.0,2.75,2890,12130.0,2.0,0,3,4,2830,60.0,1987,0,4506 Lake Washington Blvd NE,Kirkland,WA 98033,USA,27,0,0.8435,-0.0725,1.2213,-0.531,-0.545
2014-05-22 00:00:00,348580.0,3.0,1.0,1220,7876.0,1.0,0,0,3,1220,0.0,1966,1963,14405 105th Ave NE,Kirkland,WA 98034,USA,48,1,-0.9779,-0.1911,-0.7088,-0.665,0.1607
2014-05-22 00:00:00,180000.0,2.0,1.0,1400,4500.0,1.0,0,0,3,900,500.0,1922,2008,309 Hardie Ave NW,Renton,WA 98057,USA,92,1,-0.7816,-0.2853,-1.0925,0.452,1.6392
2014-05-22 00:00:00,400000.0,3.0,1.0,1040,6250.0,1.0,0,0,3,1040,0.0,1942,1999,5440 42nd Ave SW,Seattle,WA 98136,USA,72,1,-1.1742,-0.2365,-0.9246,-0.665,0.9672
2014-05-22 00:00:00,295000.0,4.0,2.0,980,10640.0,1.0,0,0,5,980,0.0,1978,0,17026 426th Ave SE,North Bend,WA 98045,USA,36,0,-1.2397,-0.1141,-0.9966,-0.665,-0.2426
2014-05-22 00:00:00,910000.0,4.0,3.25,3340,10890.0,1.5,0,0,3,2240,1100.0,1963,2000,15243 NE 71st Ct,Redmond,WA 98052,USA,51,1,1.3343,-0.1071,0.514,1.7925,0.2615
2014-05-22 00:00:00,1150000.0,6.0,4.5,6040,219542.0,2.0,0,0,3,4100,1940.0,1996,0,4616 252nd Ave SE,Issaquah,WA 98029,USA,18,0,4.2791,5.7107,2.7439,3.6691,-0.8474
2014-05-22 00:00:00,431500.0,3.0,3.5,1900,1612.0,2.0,0,0,3,1430,470.0,2008,0,6527 41st Ave SW,Seattle,WA 98136,USA,6,0,-0.2362,-0.3658,-0.4571,0.385,-1.2507
2014-05-22 00:00:00,180000.0,4.0,1.5,1740,7663.0,1.0,0,0,3,1020,720.0,1962,2003,13904 24th Ave S,SeaTac,WA 98168,USA,52,1,-0.4107,-0.1971,-0.9486,0.9435,0.2951
2014-05-22 00:00:00,677000.0,3.0,2.0,2000,3207.0,1.0,0,0,4,1100,900.0,1916,0,1330 N Lucas Pl,Seattle,WA 98103,USA,98,0,-0.1272,-0.3213,-0.8527,1.3456,1.8408
2014-05-22 00:00:00,1180500.0,3.0,2.25,1610,7200.0,1.0,0,0,3,1090,520.0,1973,2013,1015 36th Ave E,Seattle,WA 98112,USA,41,1,-0.5525,-0.21,-0.8647,0.4967,-0.0746
2014-05-22 00:00:00,635700.0,4.0,2.5,3240,13978.0,1.0,0,0,3,1860,1380.0,1977,2004,2069 211th Ave NE,Sammamish,WA 98074,USA,37,1,1.2252,-0.021,0.0584,2.418,-0.209
2014-05-22 00:00:00,482000.0,5.0,2.25,2230,9600.0,1.0,0,0,3,1320,910.0,1978,0,16218 195th Pl NE,Woodinville,WA 98077,USA,36,0,0.1237,-0.1431,-0.5889,1.368,-0.2426
2014-05-22 00:00:00,168000.0,2.0,2.5,1160,2174.0,2.0,0,0,3,1160,0.0,1998,2006,8601-8633 26th Ave SW,Seattle,WA 98106,USA,16,1,-1.0433,-0.3501,-0.7808,-0.665,-0.9146
2014-05-22 00:00:00,805000.0,4.0,2.75,2410,6000.0,1.0,0,0,5,1410,1000.0,1950,0,3210 NW 58th St,Seattle,WA 98107,USA,64,0,0.32,-0.2434,-0.4811,1.569,0.6983
2014-05-22 00:00:00,398000.0,2.0,1.0,590,10945.0,1.5,0,0,3,590,0.0,1983,2009,29613-29615 232nd Ave SE,Black Diamond,WA 98010,USA,31,1,-1.665,-0.1056,-1.4641,-0.665,-0.4106
2014-05-22 00:00:00,665000.0,4.0,2.5,2600,17388.0,2.0,0,0,3,2600,0.0,1996,0,14623 SE 82nd Ct,Newcastle,WA 98059,USA,18,0,0.5272,0.0741,0.9456,-0.665,-0.8474
2014-05-22 00:00:00,592500.0,4.0,3.0,2170,8240.0,1.0,0,0,4,1370,800.0,1968,0,18504 NE 21st St,Redmond,WA 98052,USA,46,0,0.0582,-0.181,-0.529,1.1222,0.0935
2014-05-22 00:00:00,940000.0,4.0,2.75,2080,7663.0,1.5,0,0,3,2080,0.0,1912,2000,6042 Sycamore Ave NW,Seattle,WA 98107,USA,102,1,-0.0399,-0.1971,0.3222,-0.665,1.9753
2014-05-22 00:00:00,655000.0,4.0,2.5,2860,12394.0,2.0,0,0,3,2860,0.0,1999,0,2853 234th Ave SE,Sammamish,WA 98075,USA,15,0,0.8108,-0.0652,1.2573,-0.665,-0.9482
2014-05-22 00:00:00,622500.0,4.0,2.5,2980,8107.0,2.0,0,0,3,2980,0.0,2000,0,34823 Rhododendron Dr SE,Snoqualmie,WA 98065,USA,14,0,0.9417,-0.1847,1.4012,-0.665,-0.9818
2014-05-22 00:00:00,380000.0,2.0,2.5,1230,987.0,2.0,0,0,3,1060,170.0,2011,0,2031 S Washington St,Seattle,WA 98144,USA,3,0,-0.967,-0.3832,-0.9007,-0.2852,-1.3515
2014-05-22 00:00:00,648360.0,4.0,1.75,2260,7005.0,1.0,0,1,4,1130,1130.0,1947,1988,137 18th Ave,Kirkland,WA 98033,USA,67,1,0.1564,-0.2154,-0.8167,1.8595,0.7991
2014-05-22 00:00:00,432000.0,3.0,2.75,2200,14925.0,1.0,0,0,3,1100,1100.0,1982,0,21013 NE 60th Pl,Redmond,WA 98053,USA,32,0,0.091,0.0054,-0.8527,1.7925,-0.377
2014-05-22 00:00:00,1050000.0,4.0,2.5,3030,12590.0,1.5,0,0,4,3030,0.0,1988,0,3255 111th Ave SE,Bellevue,WA 98004,USA,26,0,0.9962,-0.0597,1.4611,-0.665,-0.5786
2014-05-22 00:00:00,353250.0,2.0,1.0,1060,1600.0,2.0,0,0,3,1060,0.0,1979,2014,1523 30th Ave S,Seattle,WA 98144,USA,35,1,-1.1524,-0.3661,-0.9007,-0.665,-0.2762
2014-05-22 00:00:00,1000000.0,4.0,3.0,4260,18687.0,2.0,0,0,3,4260,0.0,1996,0,2432 267th Ct SE,Sammamish,WA 98075,USA,18,0,2.3377,0.1103,2.9357,-0.665,-0.8474
2014-05-22 00:00:00,320000.0,3.0,2.25,998,844.0,2.0,0,0,3,798,200.0,2007,0,820 NW 95th St,Seattle,WA 98117,USA,7,0,-1.22,-0.3872,-1.2148,-0.2182,-1.2171
2014-05-22 00:00:00,349900.0,4.0,2.5,2052,7663.0,2.0,0,0,3,2052,0.0,2014,0,35650 30th Ave S,Federal Way,WA 98003,USA,0,0,-0.0705,-0.1971,0.2886,-0.665,-1.4523
2014-05-22 00:00:00,330000.0,4.0,3.5,3150,6202.0,2.0,0,0,3,3150,0.0,2005,0,22547 134th Pl SE,Kent,WA 98042,USA,9,0,1.1271,-0.2378,1.605,-0.665,-1.1499
2014-05-22 00:00:00,408000.0,3.0,2.25,1950,7221.0,1.0,0,0,4,1950,0.0,2006,0,3742 S 192nd St,SeaTac,WA 98188,USA,8,0,-0.1817,-0.2094,0.1663,-0.665,-1.1835
2014-05-22 00:00:00,321000.0,3.0,2.25,1347,1292.0,3.0,0,0,3,1347,0.0,2010,0,14007-14017 35th Ave NE,Seattle,WA 98125,USA,4,0,-0.8394,-0.3747,-0.5566,-0.665,-1.3179
2014-05-22 00:00:00,1051000.0,4.0,3.75,3860,5474.0,2.5,0,0,3,3860,0.0,2007,0,2603 NE Davis Loop,Issaquah,WA 98029,USA,7,0,1.9015,-0.2581,2.4562,-0.665,-1.2171
2014-05-22 00:00:00,2150000.0,4.0,5.5,5060,10320.0,2.0,0,0,3,5060,0.0,2008,0,1500-1598 98th Ave NE,Bellevue,WA 98004,USA,6,0,3.2102,-0.123,3.8948,-0.665,-1.2507
2014-05-22 00:00:00,359000.0,3.0,1.5,1360,885.0,3.0,0,0,3,1360,0.0,2008,0,709 N 94th St,Seattle,WA 98103,USA,6,0,-0.8252,-0.3861,-0.541,-0.665,-1.2507
2014-05-22 00:00:00,300000.0,5.0,2.5,2760,6000.0,2.0,0,0,3,2760,0.0,2006,0,843 S Rose St,Seattle,WA 98108,USA,8,0,0.7017,-0.2434,1.1374,-0.665,-1.1835
2014-05-22 00:00:00,380000.0,5.0,3.5,2420,4670.0,2.0,0,0,3,2420,0.0,2013,1923,8803 38th Ave S,Seattle,WA 98118,USA,1,1,0.3309,-0.2805,0.7298,-0.665,-1.4187
2014-05-22 00:00:00,660000.0,3.0,2.5,2450,4332.0,2.0,0,0,3,2450,0.0,2010,0,10741 242nd Pl NE,Redmond,WA 98053,USA,4,0,0.3636,-0.2899,0.7658,-0.665,-1.3179
2014-05-22 00:00:00,355000.0,3.0,2.25,1280,959.0,3.0,0,0,3,1280,0.0,2005,0,8526 Nesbit Ave N,Seattle,WA 98103,USA,9,0,-0.9125,-0.384,-0.6369,-0.665,-1.1499
2014-05-22 00:00:00,259000.0,3.0,2.5,1550,3569.0,2.0,0,0,3,1550,0.0,2011,0,1506 51st St NE,Auburn,WA 98002,USA,3,0,-0.618,-0.3112,-0.3132,-0.665,-1.3515
2014-05-22 00:00:00,353000.0,1.0,1.0,550,1279.0,2.0,0,0,3,550,0.0,2008,0,1620 14th Ave,Seattle,WA 98122,USA,6,0,-1.7086,-0.3751,-1.5121,-0.665,-1.2507
2014-05-22 00:00:00,430000.0,2.0,2.5,1520,1588.0,2.0,0,0,3,1240,280.0,2007,0,2310 15th Ave S,Seattle,WA 98144,USA,7,0,-0.6507,-0.3665,-0.6849,-0.0395,-1.2171
2014-05-23 00:00:00,460000.0,3.0,1.0,1670,4005.0,1.5,0,0,4,1170,500.0,1939,1989,8030 18th Ave NW,Seattle,WA 98117,USA,75,1,-0.4871,-0.2991,-0.7688,0.452,1.068
2014-05-23 00:00:00,80000.0,1.0,0.75,430,5050.0,1.0,0,0,2,430,0.0,1912,0,32215 E Rutherford St,Carnation,WA 98014,USA,102,0,-1.8395,-0.2699,-1.6559,-0.665,1.9753
2014-05-23 00:00:00,782000.0,4.0,2.5,2380,9614.0,2.0,0,0,4,2380,0.0,1991,0,16810 SE 47th Way,Bellevue,WA 98006,USA,23,0,0.2873,-0.1427,0.6818,-0.665,-0.6794
2014-05-23 00:00:00,218000.0,3.0,1.0,960,9633.0,1.0,0,0,5,960,0.0,1982,0,506 Harmony Ln,Enumclaw,WA 98022,USA,32,0,-1.2615,-0.1421,-1.0205,-0.665,-0.377
2014-05-23 00:00:00,325000.0,3.0,1.0,1920,6862.0,1.0,0,2,3,1120,800.0,1952,2008,4602 S Fletcher St,Seattle,WA 98118,USA,62,1,-0.2144,-0.2194,-0.8287,1.1222,0.6311
2014-05-23 00:00:00,980000.0,4.0,3.0,3680,5854.0,1.0,0,3,3,2060,1620.0,1967,2011,1414 Magnolia Blvd W,Seattle,WA 98199,USA,47,1,1.7051,-0.2475,0.2982,2.9542,0.1271
2014-05-23 00:00:00,902000.0,4.0,2.25,2530,9200.0,1.0,0,0,5,1570,960.0,1976,0,4632 141st Ct SE,Bellevue,WA 98006,USA,38,0,0.4509,-0.1542,-0.2892,1.4797,-0.1754
2014-05-23 00:00:00,556000.0,5.0,2.5,3840,16905.0,2.0,0,0,3,3840,0.0,1991,0,739 SW 337th St,Federal Way,WA 98023,USA,23,0,1.8796,0.0606,2.4322,-0.665,-0.6794
2014-05-23 00:00:00,662990.0,3.0,1.75,1240,3600.0,1.5,0,0,5,1240,0.0,1926,0,2552 57th Ave SW,Seattle,WA 98116,USA,88,0,-0.9561,-0.3104,-0.6849,-0.665,1.5048
2014-05-23 00:00:00,225000.0,2.0,1.0,1300,11867.0,1.5,0,0,4,1300,0.0,1975,0,33023 SE 310th St,Ravensdale,WA 98051,USA,39,0,-0.8906,-0.0799,-0.6129,-0.665,-0.1418
2014-05-23 00:00:00,439950.0,4.0,2.5,2380,12067.0,2.0,0,0,3,2380,0.0,2002,0,313 Mt Baker Pl NE,Renton,WA 98059,USA,12,0,0.2873,-0.0743,0.6818,-0.665,-1.049
2014-05-23 00:00:00,175000.0,2.0,1.0,1300,44431.0,1.0,0,0,5,1300,0.0,1958,0,30557 55th Ave S,Auburn,WA 98001,USA,56,0,-0.8906,0.8281,-0.6129,-0.665,0.4295
2014-05-23 00:00:00,306000.0,2.0,1.0,780,13500.0,1.0,0,0,4,780,0.0,1946,1989,15210 Mink Rd NE,Woodinville,WA 98077,USA,68,1,-1.4578,-0.0343,-1.2363,-0.665,0.8327
2014-05-23 00:00:00,235000.0,4.0,2.5,1810,39639.0,1.0,0,0,3,1230,580.0,1970,2014,17421 SE Covington Sawyer Rd,Kent,WA 98042,USA,44,1,-0.3344,0.6945,-0.6968,0.6307,0.0263
2014-05-23 00:00:00,399500.0,3.0,1.75,2420,12676.0,2.0,0,0,3,2420,0.0,1911,1986,227 W Park St,North Bend,WA 98045,USA,103,1,0.3309,-0.0573,0.7298,-0.665,2.0089
2014-05-23 00:00:00,478000.0,3.0,1.0,1280,2580.0,1.5,0,0,3,1280,0.0,1910,2014,6008 8th Ave NE,Seattle,WA 98115,USA,104,1,-0.9125,-0.3388,-0.6369,-0.665,2.0425
2014-05-23 00:00:00,515000.0,2.0,1.0,1680,6500.0,1.0,0,0,4,1140,540.0,1941,1998,5906 44th Ave SW,Seattle,WA 98136,USA,73,1,-0.4762,-0.2295,-0.8047,0.5414,1.0008
2014-05-23 00:00:00,550000.0,3.0,2.5,2510,5400.0,2.0,0,0,3,2510,0.0,1992,0,919 N 33rd St,Renton,WA 98056,USA,22,0,0.4291,-0.2602,0.8377,-0.665,-0.713
2014-05-23 00:00:00,149000.0,3.0,1.0,1700,7663.0,1.0,0,0,3,1700,0.0,1955,2005,12701 2nd Ave SW,Seattle,WA 98146,USA,59,1,-0.4544,-0.1971,-0.1334,-0.665,0.5303
2014-05-23 00:00:00,526000.0,3.0,1.75,1680,3420.0,1.0,0,0,3,960,720.0,1992,0,7717 35th Ave NE,Seattle,WA 98115,USA,22,0,-0.4762,-0.3154,-1.0205,0.9435,-0.713
2014-05-23 00:00:00,527550.0,1.0,0.75,820,59677.0,1.0,0,0,3,820,0.0,1999,0,7608 N Fork Rd SE,Snoqualmie,WA 98065,USA,15,0,-1.4142,1.2532,-1.1884,-0.665,-0.9482
2014-05-23 00:00:00,1050000.0,3.0,4.0,4380,42769.0,2.0,0,0,5,4380,0.0,1983,0,17301 NE 131st St,Redmond,WA 98052,USA,31,0,2.4686,0.7818,3.0796,-0.665,-0.4106
2014-05-23 00:00:00,625000.0,3.0,2.5,2600,10092.0,1.0,0,0,3,2600,0.0,1984,0,22922 NE 14th St,Sammamish,WA 98074,USA,30,0,0.5272,-0.1293,0.9456,-0.665,-0.4442
2014-05-23 00:00:00,950000.0,5.0,3.25,3400,7452.0,2.0,0,0,3,3400,0.0,1999,0,15251 NE 6th St,Bellevue,WA 98007,USA,15,0,1.3997,-0.203,1.9047,-0.665,-0.9482
2014-05-23 00:00:00,377691.0,5.0,1.75,2120,8399.0,1.0,0,0,4,1320,800.0,1942,1982,18318 Meridian Ave N,Shoreline,WA 98133,USA,72,1,0.0037,-0.1765,-0.5889,1.1222,0.9672
2014-05-23 00:00:00,648475.0,4.0,2.75,2250,5700.0,1.0,0,0,3,1200,1050.0,1951,1994,2436 Dexter Ave N,Seattle,WA 98109,USA,63,1,0.1455,-0.2518,-0.7328,1.6808,0.6647
2014-05-23 00:00:00,383000.0,3.0,1.0,1800,5612.0,1.0,0,0,4,1200,600.0,1942,1982,8639 36th Ave SW,Seattle,WA 98126,USA,72,1,-0.3453,-0.2543,-0.7328,0.6754,0.9672
2014-05-23 00:00:00,535000.0,3.0,2.5,2210,7620.0,2.0,0,0,3,2210,0.0,1994,0,10526 157th Ave NE,Redmond,WA 98052,USA,20,0,0.1019,-0.1983,0.478,-0.665,-0.7802
2014-05-23 00:00:00,449950.0,3.0,2.0,1560,4080.0,2.0,0,0,3,1560,0.0,1923,1982,828 NE 83rd St,Seattle,WA 98115,USA,91,1,-0.6071,-0.297,-0.3012,-0.665,1.6056
2014-05-23 00:00:00,465425.0,4.0,2.75,2430,20720.0,1.0,0,0,3,2430,0.0,1967,2011,14951 NE 204th St,Woodinville,WA 98072,USA,47,1,0.3418,0.167,0.7418,-0.665,0.1271
2014-05-23 00:00:00,675000.0,4.0,2.5,2560,36601.0,2.0,0,0,4,2560,0.0,1987,0,26007 SE 27th St,Sammamish,WA 98075,USA,27,0,0.4836,0.6098,0.8976,-0.665,-0.545
2014-05-23 00:00:00,599000.0,3.0,2.75,1960,2500.0,1.5,0,0,5,1410,550.0,1926,0,427 N 63rd St,Seattle,WA 98103,USA,88,0,-0.1708,-0.341,-0.4811,0.5637,1.5048
2014-05-23 00:00:00,416000.0,3.0,1.5,1110,9762.0,1.0,0,0,4,1110,0.0,1963,0,14222 NE 80th Pl,Redmond,WA 98052,USA,51,0,-1.0979,-0.1385,-0.8407,-0.665,0.2615
2014-05-23 00:00:00,595000.0,2.0,1.5,1030,4500.0,1.0,0,0,3,830,200.0,1924,2011,2726 Mayfair Ave N,Seattle,WA 98109,USA,90,1,-1.1851,-0.2853,-1.1764,-0.2182,1.572
2014-05-23 00:00:00,200000.0,4.0,1.0,1350,11507.0,1.0,0,0,3,1350,0.0,1966,1963,19516-19598 108th Ave SE,Renton,WA 98055,USA,48,1,-0.8361,-0.0899,-0.553,-0.665,0.1607
2014-05-23 00:00:00,402000.0,3.0,2.0,1540,1827.0,2.0,0,0,3,1540,0.0,2005,0,2460 NE Park Dr,Issaquah,WA 98029,USA,9,0,-0.6289,-0.3598,-0.3252,-0.665,-1.1499
2014-05-23 00:00:00,433000.0,4.0,1.75,1830,9600.0,1.0,0,0,4,1010,820.0,1966,0,16130 SE Newport Way,Bellevue,WA 98006,USA,48,0,-0.3126,-0.1431,-0.9606,1.1669,0.1607
2014-05-23 00:00:00,275000.0,4.0,1.5,1930,15531.0,2.0,0,0,3,1930,0.0,1979,2014,28616 28th Pl S,Federal Way,WA 98003,USA,35,1,-0.2035,0.0223,0.1424,-0.665,-0.2762
2014-05-23 00:00:00,410000.0,3.0,2.0,1650,9641.0,1.5,0,0,3,1650,0.0,1983,2009,12721 83rd Ct NE,Kirkland,WA 98034,USA,31,1,-0.5089,-0.1419,-0.1933,-0.665,-0.4106
2014-05-23 00:00:00,554820.0,4.0,2.0,3510,12905.0,1.0,0,2,3,2210,1300.0,1965,1982,1962 SW 172nd St,Burien,WA 98166,USA,49,1,1.5197,-0.0509,0.478,2.2393,0.1943
2014-05-23 00:00:00,1325000.0,4.0,3.0,3370,7920.0,1.0,0,3,3,1860,0.0,1988,2000,3524 NW 67th St,Seattle,WA 98117,USA,26,1,1.367,-0.1899,0.0584,-0.665,-0.5786
2014-05-23 00:00:00,735000.0,3.0,2.5,2390,9157.0,2.0,0,0,3,2390,0.0,1984,0,14500-14526 NE 61st St,Redmond,WA 98052,USA,30,0,0.2982,-0.1554,0.6938,-0.665,-0.4442
2014-05-23 00:00:00,607000.0,3.0,1.0,1230,8114.0,1.0,0,0,4,1230,0.0,1951,1999,3126 108th Ave SE,Bellevue,WA 98004,USA,63,1,-0.967,-0.1845,-0.6968,-0.665,0.6647
2014-05-23 00:00:00,549900.0,4.0,3.0,2830,213879.0,2.0,0,0,4,2830,0.0,1987,0,34422 176th Ave SE,Auburn,WA 98092,USA,27,0,0.7781,5.5528,1.2213,-0.665,-0.545
2014-05-23 00:00:00,258000.0,3.0,1.75,1620,7540.0,1.0,0,0,3,1310,310.0,1988,2000,21659 SE 266th St,Maple Valley,WA 98038,USA,26,1,-0.5416,-0.2005,-0.6009,0.0276,-0.5786
2014-05-23 00:00:00,661254.0,4.0,4.0,2290,6250.0,1.5,0,0,5,1690,600.0,1940,0,2319 41st Ave SW,Seattle,WA 98116,USA,74,0,0.1891,-0.2365,-0.1454,0.6754,1.0344
2014-05-23 00:00:00,945000.0,4.0,2.0,2840,13367.0,1.0,0,0,3,1420,1420.0,1952,2008,9723 NE 15th St,Clyde Hill,WA 98004,USA,62,1,0.789,-0.038,-0.4691,2.5073,0.6311
2014-05-23 00:00:00,799950.0,4.0,3.5,4220,196817.0,2.0,0,0,3,4220,0.0,1993,0,5002 Jasmine Ave SE,Auburn,WA 98092,USA,21,0,2.2941,5.077,2.8878,-0.665,-0.7466
2014-05-23 00:00:00,132500.0,3.0,1.0,1080,10500.0,1.0,0,0,3,1080,0.0,1967,2011,4411 S 314th St,Auburn,WA 98001,USA,47,1,-1.1306,-0.118,-0.8767,-0.665,0.1271
2014-05-23 00:00:00,467100.0,3.0,1.75,1620,8645.0,1.0,0,0,3,1190,430.0,1973,2013,6605-6609 141st Pl NE,Redmond,WA 98052,USA,41,1,-0.5416,-0.1697,-0.7448,0.2956,-0.0746
2014-05-23 00:00:00,1610000.0,4.0,3.5,4390,11600.0,2.0,0,3,3,3060,1330.0,1990,2009,2758 68th Ave SE,Mercer Island,WA 98040,USA,24,1,2.4795,-0.0873,1.4971,2.3063,-0.6458
2014-05-23 00:00:00,641000.0,3.0,1.75,1620,3975.0,1.0,0,0,5,940,680.0,1926,0,6729 Dibble Ave NW,Seattle,WA 98117,USA,88,0,-0.5416,-0.2999,-1.0445,0.8542,1.5048
2014-05-23 00:00:00,350000.0,3.0,1.0,1010,11244.0,1.0,0,0,4,1010,0.0,1947,1988,16220 8th Ave NE,Shoreline,WA 98155,USA,67,1,-1.2069,-0.0972,-0.9606,-0.665,0.7991
2014-05-23 00:00:00,335000.0,4.0,2.5,1750,8476.0,1.0,0,0,4,1240,510.0,1983,0,15216 SE 176th Pl,Renton,WA 98058,USA,31,0,-0.3998,-0.1744,-0.6849,0.4744,-0.4106
2014-05-23 00:00:00,900000.0,3.0,2.25,4080,217697.0,1.5,0,3,3,4080,0.0,2000,0,37739 Auburn Enumclaw Rd SE,Auburn,WA 98092,USA,14,0,2.1414,5.6592,2.7199,-0.665,-0.9818
2014-05-23 00:00:00,440000.0,4.0,2.25,2560,10400.0,1.0,0,0,4,1280,1280.0,1965,0,749 Mountain View Pl SW,Issaquah,WA 98027,USA,49,0,0.4836,-0.1208,-0.6369,2.1946,0.1943
2014-05-23 00:00:00,464600.0,3.0,1.75,1120,5500.0,1.5,0,0,4,1120,0.0,1925,1968,6617 Beveridge Pl SW,Seattle,WA 98136,USA,89,1,-1.087,-0.2574,-0.8287,-0.665,1.5384
2014-05-23 00:00:00,1200000.0,4.0,3.5,4740,172497.0,2.0,0,0,3,4740,0.0,2003,0,19933 NE 85th St,Redmond,WA 98053,USA,11,0,2.8612,4.3989,3.5112,-0.665,-1.0827
2014-05-23 00:00:00,300000.0,2.0,1.0,1340,7788.0,1.0,0,2,3,1340,0.0,1947,2012,7111 S Ryan St,Seattle,WA 98178,USA,67,1,-0.847,-0.1936,-0.565,-0.665,0.7991
2014-05-23 00:00:00,670500.0,4.0,2.0,1590,6750.0,1.0,0,0,3,1590,0.0,1951,1994,2333 12th Ave E,Seattle,WA 98102,USA,63,1,-0.5743,-0.2225,-0.2653,-0.665,0.6647
2014-05-23 00:00:00,552000.0,3.0,1.0,1430,5000.0,1.0,0,0,4,1080,350.0,1919,1985,6008 29th Ave NE,Seattle,WA 98115,USA,95,1,-0.7489,-0.2713,-0.8767,0.1169,1.74
2014-05-23 00:00:00,244000.0,4.0,1.0,1450,8960.0,1.0,0,0,3,1450,0.0,1943,2002,1011 SW 118th St,Seattle,WA 98146,USA,71,1,-0.727,-0.1609,-0.4331,-0.665,0.9336
2014-05-23 00:00:00,788600.0,4.0,2.75,3500,7200.0,2.0,0,0,3,3500,0.0,2005,0,8930-9034 236th Ave NE,Redmond,WA 98053,USA,9,0,1.5088,-0.21,2.0246,-0.665,-1.1499
2014-05-23 00:00:00,445000.0,3.0,2.0,1630,8702.0,1.0,0,0,3,1630,0.0,1987,2000,1905 NE 29th Ct,Renton,WA 98056,USA,27,1,-0.5307,-0.1681,-0.2173,-0.665,-0.545
2014-05-23 00:00:00,530000.0,4.0,1.75,1814,5000.0,1.0,0,0,4,944,870.0,1951,1999,7532 44th Ave NE,Seattle,WA 98115,USA,63,1,-0.33,-0.2713,-1.0397,1.2786,0.6647
2014-05-23 00:00:00,90000.0,2.0,1.0,580,7500.0,1.0,0,0,3,580,0.0,1943,2002,6621 S 131st Pl,Seattle,WA 98178,USA,71,1,-1.6759,-0.2016,-1.4761,-0.665,0.9336
2014-05-23 00:00:00,585000.0,3.0,2.0,1670,4572.0,1.5,0,0,3,1670,0.0,1931,0,7705 13th Ave NW,Seattle,WA 98117,USA,83,0,-0.4871,-0.2833,-0.1693,-0.665,1.3368
2014-05-23 00:00:00,498000.0,2.0,2.0,1140,8282.0,1.0,0,0,3,1140,0.0,1924,2009,2086 Market St,Kirkland,WA 98033,USA,90,1,-1.0651,-0.1798,-0.8047,-0.665,1.572
2014-05-23 00:00:00,379000.0,2.0,1.0,800,6380.0,1.0,0,2,3,800,0.0,1940,1996,1709 NE 86th St,Seattle,WA 98115,USA,74,1,-1.436,-0.2328,-1.2124,-0.665,1.0344
2014-05-23 00:00:00,462000.0,3.0,1.75,1300,2580.0,1.0,0,0,5,820,480.0,1919,1934,825 NE 63rd St,Seattle,WA 98115,USA,95,1,-0.8906,-0.3388,-1.1884,0.4073,1.74
2014-05-23 00:00:00,388000.0,4.0,2.5,2440,7155.0,2.0,0,0,3,2440,0.0,1993,0,16032 SE 170th Pl,Renton,WA 98058,USA,21,0,0.3527,-0.2112,0.7538,-0.665,-0.7466
2014-05-23 00:00:00,255000.0,3.0,2.0,1490,8371.0,1.5,0,0,3,1490,0.0,1984,0,11405 SE 229th St,Kent,WA 98031,USA,30,0,-0.6834,-0.1773,-0.3851,-0.665,-0.4442
2014-05-23 00:00:00,665000.0,3.0,2.75,1800,9550.0,1.0,0,0,4,1320,480.0,1966,0,12115 SE 44th Pl,Bellevue,WA 98006,USA,48,0,-0.3453,-0.1445,-0.5889,0.4073,0.1607
2014-05-23 00:00:00,550000.0,3.0,2.0,1830,9152.0,1.0,0,0,5,1830,0.0,1959,0,11815 SE 56th St,Bellevue,WA 98006,USA,55,0,-0.3126,-0.1556,0.0225,-0.665,0.3959
2014-05-23 00:00:00,606000.0,3.0,1.0,1500,3920.0,1.0,0,0,3,1000,500.0,1947,2012,128 NW 59th St,Seattle,WA 98107,USA,67,1,-0.6725,-0.3014,-0.9726,0.452,0.7991
2014-05-23 00:00:00,334000.0,4.0,2.5,2210,6080.0,1.0,0,2,4,1410,800.0,1965,0,12413 84th Ave S,Seattle,WA 98178,USA,49,0,0.1019,-0.2412,-0.4811,1.1222,0.1943
2014-05-23 00:00:00,360000.0,3.0,2.0,1270,1323.0,3.0,0,0,3,1270,0.0,2006,0,8830 Midvale Ave N,Seattle,WA 98103,USA,8,0,-0.9234,-0.3738,-0.6489,-0.665,-1.1835
2014-05-23 00:00:00,235000.0,2.0,1.0,1140,1730.0,1.5,0,0,3,1010,130.0,2007,0,3002 SW Cycle Ct,Seattle,WA 98126,USA,7,0,-1.0651,-0.3625,-0.9606,-0.3746,-1.2171
2014-05-23 00:00:00,580000.0,3.0,2.5,1620,1173.0,3.0,0,4,3,1470,150.0,2008,0,5410 Greenwood Ave N,Seattle,WA 98103,USA,6,0,-0.5416,-0.378,-0.4091,-0.3299,-1.2507
2014-05-23 00:00:00,355000.0,3.0,2.0,1220,1186.0,3.0,0,0,3,1220,0.0,2007,0,9245a Interlake Ave N,Seattle,WA 98103,USA,7,0,-0.9779,-0.3777,-0.7088,-0.665,-1.2171
2014-05-23 00:00:00,375000.0,2.0,2.5,750,1430.0,2.0,0,0,3,750,0.0,2006,0,1700 E Columbia St,Seattle,WA 98122,USA,8,0,-1.4905,-0.3709,-1.2723,-0.665,-1.1835
2014-05-24 00:00:00,372000.0,4.0,1.75,1960,9300.0,1.0,0,0,5,1340,620.0,1979,0,16803 426th Pl SE,North Bend,WA 98045,USA,35,0,-0.1708,-0.1514,-0.565,0.7201,-0.2762
2014-05-24 00:00:00,479000.0,3.0,1.0,1370,3000.0,1.5,0,0,3,1370,0.0,1924,2011,611 N 46th St,Seattle,WA 98103,USA,90,1,-0.8143,-0.3271,-0.529,-0.665,1.572
2014-05-24 00:00:00,2000000.0,5.0,4.0,4580,4443.0,3.0,1,4,3,4580,0.0,2004,2003,4277 E Lake Sammamish Shore Ln SE,Sammamish,WA 98075,USA,10,1,2.6867,-0.2869,3.3194,-0.665,-1.1163
2014-05-24 00:00:00,1680000.0,4.0,4.25,5584,68257.0,2.0,0,0,3,5584,0.0,1998,2006,29002 NE 3rd Way,Carnation,WA 98014,USA,16,1,3.7818,1.4925,4.523,-0.665,-0.9146
2014-05-24 00:00:00,501000.0,2.0,1.0,1010,4320.0,1.0,0,0,5,1010,0.0,1924,1956,7550 Roosevelt Way NE,Seattle,WA 98115,USA,90,1,-1.2069,-0.2903,-0.9606,-0.665,1.572
2014-05-24 00:00:00,245000.0,3.0,1.75,1260,6908.0,1.0,0,0,3,1260,0.0,1994,0,23221 SE 242nd St,Maple Valley,WA 98038,USA,20,0,-0.9343,-0.2181,-0.6609,-0.665,-0.7802
2014-05-24 00:00:00,496700.0,3.0,2.5,1740,5782.0,2.0,0,0,4,1740,0.0,1989,0,3512 253rd Ct SE,Issaquah,WA 98029,USA,25,0,-0.4107,-0.2495,-0.0854,-0.665,-0.6122
2014-05-24 00:00:00,347000.0,4.0,1.5,2670,10026.0,2.0,0,0,3,2670,0.0,1996,0,1121 48th Ct SE,Auburn,WA 98092,USA,18,0,0.6036,-0.1312,1.0295,-0.665,-0.8474
2014-05-24 00:00:00,199000.0,2.0,1.0,720,7200.0,1.0,0,0,5,720,0.0,1943,0,3113 SE 6th St,Renton,WA 98058,USA,71,0,-1.5232,-0.21,-1.3083,-0.665,0.9336
2014-05-24 00:00:00,440500.0,3.0,2.5,2460,4399.0,2.0,0,0,3,2460,0.0,2007,0,34214 SE Carmichael St,Snoqualmie,WA 98065,USA,7,0,0.3745,-0.2881,0.7778,-0.665,-1.2171
2014-05-24 00:00:00,820000.0,4.0,2.5,3670,7000.0,2.0,0,0,3,3670,0.0,2005,0,19454 SE 27th Pl,Sammamish,WA 98075,USA,9,0,1.6942,-0.2156,2.2284,-0.665,-1.1499
2014-05-25 00:00:00,325000.0,4.0,3.5,2630,3435.0,1.5,0,3,3,1640,990.0,1984,0,18641 48th Pl S,SeaTac,WA 98188,USA,30,0,0.5599,-0.315,-0.2053,1.5467,-0.4442
2014-05-25 00:00:00,195000.0,3.0,1.75,1570,8459.0,1.0,0,0,3,1570,0.0,1991,0,1168 Semanski St,Enumclaw,WA 98022,USA,23,0,-0.5962,-0.1749,-0.2892,-0.665,-0.6794
2014-05-25 00:00:00,675000.0,3.0,3.0,2980,28000.0,1.0,0,0,3,1820,1160.0,1981,2013,15017-15023 NE 144th St,Redmond,WA 98052,USA,33,1,0.9417,0.37,0.0105,1.9265,-0.3434
2014-05-25 00:00:00,295000.0,3.0,2.5,1560,4200.0,2.0,0,0,3,1560,0.0,2003,0,23620 SE 243rd Pl,Maple Valley,WA 98038,USA,11,0,-0.6071,-0.2936,-0.3012,-0.665,-1.0827
2014-05-25 00:00:00,355300.0,3.0,2.5,1620,7410.0,1.0,0,0,5,1620,0.0,1955,0,19584-19766 Meridian Ave N,Shoreline,WA 98133,USA,59,0,-0.5416,-0.2041,-0.2293,-0.665,0.5303
2014-05-26 00:00:00,276000.0,3.0,2.25,1140,5000.0,1.0,0,0,3,1140,0.0,1960,2012,5403 23rd Ave SW,Seattle,WA 98106,USA,54,1,-1.0651,-0.2713,-0.8047,-0.665,0.3623
2014-05-26 00:00:00,460000.0,2.0,1.5,2730,19877.0,1.0,0,0,4,1570,1160.0,1976,1992,19807 330th Ave NE,Duvall,WA 98019,USA,38,1,0.669,0.1435,-0.2892,1.9265,-0.1754
2014-05-26 00:00:00,880000.0,3.0,2.0,2130,35169.0,1.0,0,0,4,2130,0.0,1989,0,16704 162nd Ave NE,Woodinville,WA 98072,USA,25,0,0.0146,0.5699,0.3821,-0.665,-0.6122
2014-05-26 00:00:00,370000.0,3.0,2.5,1780,4050.0,2.0,0,0,3,1780,0.0,2001,0,1743 NE 146th St,Shoreline,WA 98155,USA,13,0,-0.3671,-0.2978,-0.0375,-0.665,-1.0154
2014-05-26 00:00:00,346000.0,4.0,2.5,2100,3916.0,2.0,0,0,3,2100,0.0,2009,0,11674 SE 189th Pl,Renton,WA 98058,USA,5,0,-0.0181,-0.3015,0.3462,-0.665,-1.2843
2014-05-26 00:00:00,172500.0,3.0,1.0,1140,8800.0,1.0,0,0,3,1140,0.0,1972,2002,4804 S 378th St,Auburn,WA 98001,USA,42,1,-1.0651,-0.1654,-0.8047,-0.665,-0.0409
2014-05-26 00:00:00,379950.0,3.0,1.5,1690,9144.0,1.0,0,0,4,1140,550.0,1956,0,6601 NE 153rd Pl,Kenmore,WA 98028,USA,58,0,-0.4653,-0.1558,-0.8047,0.5637,0.4967
2014-05-27 00:00:00,468000.0,2.0,1.0,1160,6000.0,1.0,0,0,4,860,300.0,1942,1982,3169 NE 85th St,Seattle,WA 98115,USA,72,1,-1.0433,-0.2434,-1.1404,0.0052,0.9672
2014-05-27 00:00:00,477000.0,4.0,2.75,1720,6270.0,2.0,0,0,3,1720,0.0,1978,0,5149 S Graham St,Seattle,WA 98118,USA,36,0,-0.4326,-0.2359,-0.1094,-0.665,-0.2426
2014-05-27 00:00:00,529000.0,3.0,1.0,1210,3328.0,1.5,0,0,4,1210,0.0,1924,0,6015 5th Ave NW,Seattle,WA 98107,USA,90,0,-0.9888,-0.3179,-0.7208,-0.665,1.572
2014-05-27 00:00:00,312000.0,3.0,1.5,1255,1374.0,3.0,0,0,3,1255,0.0,2004,2003,11716 16th Ave NE,Seattle,WA 98125,USA,10,1,-0.9397,-0.3724,-0.6669,-0.665,-1.1163
2014-05-27 00:00:00,326100.0,2.0,1.0,880,7683.0,1.0,0,0,3,880,0.0,1942,1999,11709 3rd Ave NW,Seattle,WA 98177,USA,72,1,-1.3487,-0.1965,-1.1165,-0.665,0.9672
2014-05-27 00:00:00,360000.0,3.0,1.0,1050,9206.0,1.5,0,0,3,1050,0.0,1954,2005,10710 Lake City Way NE,Seattle,WA 98125,USA,60,1,-1.1633,-0.154,-0.9126,-0.665,0.5639
2014-05-27 00:00:00,438000.0,3.0,1.75,1650,12940.0,1.0,0,0,4,1650,0.0,1961,2001,18504 57th Ave NE,Kenmore,WA 98028,USA,53,1,-0.5089,-0.0499,-0.1933,-0.665,0.3287
2014-05-27 00:00:00,360000.0,3.0,1.0,1570,9467.0,1.0,0,0,3,1570,0.0,1954,2005,19141 1st Ave NW,Shoreline,WA 98177,USA,60,1,-0.5962,-0.1468,-0.2892,-0.665,0.5639
2014-05-27 00:00:00,1050000.0,4.0,2.5,2920,7200.0,1.0,0,3,3,1470,1450.0,1921,2006,3438-3474 S Charles St,Seattle,WA 98144,USA,93,1,0.8762,-0.21,-0.4091,2.5744,1.6728
2014-05-27 00:00:00,688000.0,4.0,3.0,3000,4000.0,1.5,0,3,3,1970,1030.0,1913,2014,3220 19th Ave S,Seattle,WA 98144,USA,101,1,0.9635,-0.2992,0.1903,1.6361,1.9417
2014-05-27 00:00:00,585000.0,3.0,1.75,1850,7735.0,1.0,0,0,4,1850,0.0,1983,0,4640 193rd Ave SE,Issaquah,WA 98027,USA,31,0,-0.2908,-0.1951,0.0464,-0.665,-0.4106
2014-05-27 00:00:00,265000.0,3.0,2.5,1440,7741.0,1.0,0,0,4,1000,440.0,1983,0,11009 SE 220th Pl,Kent,WA 98031,USA,31,0,-0.7379,-0.1949,-0.9726,0.318,-0.4106
2014-05-27 00:00:00,375000.0,3.0,1.75,1440,8775.0,1.0,0,0,3,1440,0.0,1973,2013,13607 128th Ave NE,Kirkland,WA 98034,USA,41,1,-0.7379,-0.1661,-0.4451,-0.665,-0.0746
2014-05-27 00:00:00,326500.0,3.0,1.0,1810,12375.0,2.0,0,0,3,1810,0.0,1970,2014,15717 126th Pl NE,Woodinville,WA 98072,USA,44,1,-0.3344,-0.0657,-0.0015,-0.665,0.0263
2014-05-27 00:00:00,160000.0,2.0,1.0,1180,9350.0,1.0,0,0,3,1180,0.0,1918,0,12662 60th Ave S,Seattle,WA 98178,USA,96,0,-1.0215,-0.15,-0.7568,-0.665,1.7736
2014-05-27 00:00:00,1570000.0,4.0,3.75,3070,5850.0,2.0,0,0,5,2400,670.0,1927,0,1527 39th Ave E,Seattle,WA 98112,USA,87,0,1.0398,-0.2476,0.7058,0.8318,1.4712
2014-05-27 00:00:00,735000.0,5.0,2.75,3390,5211.0,2.0,0,0,3,3390,0.0,2004,2003,Trossachs Blvd SE,Sammamish,WA 98075,USA,10,1,1.3888,-0.2654,1.8927,-0.665,-1.1163
2014-05-27 00:00:00,400000.0,2.0,1.0,1470,6120.0,1.0,0,0,2,1470,0.0,1940,0,3825 NE 87th St,Seattle,WA 98115,USA,74,0,-0.7052,-0.2401,-0.4091,-0.665,1.0344
2014-05-27 00:00:00,800000.0,4.0,2.5,2680,7200.0,1.0,0,0,3,1380,1300.0,1952,2013,11540 NE 91st St,Kirkland,WA 98033,USA,62,1,0.6145,-0.21,-0.517,2.2393,0.6311
2014-05-27 00:00:00,949880.0,4.0,2.25,2290,10687.0,2.0,0,0,3,2290,0.0,1978,0,10413 SE 25th St,Bellevue,WA 98004,USA,36,0,0.1891,-0.1128,0.574,-0.665,-0.2426
2014-05-27 00:00:00,405000.0,3.0,1.75,1980,8100.0,1.0,0,0,4,1310,670.0,1949,1985,2317 N 147th St,Shoreline,WA 98133,USA,65,1,-0.149,-0.1849,-0.6009,0.8318,0.7319
2014-05-27 00:00:00,399000.0,4.0,2.5,2870,9292.0,2.0,0,0,3,2540,330.0,1979,2014,16727 163rd Pl SE,Renton,WA 98058,USA,35,1,0.8217,-0.1516,0.8737,0.0722,-0.2762
2014-05-27 00:00:00,730001.0,3.0,2.0,1840,4750.0,1.0,0,0,5,1010,830.0,1951,0,7741 29th Ave NW,Seattle,WA 98117,USA,63,0,-0.3017,-0.2783,-0.9606,1.1893,0.6647
2014-05-27 00:00:00,1795000.0,4.0,3.25,4060,13000.0,2.0,0,3,3,4060,0.0,2000,0,6875 SE 33rd St,Mercer Island,WA 98040,USA,14,0,2.1196,-0.0483,2.6959,-0.665,-0.9818
2014-05-27 00:00:00,260000.0,3.0,2.0,1630,8018.0,1.0,0,0,3,1630,0.0,2003,0,311 Dereks Pl,Pacific,WA 98047,USA,11,0,-0.5307,-0.1872,-0.2173,-0.665,-1.0827
2014-05-27 00:00:00,751750.0,2.0,2.0,1880,5400.0,1.5,0,0,3,1880,0.0,1902,0,516 16th Ave E,Seattle,WA 98112,USA,112,0,-0.2581,-0.2602,0.0824,-0.665,2.3113
2014-05-27 00:00:00,325000.0,3.0,1.75,1780,13095.0,1.0,0,0,4,1780,0.0,1983,0,26222 142nd Ave SE,Kent,WA 98042,USA,31,0,-0.3671,-0.0456,-0.0375,-0.665,-0.4106
2014-05-27 00:00:00,344950.0,4.0,2.0,2330,6250.0,1.0,0,0,4,1400,930.0,1941,1998,440 Scenic Way,Kent,WA 98030,USA,73,1,0.2327,-0.2365,-0.493,1.4127,1.0008
2014-05-27 00:00:00,457500.0,3.0,1.75,1840,4030.0,1.0,0,0,5,1050,790.0,1925,0,1626 S Bennett St,Seattle,WA 98108,USA,89,0,-0.3017,-0.2984,-0.9126,1.0999,1.5384
2014-05-27 00:00:00,389000.0,5.0,2.0,2330,10750.0,1.0,0,0,4,1190,1140.0,1962,0,14323 73rd Ave NE,Kenmore,WA 98028,USA,52,0,0.2327,-0.111,-0.7448,1.8818,0.2951
2014-05-27 00:00:00,515000.0,4.0,2.25,3200,6473.0,2.0,0,0,3,3200,0.0,2005,0,5201 NE 11th Ct,Renton,WA 98059,USA,9,0,1.1816,-0.2303,1.6649,-0.665,-1.1499
2014-05-27 00:00:00,732000.0,3.0,2.5,2330,1987.0,2.0,0,4,3,1410,920.0,2004,2003,6123 37th Ave NW,Seattle,WA 98107,USA,10,1,0.2327,-0.3553,-0.4811,1.3903,-1.1163
2014-05-27 00:00:00,415000.0,3.0,2.25,1950,7663.0,1.0,0,0,3,1350,600.0,1964,2000,1531 NE 172nd St,Shoreline,WA 98155,USA,50,1,-0.1817,-0.1971,-0.553,0.6754,0.2279
2014-05-27 00:00:00,1655000.0,4.0,3.5,3080,4815.0,2.0,0,3,3,2300,780.0,1937,2009,2441-2499 Crane Dr W,Seattle,WA 98199,USA,77,1,1.0507,-0.2765,0.5859,1.0776,1.1352
2014-05-27 00:00:00,535000.0,2.0,1.0,1040,5527.0,1.0,0,0,3,1040,0.0,1951,1994,6559 42nd Ave NE,Seattle,WA 98115,USA,63,1,-1.1742,-0.2566,-0.9246,-0.665,0.6647
2014-05-27 00:00:00,540000.0,4.0,4.25,1960,3565.0,2.0,0,0,3,1960,0.0,1940,2003,2113 41st Ave SW,Seattle,WA 98116,USA,74,1,-0.1708,-0.3113,0.1783,-0.665,1.0344
2014-05-27 00:00:00,525000.0,5.0,3.0,2750,3800.0,1.5,0,0,5,1750,1000.0,1926,0,7550 14th Avenue Northeast,Seattle,WA 98115,USA,88,0,0.6908,-0.3048,-0.0734,1.569,1.5048
2014-05-27 00:00:00,570000.0,3.0,1.75,1930,36210.0,1.0,0,0,3,1930,0.0,1977,2004,15816 NE 195th St,Woodinville,WA 98072,USA,37,1,-0.2035,0.5989,0.1424,-0.665,-0.209
2014-05-27 00:00:00,569950.0,5.0,4.5,4850,40902.0,2.0,0,0,3,4850,0.0,2001,0,31617 6th Ave SW,Federal Way,WA 98023,USA,13,0,2.9812,0.7297,3.643,-0.665,-1.0154
2014-05-27 00:00:00,283200.0,4.0,2.5,1982,7663.0,2.0,0,0,3,1982,0.0,2004,2003,26526 111th Pl SE,Kent,WA 98030,USA,10,1,-0.1468,-0.1971,0.2047,-0.665,-1.1163
2014-05-27 00:00:00,1100000.0,3.0,2.75,2640,4050.0,1.5,0,0,5,1750,890.0,1926,0,1532 McGilvra Blvd E,Seattle,WA 98112,USA,88,0,0.5708,-0.2978,-0.0734,1.3233,1.5048
2014-05-27 00:00:00,830000.0,4.0,2.5,1850,50662.0,1.0,0,0,3,1430,420.0,1978,0,5022 Private Rd,Redmond,WA 98052,USA,36,0,-0.2908,1.0019,-0.4571,0.2733,-0.2426
2014-05-27 00:00:00,495000.0,4.0,2.25,1940,9144.0,1.0,0,0,4,1430,510.0,1956,0,1805 154th Ave SE,Bellevue,WA 98007,USA,58,0,-0.1926,-0.1558,-0.4571,0.4744,0.4967
2014-05-27 00:00:00,292050.0,5.0,3.0,2840,7199.0,1.0,0,0,3,1710,1130.0,2003,0,10719 47th Ave S,Tukwila,WA 98178,USA,11,0,0.789,-0.21,-0.1214,1.8595,-1.0827
2014-05-27 00:00:00,415000.0,5.0,1.5,1900,10226.0,1.0,0,0,3,1130,770.0,1961,2004,8605 NE 137th St,Kirkland,WA 98034,USA,53,1,-0.2362,-0.1256,-0.8167,1.0552,0.3287
2014-05-27 00:00:00,295832.0,5.0,1.0,1410,6400.0,1.0,0,0,5,960,450.0,1955,0,20208 1st Pl S,Des Moines,WA 98198,USA,59,0,-0.7707,-0.2323,-1.0205,0.3403,0.5303
2014-05-27 00:00:00,450000.0,4.0,2.5,2520,8515.0,2.0,0,0,3,2520,0.0,1999,0,28312 NE 138th Pl,Duvall,WA 98019,USA,15,0,0.44,-0.1733,0.8497,-0.665,-0.9482
2014-05-27 00:00:00,1381000.0,4.0,3.75,3160,9525.0,2.5,0,0,3,3160,0.0,1997,0,4646 88th Ave SE,Mercer Island,WA 98040,USA,17,0,1.138,-0.1452,1.617,-0.665,-0.881
2014-05-27 00:00:00,857000.0,4.0,3.0,3720,29043.0,2.0,0,0,3,3720,0.0,1991,0,10161 134th Pl NE,Kirkland,WA 98033,USA,23,0,1.7488,0.3991,2.2883,-0.665,-0.6794
2014-05-27 00:00:00,499950.0,3.0,3.5,1820,1501.0,2.0,0,0,3,1430,390.0,2014,0,729 Martin Luther King Jr Way S,Seattle,WA 98144,USA,0,0,-0.3235,-0.3689,-0.4571,0.2063,-1.4523
2014-05-27 00:00:00,465000.0,3.0,2.0,1560,8640.0,1.0,0,0,5,1560,0.0,1967,0,14216-14228 117th Ave NE,Kirkland,WA 98034,USA,47,0,-0.6071,-0.1698,-0.3012,-0.665,0.1271
2014-05-27 00:00:00,329000.0,3.0,1.0,1600,5952.0,1.0,0,0,4,1150,450.0,1964,0,8127 22nd Ave SW,Seattle,WA 98106,USA,50,0,-0.5634,-0.2448,-0.7928,0.3403,0.2279
2014-05-27 00:00:00,475000.0,3.0,2.0,1230,11502.0,1.0,0,0,4,1230,0.0,1984,0,15918 NE 113th Ct,Redmond,WA 98052,USA,30,0,-0.967,-0.09,-0.6968,-0.665,-0.4442
2014-05-27 00:00:00,255000.0,3.0,1.0,960,8100.0,1.0,0,0,3,960,0.0,1955,2005,20234 20th Ave NE,Shoreline,WA 98155,USA,59,1,-1.2615,-0.1849,-1.0205,-0.665,0.5303
2014-05-27 00:00:00,435000.0,3.0,1.0,1270,7663.0,1.5,0,2,3,1270,0.0,1928,1954,3824 35th Ave SW,Seattle,WA 98126,USA,86,1,-0.9234,-0.1971,-0.6489,-0.665,1.4376
2014-05-27 00:00:00,685000.0,3.0,2.5,2810,7700.0,2.0,0,0,3,2810,0.0,2001,0,6231 Lake Washington Blvd SE,Bellevue,WA 98006,USA,13,0,0.7563,-0.196,1.1974,-0.665,-1.0154
2014-05-27 00:00:00,715000.0,2.0,2.5,2160,5581.0,1.0,0,0,3,2160,0.0,2002,0,23744 NE 116th Pl,Redmond,WA 98053,USA,12,0,0.0473,-0.2551,0.4181,-0.665,-1.049
2014-05-27 00:00:00,780000.0,3.0,2.25,2520,2152.0,1.5,0,0,3,1560,960.0,1925,2006,1906 11th Ave W,Seattle,WA 98119,USA,89,1,0.44,-0.3507,-0.3012,1.4797,1.5384
2014-05-27 00:00:00,345000.0,2.0,1.5,1180,844.0,2.0,0,0,3,990,190.0,2005,0,323 25th Ave S,Seattle,WA 98144,USA,9,0,-1.0215,-0.3872,-0.9846,-0.2405,-1.1499
2014-05-27 00:00:00,355000.0,4.0,2.25,1810,4970.0,2.0,0,0,3,1810,0.0,2003,0,1035 Duvall Pl NE,Renton,WA 98059,USA,11,0,-0.3344,-0.2722,-0.0015,-0.665,-1.0827
2014-05-27 00:00:00,282000.0,3.0,2.5,1680,15711.0,1.0,0,0,3,1240,440.0,1994,0,20020 127th Pl SE,Kent,WA 98031,USA,20,0,-0.4762,0.0273,-0.6849,0.318,-0.7802
2014-05-27 00:00:00,244000.0,3.0,1.0,910,5250.0,1.0,0,0,4,910,0.0,1971,0,1256 SW 146th St,Burien,WA 98166,USA,43,0,-1.316,-0.2644,-1.0805,-0.665,-0.0073
2014-05-27 00:00:00,967500.0,3.0,3.75,3250,5797.0,2.0,0,2,4,2370,880.0,1951,1999,3041 37th Ave W,Seattle,WA 98199,USA,63,1,1.2362,-0.2491,0.6699,1.301,0.6647
2014-05-27 00:00:00,375000.0,3.0,1.5,2000,7294.0,1.0,0,0,3,1520,480.0,1965,1993,5230 S Rose St,Seattle,WA 98118,USA,49,1,-0.1272,-0.2074,-0.3492,0.4073,0.1943
2014-05-27 00:00:00,1600000.0,3.0,3.25,3790,19000.0,2.0,0,4,3,3790,0.0,1985,0,17780 13th Ave NW,Seattle,WA 98177,USA,29,0,1.8251,0.119,2.3723,-0.665,-0.4778
2014-05-27 00:00:00,527500.0,3.0,1.75,2310,78844.0,1.0,0,0,3,1760,550.0,1977,2004,1950 NW Goode Pl,Issaquah,WA 98027,USA,37,1,0.2109,1.7876,-0.0614,0.5637,-0.209
2014-05-27 00:00:00,994000.0,3.0,2.25,2510,6339.0,1.5,0,2,5,1810,700.0,1932,2002,3227 Whalley Pl W,Seattle,WA 98199,USA,82,1,0.4291,-0.234,-0.0015,0.8988,1.3032
2014-05-27 00:00:00,313000.0,3.0,1.75,1320,6205.0,1.0,0,0,5,1320,0.0,1948,1985,15345 Stone Ave N,Shoreline,WA 98133,USA,66,1,-0.8688,-0.2377,-0.5889,-0.665,0.7655
2014-05-27 00:00:00,587000.0,3.0,2.25,2370,217800.0,2.0,0,0,3,2370,0.0,1979,2014,3118 264th Ave NE,Redmond,WA 98053,USA,35,1,0.2764,5.6621,0.6699,-0.665,-0.2762
2014-05-27 00:00:00,304000.0,3.0,1.0,900,7500.0,1.0,0,0,4,900,0.0,1972,0,7725 NE 143rd St,Kirkland,WA 98034,USA,42,0,-1.3269,-0.2016,-1.0925,-0.665,-0.0409
2014-05-27 00:00:00,675000.0,3.0,2.5,2540,7663.0,2.0,0,1,4,2540,0.0,1940,2001,12037 6th Ave NW,Seattle,WA 98177,USA,74,1,0.4618,-0.1971,0.8737,-0.665,1.0344
2014-05-27 00:00:00,305000.0,4.0,1.0,2100,9288.0,1.0,0,0,4,1050,1050.0,1968,0,16423 126th Pl SE,Renton,WA 98058,USA,46,0,-0.0181,-0.1518,-0.9126,1.6808,0.0935
2014-05-27 00:00:00,280000.0,3.0,1.0,1200,6250.0,1.0,0,0,3,920,280.0,1943,2002,10424 2nd Ave S,Seattle,WA 98168,USA,71,1,-0.9997,-0.2365,-1.0685,-0.0395,0.9336
2014-05-27 00:00:00,960000.0,5.0,4.0,3720,15200.0,2.0,0,0,3,3720,0.0,2005,0,1414 235th Pl SE,Sammamish,WA 98075,USA,9,0,1.7488,0.0131,2.2883,-0.665,-1.1499
2014-05-27 00:00:00,500000.0,3.0,2.25,1760,4539.0,2.0,0,0,3,1760,0.0,1988,2000,3728 246th Ave SE,Issaquah,WA 98029,USA,26,1,-0.3889,-0.2842,-0.0614,-0.665,-0.5786
2014-05-27 00:00:00,274950.0,3.0,1.75,1670,7415.0,1.0,0,0,3,1320,350.0,1987,2000,16828 SE 251 St,Covington,WA 98042,USA,27,1,-0.4871,-0.204,-0.5889,0.1169,-0.545
2014-05-27 00:00:00,455600.0,3.0,2.5,2420,8252.0,2.0,0,0,3,2420,0.0,1998,2006,7000 Autumn Ave SE,Snoqualmie,WA 98065,USA,16,1,0.3309,-0.1806,0.7298,-0.665,-0.9146
2014-05-27 00:00:00,970000.0,5.0,3.0,3480,15185.0,2.0,0,0,4,3480,0.0,1964,0,3601-3733 Greenbrier Ln,Mercer Island,WA 98040,USA,50,0,1.487,0.0127,2.0006,-0.665,0.2279
2014-05-27 00:00:00,312900.0,4.0,2.5,1630,4473.0,2.0,0,0,3,1630,0.0,2003,0,24506 SE 276th Ct,Maple Valley,WA 98038,USA,11,0,-0.5307,-0.286,-0.2173,-0.665,-1.0827
2014-05-27 00:00:00,535000.0,4.0,2.5,2340,5600.0,2.0,0,0,3,2340,0.0,1921,2013,10207 37th Ave SW,Seattle,WA 98146,USA,93,1,0.2436,-0.2546,0.6339,-0.665,1.6728
2014-05-27 00:00:00,427000.0,2.0,1.0,920,3780.0,1.0,0,0,3,920,0.0,1910,2006,807 N 42nd St,Seattle,WA 98103,USA,104,1,-1.3051,-0.3053,-1.0685,-0.665,2.0425
2014-05-27 00:00:00,405000.0,2.0,1.0,910,6490.0,1.0,0,0,3,910,0.0,1942,1999,8221 21st Ave NE,Seattle,WA 98115,USA,72,1,-1.316,-0.2298,-1.0805,-0.665,0.9672
2014-05-27 00:00:00,480000.0,3.0,1.0,1150,4945.0,1.0,0,2,3,1150,0.0,1943,2002,4103 37th Ave SW,Seattle,WA 98126,USA,71,1,-1.0542,-0.2729,-0.7928,-0.665,0.9336
2014-05-27 00:00:00,725000.0,3.0,1.5,2500,4774.0,1.5,0,2,3,1450,1050.0,1940,1996,4111 1st Ave NW,Seattle,WA 98107,USA,74,1,0.4182,-0.2776,-0.4331,1.6808,1.0344
2014-05-27 00:00:00,293000.0,4.0,2.5,3250,235063.0,1.0,0,2,3,3250,0.0,1973,2013,17101-17103 SE 383rd St,Auburn,WA 98092,USA,41,1,1.2362,6.1434,1.7249,-0.665,-0.0746
2014-05-27 00:00:00,268000.0,4.0,2.0,1930,6600.0,1.0,0,0,4,1030,900.0,1967,0,13436 Occidental Ave S,Burien,WA 98168,USA,47,0,-0.2035,-0.2267,-0.9366,1.3456,0.1271
2014-05-27 00:00:00,475000.0,4.0,3.5,3400,7663.0,2.0,0,0,3,2500,900.0,1991,0,19132 Beall Rd SW,Vashon,WA 98070,USA,23,0,1.3997,-0.1971,0.8257,1.3456,-0.6794
2014-05-27 00:00:00,488000.0,3.0,2.25,1590,2550.0,3.0,0,0,3,1590,0.0,1985,0,6601-6699 28th Ave NW,Seattle,WA 98117,USA,29,0,-0.5743,-0.3396,-0.2653,-0.665,-0.4778
2014-05-27 00:00:00,760000.0,4.0,2.5,3330,7399.0,2.0,0,0,3,3330,0.0,2009,0,14009 NE 85th Ct,Redmond,WA 98052,USA,5,0,1.3234,-0.2044,1.8208,-0.665,-1.2843
2014-05-27 00:00:00,1710000.0,5.0,4.5,4590,14685.0,2.0,0,0,3,4590,0.0,2009,0,6402-6412 105th Ave NE,Kirkland,WA 98033,USA,5,0,2.6976,-0.0013,3.3313,-0.665,-1.2843
2014-05-27 00:00:00,754950.0,3.0,2.5,2610,7256.0,2.0,0,0,3,2610,0.0,2014,0,12108 NE 106th Pl,Kirkland,WA 98033,USA,0,0,0.5381,-0.2084,0.9576,-0.665,-1.4523
2014-05-27 00:00:00,263900.0,3.0,2.5,1658,2700.0,2.0,0,0,3,1658,0.0,2014,0,2150 S 262nd Ct,Des Moines,WA 98198,USA,0,0,-0.5002,-0.3355,-0.1837,-0.665,-1.4523
2014-05-27 00:00:00,460000.0,3.0,3.5,1600,1431.0,2.0,0,0,3,1240,360.0,2006,0,7906 6th Ave NW,Seattle,WA 98117,USA,8,0,-0.5634,-0.3708,-0.6849,0.1393,-1.1835
2014-05-27 00:00:00,399950.0,3.0,3.0,1296,1051.0,3.0,0,0,3,1296,0.0,2009,0,12303 Sand Point Way NE,Seattle,WA 98125,USA,5,0,-0.895,-0.3814,-0.6177,-0.665,-1.2843
2014-05-27 00:00:00,370000.0,2.0,2.25,1280,835.0,2.0,0,0,3,1080,200.0,2009,0,3825 S Angeline St,Seattle,WA 98118,USA,5,0,-0.9125,-0.3875,-0.8767,-0.2182,-1.2843
2014-05-27 00:00:00,1149000.0,4.0,3.0,5940,11533.0,2.0,0,4,3,4950,990.0,2004,2003,6310 Fairway Pl SE,Snoqualmie,WA 98065,USA,10,1,4.17,-0.0892,3.7629,1.5467,-1.1163
2014-05-27 00:00:00,450800.0,4.0,3.25,2510,5311.0,2.0,0,0,3,2510,0.0,2009,0,3617 NE 12th St,Renton,WA 98056,USA,5,0,0.4291,-0.2627,0.8377,-0.665,-1.2843
2014-05-27 00:00:00,627000.0,3.0,3.5,2710,3475.0,2.0,0,0,3,1650,1060.0,2005,0,Shangri-La Way NW,Issaquah,WA 98027,USA,9,0,0.6472,-0.3138,-0.1933,1.7031,-1.1499
2014-05-27 00:00:00,495000.0,3.0,2.5,1750,1548.0,3.0,0,0,3,1750,0.0,2013,1923,3933 S Brandon St,Seattle,WA 98118,USA,1,1,-0.3998,-0.3676,-0.0734,-0.665,-1.4187
2014-05-28 00:00:00,310000.0,3.0,1.0,1430,19901.0,1.5,0,0,4,1430,0.0,1927,0,8308 NE 176th Pl,Kenmore,WA 98028,USA,87,0,-0.7489,0.1442,-0.4571,-0.665,1.4712
2014-05-28 00:00:00,550000.0,4.0,1.0,1660,34848.0,1.0,0,0,1,930,730.0,1933,0,6056 156th Ave NE,Redmond,WA 98052,USA,81,0,-0.498,0.5609,-1.0565,0.9659,1.2696
2014-05-28 00:00:00,215000.0,2.0,1.0,1320,8865.0,1.0,0,0,4,1320,0.0,1943,0,2496-2598 S 121st St,Burien,WA 98168,USA,71,0,-0.8688,-0.1636,-0.5889,-0.665,0.9336
2014-05-28 00:00:00,799000.0,4.0,2.25,2580,209523.0,2.0,0,0,3,2580,0.0,1984,0,24927 NE 108th St,Redmond,WA 98053,USA,30,0,0.5054,5.4313,0.9216,-0.665,-0.4442
2014-05-28 00:00:00,630000.0,4.0,2.5,2740,43101.0,2.0,0,0,3,2740,0.0,1993,0,18808 215th Way NE,Woodinville,WA 98077,USA,21,0,0.6799,0.791,1.1134,-0.665,-0.7466
2014-05-28 00:00:00,267000.0,3.0,2.5,2495,4400.0,2.0,0,0,3,2495,0.0,2007,0,35039 41st Pl S,Federal Way,WA 98001,USA,7,0,0.4127,-0.2881,0.8197,-0.665,-1.2171
2014-05-28 00:00:00,900000.0,6.0,2.75,2300,24773.0,1.5,0,0,4,2300,0.0,1950,1985,2940 72nd Ave SE,Mercer Island,WA 98040,USA,64,1,0.2,0.28,0.5859,-0.665,0.6983
2014-05-28 00:00:00,365000.0,3.0,1.5,1300,12240.0,1.0,0,0,3,1300,0.0,1963,2008,7343 NE 150th St,Kenmore,WA 98028,USA,51,1,-0.8906,-0.0695,-0.6129,-0.665,0.2615
2014-05-28 00:00:00,544500.0,4.0,2.5,2230,10414.0,1.0,0,0,5,1450,780.0,1974,0,3022 254th Ave SE,Issaquah,WA 98075,USA,40,0,0.1237,-0.1204,-0.4331,1.0776,-0.1082
2014-05-28 00:00:00,599000.0,4.0,2.75,2020,2750.0,1.0,0,0,3,1010,1010.0,1917,2014,3212 E Terrace St,Seattle,WA 98122,USA,97,1,-0.1054,-0.3341,-0.9606,1.5914,1.8072
2014-05-28 00:00:00,815000.0,4.0,2.25,2000,3800.0,2.0,0,0,3,2000,0.0,2001,0,7708 16th Ave NE,Seattle,WA 98115,USA,13,0,-0.1272,-0.3048,0.2263,-0.665,-1.0154
2014-05-28 00:00:00,254000.0,2.0,1.0,1060,8187.0,1.0,0,0,4,1060,0.0,1952,0,16708 N Park Ave N,Shoreline,WA 98133,USA,62,0,-1.1524,-0.1825,-0.9007,-0.665,0.6311
2014-05-28 00:00:00,740000.0,2.0,1.75,2080,4800.0,1.0,0,0,5,1080,1000.0,1923,0,333 NW 84th St,Seattle,WA 98117,USA,91,0,-0.0399,-0.2769,-0.8767,1.569,1.6056
2014-05-28 00:00:00,225000.0,3.0,2.0,2030,24829.0,1.0,0,0,4,1220,810.0,1979,0,36721 34th Ave S,Auburn,WA 98001,USA,35,0,-0.0945,0.2816,-0.7088,1.1446,-0.2762
2014-05-28 00:00:00,925000.0,3.0,2.5,2690,7000.0,2.0,0,0,5,1840,0.0,1943,0,6825 48th Ave NE,Seattle,WA 98115,USA,71,0,0.6254,-0.2156,0.0345,-0.665,0.9336
2014-05-28 00:00:00,1285000.0,4.0,2.5,3240,10800.0,1.0,0,0,3,2260,980.0,1946,0,5726 61st Ave NE,Seattle,WA 98105,USA,68,0,1.2252,-0.1096,0.538,1.5244,0.8327
2014-05-28 00:00:00,537000.0,3.0,2.5,1550,12920.0,2.0,0,0,5,1550,0.0,1999,0,11004 NE 108th St,Kirkland,WA 98033,USA,15,0,-0.618,-0.0505,-0.3132,-0.665,-0.9482
2014-05-28 00:00:00,335000.0,4.0,2.0,1480,3132.0,1.0,0,0,5,740,740.0,1910,0,5840 16th Ave S,Seattle,WA 98108,USA,104,0,-0.6943,-0.3234,-1.2843,0.9882,2.0425
2014-05-28 00:00:00,840000.0,4.0,2.25,3040,2800.0,2.0,0,0,3,2100,940.0,1906,2014,318 E Mercer St,Seattle,WA 98102,USA,108,1,1.0071,-0.3327,0.3462,1.435,2.1769
2014-05-28 00:00:00,224000.0,3.0,1.5,1560,7300.0,1.0,0,0,4,1040,520.0,1964,0,4205 S 288th Pl,Auburn,WA 98001,USA,50,0,-0.6071,-0.2072,-0.9246,0.4967,0.2279
2014-05-28 00:00:00,395000.0,3.0,2.5,2250,3757.0,2.0,0,0,3,2250,0.0,2006,0,6730 SE 5th St,Renton,WA 98059,USA,8,0,0.1455,-0.306,0.526,-0.665,-1.1835
2014-05-28 00:00:00,450000.0,3.0,1.0,1100,4600.0,1.0,0,0,3,1100,0.0,1917,2009,3920 42nd Ave SW,Seattle,WA 98116,USA,97,1,-1.1088,-0.2825,-0.8527,-0.665,1.8072
2014-05-28 00:00:00,681000.0,3.0,1.0,1700,6356.0,1.5,0,0,3,1700,0.0,1907,1983,4001 42nd Ave S,Seattle,WA 98118,USA,107,1,-0.4544,-0.2335,-0.1334,-0.665,2.1433
2014-05-28 00:00:00,898000.0,5.0,1.5,2680,28014.0,1.0,0,0,4,1450,1230.0,1963,0,2615 109th Pl NE,Bellevue,WA 98004,USA,51,0,0.6145,0.3704,-0.4331,2.0829,0.2615
2014-05-28 00:00:00,370000.0,3.0,1.0,800,2296.0,1.0,0,0,4,800,0.0,1908,0,125 N Bowdoin Pl,Seattle,WA 98103,USA,106,0,-1.436,-0.3467,-1.2124,-0.665,2.1097
2014-05-28 00:00:00,429000.0,2.0,1.75,1350,6315.0,1.0,0,0,3,1350,0.0,2005,0,23039 NE 130th St,Redmond,WA 98053,USA,9,0,-0.8361,-0.2347,-0.553,-0.665,-1.1499
2014-05-28 00:00:00,150000.0,3.0,1.0,820,7680.0,1.5,0,0,3,820,0.0,1910,2006,8408 20th Ave SW,Seattle,WA 98106,USA,104,1,-1.4142,-0.1966,-1.1884,-0.665,2.0425
2014-05-28 00:00:00,555000.0,3.0,2.5,3160,4270.0,2.0,0,0,3,2650,510.0,2006,0,11131 NE 162nd St,Bothell,WA 98011,USA,8,0,1.138,-0.2917,1.0055,0.4744,-1.1835
2014-05-28 00:00:00,326000.0,3.0,2.75,1720,28000.0,1.0,0,0,4,1720,0.0,1958,1972,18401 124th Ave SE,Renton,WA 98058,USA,56,1,-0.4326,0.37,-0.1094,-0.665,0.4295
2014-05-28 00:00:00,225000.0,3.0,2.5,1680,6755.0,2.0,0,0,3,1680,0.0,1994,0,30410 128th Pl SE,Auburn,WA 98092,USA,20,0,-0.4762,-0.2224,-0.1574,-0.665,-0.7802
2014-05-28 00:00:00,245100.0,3.0,1.75,1300,7958.0,1.0,0,0,3,1300,0.0,1996,0,11022 SE 319th Ct,Auburn,WA 98092,USA,18,0,-0.8906,-0.1888,-0.6129,-0.665,-0.8474
2014-05-28 00:00:00,665000.0,3.0,2.5,2190,10370.0,2.0,0,0,3,2190,0.0,1987,2000,1345 232nd Pl NE,Sammamish,WA 98074,USA,27,1,0.08,-0.1216,0.4541,-0.665,-0.545
2014-05-28 00:00:00,535000.0,3.0,2.5,1720,4006.0,2.0,0,0,3,1720,0.0,1994,0,4228 249th Ct SE,Issaquah,WA 98029,USA,20,0,-0.4326,-0.299,-0.1094,-0.665,-0.7802
2014-05-28 00:00:00,305000.0,3.0,1.0,1160,11776.0,1.0,0,0,3,1160,0.0,1968,1997,15803 197th Pl NE,Woodinville,WA 98077,USA,46,1,-1.0433,-0.0824,-0.7808,-0.665,0.0935
2014-05-28 00:00:00,999000.0,7.0,4.0,3150,34830.0,1.0,0,0,3,3150,0.0,1957,2005,714 145th Ave SE,Bellevue,WA 98007,USA,57,1,1.1271,0.5604,1.605,-0.665,0.4631
2014-05-28 00:00:00,215000.0,3.0,2.25,1210,8075.0,1.0,0,0,4,1210,0.0,1983,0,127 Chicago Blvd S,Pacific,WA 98047,USA,31,0,-0.9888,-0.1856,-0.7208,-0.665,-0.4106
2014-05-28 00:00:00,432500.0,3.0,1.75,1980,5100.0,1.0,0,0,3,1270,710.0,1965,1993,8516 Linden Ave N,Seattle,WA 98103,USA,49,1,-0.149,-0.2685,-0.6489,0.9212,0.1943
2014-05-28 00:00:00,655000.0,4.0,2.5,2990,5669.0,2.0,0,0,3,2990,0.0,2003,0,225 246th Ct NE,Sammamish,WA 98074,USA,11,0,0.9526,-0.2527,1.4132,-0.665,-1.0827
2014-05-28 00:00:00,266200.0,3.0,1.5,1430,9600.0,1.0,0,0,4,1430,0.0,1966,0,14217 SE 144th St,Renton,WA 98059,USA,48,0,-0.7489,-0.1431,-0.4571,-0.665,0.1607
2014-05-28 00:00:00,244615.0,3.0,2.5,2060,4030.0,2.0,0,0,3,2060,0.0,1999,0,921 4th Ave N,Kent,WA 98032,USA,15,0,-0.0617,-0.2984,0.2982,-0.665,-0.9482
2014-05-28 00:00:00,460000.0,4.0,3.0,2230,52983.0,2.0,0,0,3,2230,0.0,1991,0,27209 110th Ave SE,Kent,WA 98030,USA,23,0,0.1237,1.0666,0.502,-0.665,-0.6794
2014-05-28 00:00:00,370000.0,4.0,2.5,3090,18645.0,2.0,0,0,3,3090,0.0,1995,0,34711 5th Ave SW,Federal Way,WA 98023,USA,19,0,1.0616,0.1091,1.533,-0.665,-0.8138
2014-05-28 00:00:00,465000.0,6.0,3.25,4250,23326.0,1.0,0,3,3,2150,2100.0,1967,2011,29211 7th Pl S,Federal Way,WA 98003,USA,47,1,2.3268,0.2397,0.4061,4.0265,0.1271
2014-05-28 00:00:00,1175000.0,3.0,2.5,1970,23180.0,1.0,1,4,3,1100,870.0,1937,1998,5923 Beach Dr SW,Seattle,WA 98136,USA,77,1,-0.1599,0.2356,-0.8527,1.2786,1.1352
2014-05-28 00:00:00,189000.0,2.0,2.0,1700,3171.0,1.0,0,0,5,850,850.0,1927,0,508 D St SE,Auburn,WA 98002,USA,87,0,-0.4544,-0.3223,-1.1524,1.2339,1.4712
2014-05-28 00:00:00,820000.0,3.0,2.5,2510,5503.0,2.0,0,2,3,2510,0.0,1995,0,6736 40th Ave SW,Seattle,WA 98136,USA,19,0,0.4291,-0.2573,0.8377,-0.665,-0.8138
2014-05-28 00:00:00,968000.0,6.0,2.75,3610,17580.0,1.0,0,4,5,2070,1540.0,1959,0,20303 SE 40th St,Sammamish,WA 98075,USA,55,0,1.6288,0.0794,0.3102,2.7754,0.3959
2014-05-28 00:00:00,1400000.0,4.0,3.25,2980,7000.0,2.0,0,3,3,2140,840.0,1900,2014,3115 S Norman St,Seattle,WA 98144,USA,114,1,0.9417,-0.2156,0.3941,1.2116,2.3785
2014-05-28 00:00:00,438750.0,3.0,1.75,1610,6480.0,1.0,0,0,4,1610,0.0,1947,1988,2003 NE 117th St,Seattle,WA 98125,USA,67,1,-0.5525,-0.2301,-0.2413,-0.665,0.7991
2014-05-28 00:00:00,1210000.0,4.0,2.75,3650,6982.0,2.0,0,2,4,2530,1120.0,1951,2003,4911 NE 65th St,Seattle,WA 98115,USA,63,1,1.6724,-0.2161,0.8617,1.8371,0.6647
2014-05-28 00:00:00,600000.0,4.0,2.0,2510,38141.0,1.0,0,0,3,2510,0.0,1960,2012,13507 62nd Ave NE,Kirkland,WA 98034,USA,54,1,0.4291,0.6527,0.8377,-0.665,0.3623
2014-05-28 00:00:00,589000.0,3.0,1.0,1110,6000.0,1.5,0,0,5,1110,0.0,1932,2002,3228 36th Ave W,Seattle,WA 98199,USA,82,1,-1.0979,-0.2434,-0.8407,-0.665,1.3032
2014-05-28 00:00:00,590000.0,3.0,2.0,1650,6150.0,2.0,0,0,4,1650,0.0,1926,1993,3627 48th Ave SW,Seattle,WA 98116,USA,88,1,-0.5089,-0.2393,-0.1933,-0.665,1.5048
2014-05-28 00:00:00,479900.0,3.0,2.0,1980,12150.0,1.0,0,0,3,1980,0.0,1994,0,26272 142nd Ave SE,Kent,WA 98042,USA,20,0,-0.149,-0.072,0.2023,-0.665,-0.7802
2014-05-28 00:00:00,210000.0,2.0,1.5,880,1157.0,2.0,0,0,3,880,0.0,2007,0,9413 34th Ave SW,Seattle,WA 98126,USA,7,0,-1.3487,-0.3785,-1.1165,-0.665,-1.2171
2014-05-28 00:00:00,745000.0,3.0,1.75,1490,9800.0,1.0,0,0,4,1140,350.0,1947,1988,10637 SE 29th St,Beaux Arts Village,WA 98004,USA,67,1,-0.6834,-0.1375,-0.8047,0.1169,0.7991
2014-05-28 00:00:00,840500.0,3.0,2.0,2520,5400.0,1.5,0,0,4,1410,1110.0,1906,1990,1917 3rd Ave W,Seattle,WA 98119,USA,108,1,0.44,-0.2602,-0.4811,1.8148,2.1769
2014-05-28 00:00:00,420000.0,3.0,1.75,1820,22320.0,1.0,0,0,3,1250,570.0,1977,2004,4031 W Ames Lake Dr NE,Redmond,WA 98053,USA,37,1,-0.3235,0.2116,-0.6729,0.6084,-0.209
2014-05-28 00:00:00,565000.0,7.0,4.5,4140,9066.0,1.0,0,0,3,2070,2070.0,1978,0,14007 35th Ave NE,Seattle,WA 98125,USA,36,0,2.2068,-0.158,0.3102,3.9595,-0.2426
2014-05-28 00:00:00,840000.0,4.0,2.5,3420,8405.0,2.0,0,0,3,3420,0.0,2000,0,20525 NE 26th St,Sammamish,WA 98074,USA,14,0,1.4216,-0.1764,1.9287,-0.665,-0.9818
2014-05-28 00:00:00,681716.0,4.0,2.5,3150,7277.0,2.0,0,0,3,3150,0.0,2006,0,1224 N 27th Pl,Renton,WA 98056,USA,8,0,1.1271,-0.2078,1.605,-0.665,-1.1835
2014-05-28 00:00:00,600000.0,3.0,1.75,1580,7416.0,1.0,0,0,3,1150,430.0,1967,2011,12501 SE 4th Pl,Bellevue,WA 98005,USA,47,1,-0.5853,-0.204,-0.7928,0.2956,0.1271
2014-05-28 00:00:00,380000.0,3.0,2.0,1660,8281.0,1.0,0,0,3,1660,0.0,1949,1998,5021 Fauntleroy Way SW,Seattle,WA 98136,USA,65,1,-0.498,-0.1798,-0.1813,-0.665,0.7319
2014-05-28 00:00:00,168500.0,3.0,1.0,1100,10125.0,1.0,0,0,3,1100,0.0,1969,2010,17458 SE 262nd St,Covington,WA 98042,USA,45,1,-1.1088,-0.1284,-0.8527,-0.665,0.0599
2014-05-28 00:00:00,355000.0,2.0,1.0,1270,3200.0,1.0,0,0,4,960,310.0,1920,0,4038 Linden Ave N,Seattle,WA 98103,USA,94,0,-0.9234,-0.3215,-1.0205,0.0276,1.7064
2014-05-28 00:00:00,277000.0,4.0,1.0,1450,6250.0,1.0,0,0,3,990,460.0,1964,2000,10020 18th Ave SW,Seattle,WA 98146,USA,50,1,-0.727,-0.2365,-0.9846,0.3627,0.2279
2014-05-28 00:00:00,236000.0,4.0,2.25,1830,9485.0,1.0,0,0,4,1200,630.0,1989,0,4235 SW 337th Pl,Federal Way,WA 98023,USA,25,0,-0.3126,-0.1463,-0.7328,0.7425,-0.6122
2014-05-28 00:00:00,270000.0,3.0,1.75,1300,4127.0,1.0,0,0,4,650,650.0,1918,1953,1309 SW Webster St,Seattle,WA 98106,USA,96,1,-0.8906,-0.2957,-1.3922,0.7871,1.7736
2014-05-28 00:00:00,700000.0,2.0,1.75,2320,5500.0,1.5,0,2,3,1720,600.0,1925,2000,1903 32nd Ave S,Seattle,WA 98144,USA,89,1,0.2218,-0.2574,-0.1094,0.6754,1.5384
2014-05-28 00:00:00,425000.0,4.0,2.75,1680,9545.0,1.0,0,0,4,1080,0.0,1979,0,7220 NE 152nd Pl,Kenmore,WA 98028,USA,35,0,-0.4762,-0.1446,-0.8767,-0.665,-0.2762
2014-05-28 00:00:00,635000.0,3.0,2.5,2300,5500.0,1.5,0,0,4,2000,300.0,1921,0,2739 31st Ave S,Seattle,WA 98144,USA,93,0,0.2,-0.2574,0.2263,0.0052,1.6728
2014-05-28 00:00:00,510250.0,3.0,1.75,1400,4000.0,1.0,0,0,3,870,530.0,1951,1994,8520 19th Ave NW,Seattle,WA 98117,USA,63,1,-0.7816,-0.2992,-1.1284,0.519,0.6647
2014-05-28 00:00:00,960000.0,4.0,2.25,2410,4560.0,2.0,0,2,5,1800,610.0,1929,0,7006 35th Ave NW,Seattle,WA 98117,USA,85,0,0.32,-0.2836,-0.0135,0.6978,1.404
2014-05-28 00:00:00,254000.0,3.0,2.0,1480,7480.0,1.0,0,0,4,1480,0.0,1992,0,21438 SE 277th St,Maple Valley,WA 98038,USA,22,0,-0.6943,-0.2022,-0.3971,-0.665,-0.713
2014-05-28 00:00:00,299000.0,3.0,1.0,1390,9624.0,1.5,0,0,4,1390,0.0,1954,1979,2544 NE 203rd St,Shoreline,WA 98155,USA,60,1,-0.7925,-0.1424,-0.505,-0.665,0.5639
2014-05-28 00:00:00,175000.0,2.0,1.0,830,2699.0,1.0,0,0,3,830,0.0,1996,0,22775 SE 242nd Pl,Maple Valley,WA 98038,USA,18,0,-1.4033,-0.3355,-1.1764,-0.665,-0.8474
2014-05-28 00:00:00,157500.0,2.0,1.0,740,9003.0,1.0,0,0,3,740,0.0,1949,1998,20206-20212 108th Ave SE,Kent,WA 98031,USA,65,1,-1.5014,-0.1597,-1.2843,-0.665,0.7319
2014-05-28 00:00:00,580000.0,5.0,2.0,1940,6000.0,1.0,0,0,5,970,970.0,1945,0,8026 38th Ave NE,Seattle,WA 98115,USA,69,0,-0.1926,-0.2434,-1.0086,1.502,0.8663
2014-05-28 00:00:00,124740.0,3.0,1.0,1340,15600.0,1.0,0,0,4,1340,0.0,1978,2000,31118 149th Ave SE,Kent,WA 98042,USA,36,1,-0.847,0.0242,-0.565,-0.665,-0.2426
2014-05-28 00:00:00,1970000.0,8.0,3.5,4440,6480.0,2.0,0,3,5,3140,1300.0,1959,0,1210 22nd Ave E,Seattle,WA 98112,USA,55,0,2.534,-0.2301,1.593,2.2393,0.3959
2014-05-28 00:00:00,285000.0,2.0,1.0,800,6240.0,1.0,0,0,3,800,0.0,1954,2005,13332 30th Ave NE,Seattle,WA 98125,USA,60,1,-1.436,-0.2367,-1.2124,-0.665,0.5639
2014-05-28 00:00:00,242000.0,3.0,1.75,1310,9645.0,1.0,0,0,3,1310,0.0,1979,2014,21860 Military Rd S,SeaTac,WA 98198,USA,35,1,-0.8797,-0.1418,-0.6009,-0.665,-0.2762
2014-05-28 00:00:00,840000.0,4.0,1.75,2330,4000.0,2.0,0,0,5,1300,1030.0,1924,1956,5036 36th Ave NE,Seattle,WA 98105,USA,90,1,0.2327,-0.2992,-0.6129,1.6361,1.572
2014-05-28 00:00:00,474800.0,2.0,3.25,1400,1243.0,3.0,0,0,3,1400,0.0,2000,0,3648 Francis Ave N,Seattle,WA 98103,USA,14,0,-0.7816,-0.3761,-0.493,-0.665,-0.9818
2014-05-28 00:00:00,490000.0,4.0,2.5,2360,4367.0,2.0,0,0,3,2360,0.0,2003,0,12977 NE 201st St,Woodinville,WA 98072,USA,11,0,0.2655,-0.289,0.6579,-0.665,-1.0827
2014-05-28 00:00:00,465000.0,3.0,2.25,1840,5752.0,2.0,0,0,3,1840,0.0,2003,0,11526 NE 116th St,Kirkland,WA 98034,USA,11,0,-0.3017,-0.2504,0.0345,-0.665,-1.0827
2014-05-28 00:00:00,515000.0,4.0,2.5,2680,7178.0,2.0,0,0,3,2680,0.0,2004,2003,36231 SE Isley St,Snoqualmie,WA 98065,USA,10,1,0.6145,-0.2106,1.0415,-0.665,-1.1163
2014-05-28 00:00:00,430000.0,3.0,3.75,3890,7140.0,1.0,0,2,3,2390,1500.0,1943,2007,10631 Forest Ave S,Seattle,WA 98178,USA,71,1,1.9342,-0.2117,0.6938,2.6861,0.9336
2014-05-28 00:00:00,253400.0,3.0,2.0,1400,8640.0,1.0,0,0,5,1400,0.0,1968,0,1033 S 316th St,Federal Way,WA 98003,USA,46,0,-0.7816,-0.1698,-0.493,-0.665,0.0935
2014-05-28 00:00:00,355000.0,3.0,2.5,2400,7663.0,1.0,0,0,3,2400,0.0,1990,2009,4621 SW 327th Pl,Federal Way,WA 98023,USA,24,1,0.3091,-0.1971,0.7058,-0.665,-0.6458
2014-05-28 00:00:00,740000.0,4.0,2.25,2920,46355.0,2.0,0,0,4,2920,0.0,1998,0,28412 SE 43rd St,Fall City,WA 98024,USA,16,0,0.8762,0.8818,1.3292,-0.665,-0.9146
2014-05-28 00:00:00,186950.0,2.0,2.0,1390,1302.0,2.0,0,0,3,1390,0.0,1986,0,312 S 328th Ln,Federal Way,WA 98003,USA,28,0,-0.7925,-0.3744,-0.505,-0.665,-0.5114
2014-05-28 00:00:00,306000.0,3.0,2.5,1680,11193.0,2.0,0,0,3,1680,0.0,1984,0,16084 SE 172nd Pl,Renton,WA 98058,USA,30,0,-0.4762,-0.0986,-0.1574,-0.665,-0.4442
2014-05-28 00:00:00,510000.0,4.0,2.25,2040,8800.0,1.0,0,0,4,1020,1020.0,1961,2001,1518 150th Ave SE,Bellevue,WA 98007,USA,53,1,-0.0836,-0.1654,-0.9486,1.6137,0.3287
2014-05-28 00:00:00,345000.0,2.0,1.0,1080,4000.0,1.0,0,0,3,1080,0.0,1940,1996,8351 Jones Ave NW,Seattle,WA 98117,USA,74,1,-1.1306,-0.2992,-0.8767,-0.665,1.0344
2014-05-28 00:00:00,875000.0,3.0,2.75,2280,4280.0,1.0,0,0,5,1280,1000.0,1917,0,1829 N 55th St,Seattle,WA 98103,USA,97,0,0.1782,-0.2914,-0.6369,1.569,1.8072
2014-05-28 00:00:00,700000.0,4.0,3.5,4490,5099.0,2.0,0,0,3,3390,1100.0,2006,0,6818 Pinehurst Ave SE,Snoqualmie,WA 98065,USA,8,0,2.5886,-0.2686,1.8927,1.7925,-1.1835
2014-05-28 00:00:00,1400000.0,4.0,3.25,4700,9160.0,1.0,0,4,3,2520,2180.0,2005,0,5700-5798 SW Hinds St,Seattle,WA 98116,USA,9,0,2.8176,-0.1553,0.8497,4.2052,-1.1499
2014-05-28 00:00:00,499950.0,4.0,2.5,2798,4473.0,2.0,0,0,3,2798,0.0,2012,1912,19296-19336 102nd Ave SE,Renton,WA 98055,USA,2,1,0.7432,-0.286,1.183,-0.665,-1.3851
2014-05-28 00:00:00,739000.0,3.0,2.5,2810,5400.0,2.0,0,0,3,2810,0.0,2005,0,11814 167th Pl NE,Redmond,WA 98052,USA,9,0,0.7563,-0.2602,1.1974,-0.665,-1.1499
2014-05-28 00:00:00,363000.0,4.0,2.5,3753,7204.0,2.0,0,0,3,3336,417.0,2008,0,33415 41st Ave SW,Federal Way,WA 98023,USA,6,0,1.7848,-0.2099,1.828,0.2666,-1.2507
2014-05-28 00:00:00,782000.0,4.0,3.5,3910,8095.0,2.0,0,0,3,3130,780.0,2007,0,4801-4999 229th Ave SE,Issaquah,WA 98029,USA,7,0,1.956,-0.185,1.581,1.0776,-1.2171
2014-05-28 00:00:00,325000.0,2.0,2.5,1050,1609.0,2.0,0,0,3,1050,0.0,2005,0,1505 S Plum St,Seattle,WA 98144,USA,9,0,-1.1633,-0.3659,-0.9126,-0.665,-1.1499
2014-05-29 00:00:00,485000.0,4.0,1.0,1600,4300.0,1.5,0,0,4,1600,0.0,1916,0,1215 N 50th St,Seattle,WA 98103,USA,98,0,-0.5634,-0.2908,-0.2533,-0.665,1.8408
2014-05-29 00:00:00,452000.0,4.0,2.25,2590,10002.0,1.0,0,0,4,1340,1250.0,1968,0,19311 59th Pl NE,Kenmore,WA 98028,USA,46,0,0.5163,-0.1319,-0.565,2.1276,0.0935
2014-05-29 00:00:00,264950.0,4.0,2.25,1720,9753.0,1.0,0,0,4,1120,600.0,1978,2000,34434 30th Ave SW,Federal Way,WA 98023,USA,36,1,-0.4326,-0.1388,-0.8287,0.6754,-0.2426
2014-05-29 00:00:00,472000.0,6.0,2.5,4410,14034.0,1.0,0,2,4,2350,2060.0,1965,0,806 S 295th Pl,Federal Way,WA 98003,USA,49,0,2.5013,-0.0194,0.6459,3.9371,0.1943
2014-05-29 00:00:00,267500.0,3.0,1.75,1590,11914.0,1.0,0,2,3,1090,500.0,1957,2000,17904 Military Rd S,SeaTac,WA 98188,USA,57,1,-0.5743,-0.0785,-0.8647,0.452,0.4631
2014-05-29 00:00:00,565000.0,4.0,2.5,2440,22594.0,2.0,0,0,3,2440,0.0,1996,0,2525 276th Ct NE,Redmond,WA 98053,USA,18,0,0.3527,0.2192,0.7538,-0.665,-0.8474
2014-05-29 00:00:00,535000.0,3.0,2.5,1360,1016.0,3.0,0,0,3,1310,50.0,2003,0,501 NE Ravenna Blvd,Seattle,WA 98115,USA,11,0,-0.8252,-0.3824,-0.6009,-0.5533,-1.0827
2014-05-29 00:00:00,389000.0,2.0,1.0,910,7000.0,1.0,0,0,3,910,0.0,1952,2008,2043 NE 98th St,Seattle,WA 98115,USA,62,1,-1.316,-0.2156,-1.0805,-0.665,0.6311
2014-05-29 00:00:00,400000.0,4.0,1.5,1390,7200.0,1.0,0,0,3,1140,250.0,1965,1993,2150 N 128th St,Seattle,WA 98133,USA,49,1,-0.7925,-0.21,-0.8047,-0.1065,0.1943
2014-05-29 00:00:00,264000.0,3.0,1.5,1470,7663.0,1.0,0,0,4,1470,0.0,1958,1972,14435 SE 263rd St,Kent,WA 98042,USA,56,1,-0.7052,-0.1971,-0.4091,-0.665,0.4295
2014-05-29 00:00:00,690000.0,4.0,2.5,2920,9904.0,2.0,0,0,4,2920,0.0,1990,0,25919 SE 37th Way,Issaquah,WA 98029,USA,24,0,0.8762,-0.1346,1.3292,-0.665,-0.6458
2014-05-29 00:00:00,412000.0,3.0,1.75,1950,52256.0,1.0,0,0,4,1950,0.0,1985,0,32119 199th Ave SE,Kent,WA 98042,USA,29,0,-0.1817,1.0463,0.1663,-0.665,-0.4778
2014-05-29 00:00:00,695000.0,3.0,2.5,2390,4555.0,2.0,0,0,3,2390,0.0,2006,0,1118 235th Pl NE,Sammamish,WA 98074,USA,8,0,0.2982,-0.2837,0.6938,-0.665,-1.1835
2014-05-29 00:00:00,246500.0,3.0,1.5,1270,11600.0,1.0,0,0,4,1270,0.0,1964,0,10804 SE 218th St,Kent,WA 98031,USA,50,0,-0.9234,-0.0873,-0.6489,-0.665,0.2279
2014-05-29 00:00:00,230000.0,2.0,1.0,950,7560.0,1.0,0,0,3,950,0.0,1958,2004,17018 124th Ave SE,Renton,WA 98058,USA,56,1,-1.2724,-0.1999,-1.0325,-0.665,0.4295
2014-05-29 00:00:00,302000.0,2.0,1.0,900,423838.0,1.0,0,2,5,900,0.0,1925,0,18923 SE 416th St,Enumclaw,WA 98022,USA,89,0,-1.3269,11.407,-1.0925,-0.665,1.5384
2014-05-29 00:00:00,820000.0,4.0,2.25,2280,6660.0,1.5,0,2,3,1960,320.0,1940,1984,811 W Bertona St,Seattle,WA 98119,USA,74,1,0.1782,-0.225,0.1783,0.0499,1.0344
2014-05-29 00:00:00,145000.0,3.0,1.0,1010,5490.0,1.0,0,0,3,1010,0.0,1954,2005,14056 31st Ave S,SeaTac,WA 98168,USA,60,1,-1.2069,-0.2577,-0.9606,-0.665,0.5639
2014-05-29 00:00:00,436500.0,2.0,1.0,1260,5000.0,1.0,0,0,3,1040,220.0,1951,1994,3028 NW 68th St,Seattle,WA 98117,USA,63,1,-0.9343,-0.2713,-0.9246,-0.1735,0.6647
2014-05-29 00:00:00,672000.0,3.0,2.5,2620,21587.0,2.0,0,0,3,2620,0.0,1992,0,3249 E Ames Lake Dr NE,Redmond,WA 98053,USA,22,0,0.549,0.1912,0.9696,-0.665,-0.713
2014-05-29 00:00:00,680000.0,3.0,2.25,2330,4000.0,1.5,0,2,5,1520,810.0,1927,0,6032 35th Ave NE,Seattle,WA 98115,USA,87,0,0.2327,-0.2992,-0.3492,1.1446,1.4712
2014-05-29 00:00:00,750500.0,5.0,3.0,2170,2440.0,1.5,0,0,4,1450,720.0,1911,1966,1006 NE Ravenna Blvd,Seattle,WA 98105,USA,103,1,0.0582,-0.3427,-0.4331,0.9435,2.0089
2014-05-29 00:00:00,550000.0,5.0,2.0,2450,9488.0,1.0,0,0,4,1240,1210.0,1900,1955,10515 Ashworth Ave N,Seattle,WA 98133,USA,114,1,0.3636,-0.1462,-0.6849,2.0382,2.3785
2014-05-29 00:00:00,266500.0,4.0,1.75,1880,7632.0,1.0,0,0,4,1180,700.0,1978,2000,32740-32998 30th Ave SW,Federal Way,WA 98023,USA,36,1,-0.2581,-0.1979,-0.7568,0.8988,-0.2426
2014-05-29 00:00:00,619000.0,4.0,2.0,2300,7663.0,1.5,0,0,5,1550,750.0,1915,0,308 NW 67th St,Seattle,WA 98117,USA,99,0,0.2,-0.1971,-0.3132,1.0105,1.8744
2014-05-29 00:00:00,405000.0,3.0,2.0,1240,14404.0,1.0,0,0,3,1240,0.0,1988,2000,6019 210th Ave NE,Redmond,WA 98053,USA,26,1,-0.9561,-0.0091,-0.6849,-0.665,-0.5786
2014-05-29 00:00:00,300000.0,2.0,1.0,820,3844.0,1.0,0,0,4,820,0.0,1916,0,723 N 105th St,Seattle,WA 98133,USA,98,0,-1.4142,-0.3036,-1.1884,-0.665,1.8408
2014-05-29 00:00:00,231000.0,4.0,2.0,1530,6375.0,2.0,0,0,3,1530,0.0,1942,1983,14904 133rd Ave SE,Renton,WA 98058,USA,72,1,-0.6398,-0.233,-0.3372,-0.665,0.9672
2014-05-29 00:00:00,790000.0,5.0,3.25,2900,12160.0,1.0,0,0,4,1890,1010.0,1967,0,465 129th Pl NE,Bellevue,WA 98005,USA,47,0,0.8544,-0.0717,0.0944,1.5914,0.1271
2014-05-29 00:00:00,400000.0,4.0,2.75,1240,3867.0,1.0,0,0,3,800,440.0,1987,2000,12001 Bartlett Ave NE,Seattle,WA 98125,USA,27,1,-0.9561,-0.3029,-1.2124,0.318,-0.545
2014-05-29 00:00:00,950000.0,4.0,3.5,4140,13392.0,2.0,0,0,3,4140,0.0,2000,0,8507 146th Pl SE,Newcastle,WA 98059,USA,14,0,2.2068,-0.0373,2.7919,-0.665,-0.9818
2014-05-29 00:00:00,450000.0,4.0,2.0,2240,7725.0,1.0,0,0,5,1120,1120.0,1956,0,2503 SW Portland Ct,Seattle,WA 98106,USA,58,0,0.1346,-0.1953,-0.8287,1.8371,0.4967
2014-05-29 00:00:00,595000.0,3.0,2.0,1480,5000.0,1.0,0,0,4,750,730.0,1928,0,7728 11th Ave NW,Seattle,WA 98117,USA,86,0,-0.6943,-0.2713,-1.2723,0.9659,1.4376
2014-05-29 00:00:00,332000.0,3.0,2.25,2270,8876.0,1.0,0,0,3,1380,890.0,1977,2004,3109 SE 17th Ct,Renton,WA 98058,USA,37,1,0.1673,-0.1632,-0.517,1.3233,-0.209
2014-05-29 00:00:00,155000.0,3.0,1.0,1250,6250.0,1.0,0,0,2,1030,220.0,1949,0,8215 8th Ave S,Seattle,WA 98108,USA,65,0,-0.9452,-0.2365,-0.9366,-0.1735,0.7319
2014-05-29 00:00:00,400000.0,5.0,2.0,1930,9747.0,1.0,0,0,4,1020,910.0,1962,0,20210 78th Pl NE,Kenmore,WA 98028,USA,52,0,-0.2035,-0.139,-0.9486,1.368,0.2951
2014-05-29 00:00:00,349000.0,4.0,1.75,1700,7800.0,1.0,0,0,5,1120,580.0,1981,0,4518 SE 4th St,Renton,WA 98059,USA,33,0,-0.4544,-0.1933,-0.8287,0.6307,-0.3434
2014-05-29 00:00:00,529000.0,3.0,1.0,1590,6420.0,1.0,0,0,3,1590,0.0,1944,0,4531 SW Webster St,Seattle,WA 98136,USA,70,0,-0.5743,-0.2317,-0.2653,-0.665,0.8999
2014-05-29 00:00:00,405000.0,5.0,1.75,1880,10000.0,1.0,0,0,3,960,920.0,1963,2008,10414 NE 131st St,Kirkland,WA 98034,USA,51,1,-0.2581,-0.1319,-1.0205,1.3903,0.2615
2014-05-29 00:00:00,635200.0,4.0,1.75,1640,4240.0,1.0,0,0,5,920,720.0,1921,0,6517 Dibble Ave NW,Seattle,WA 98117,USA,93,0,-0.5198,-0.2925,-1.0685,0.9435,1.6728
2014-05-29 00:00:00,540000.0,3.0,1.5,2600,5085.0,1.0,0,0,4,1400,1200.0,1940,2001,4118 35th Ave SW,Seattle,WA 98126,USA,74,1,0.5272,-0.269,-0.493,2.0159,1.0344
2014-05-29 00:00:00,402000.0,2.0,1.0,710,1173.0,2.0,0,0,4,710,0.0,1943,0,2348 Fairview Ave E,Seattle,WA 98102,USA,71,0,-1.5341,-0.378,-1.3203,-0.665,0.9336
2014-05-29 00:00:00,329932.0,3.0,1.5,1460,5040.0,1.0,0,0,3,1100,360.0,1971,0,11221 Palatine Ave N,Seattle,WA 98133,USA,43,0,-0.7161,-0.2702,-0.8527,0.1393,-0.0073
2014-05-29 00:00:00,300000.0,3.0,2.5,2080,9827.0,2.0,0,0,3,2080,0.0,1989,0,4815 SW 330th Ct,Federal Way,WA 98023,USA,25,0,-0.0399,-0.1367,0.3222,-0.665,-0.6122
2014-05-29 00:00:00,525000.0,5.0,2.5,2630,9216.0,2.0,0,0,3,2630,0.0,2003,0,27831 NE 153rd Pl,Duvall,WA 98019,USA,11,0,0.5599,-0.1538,0.9816,-0.665,-1.0827
2014-05-29 00:00:00,602500.0,4.0,2.5,2760,6850.0,2.0,0,0,3,2760,0.0,1999,0,7606 116th Ave SE,Newcastle,WA 98056,USA,15,0,0.7017,-0.2197,1.1374,-0.665,-0.9482
2014-05-29 00:00:00,400000.0,4.0,2.0,1670,12056.0,1.0,0,0,3,1670,0.0,1955,2005,7221 NE 156th St,Kenmore,WA 98028,USA,59,1,-0.4871,-0.0746,-0.1693,-0.665,0.5303
2014-05-29 00:00:00,445000.0,4.0,1.75,1990,4725.0,1.5,0,0,4,1190,800.0,1944,0,3713 SW Sullivan St,Seattle,WA 98126,USA,70,0,-0.1381,-0.279,-0.7448,1.1222,0.8999
2014-05-29 00:00:00,525000.0,3.0,3.0,2600,5238.0,1.5,0,3,3,1890,710.0,1989,0,28624 6th Pl S,Des Moines,WA 98198,USA,25,0,0.5272,-0.2647,0.0944,0.9212,-0.6122
2014-05-29 00:00:00,395000.0,2.0,1.0,1320,1824.0,1.5,0,0,4,1320,0.0,1909,1989,2000 30th Ave S,Seattle,WA 98144,USA,105,1,-0.8688,-0.3599,-0.5889,-0.665,2.0761
2014-05-29 00:00:00,510000.0,3.0,1.5,2240,3800.0,2.0,0,0,3,1370,870.0,1929,0,8205 20th Ave NE,Seattle,WA 98115,USA,85,0,0.1346,-0.3048,-0.529,1.2786,1.404
2014-05-29 00:00:00,723000.0,4.0,2.25,1960,8680.0,1.0,0,0,4,1290,670.0,1959,0,233 111th Ave SE,Bellevue,WA 98004,USA,55,0,-0.1708,-0.1687,-0.6249,0.8318,0.3959
2014-05-29 00:00:00,503000.0,3.0,2.0,2590,108900.0,2.0,0,0,3,1980,610.0,1988,2000,21409 SE 215th St,Maple Valley,WA 98038,USA,26,1,0.5163,2.6257,0.2023,0.6978,-0.5786
2014-05-29 00:00:00,672500.0,4.0,2.75,2620,6707.0,2.0,0,0,3,2620,0.0,2000,0,22615 SE 14th Pl,Sammamish,WA 98075,USA,14,0,0.549,-0.2237,0.9696,-0.665,-0.9818
2014-05-29 00:00:00,860000.0,3.0,2.5,2770,9136.0,2.0,0,0,3,2770,0.0,1991,0,17012 SE 47th Way,Bellevue,WA 98006,USA,23,0,0.7126,-0.156,1.1494,-0.665,-0.6794
2014-05-29 00:00:00,475300.0,3.0,1.0,2110,10005.0,1.0,0,0,5,1110,1000.0,1924,1956,9719 130th Ave NE,Kirkland,WA 98033,USA,90,1,-0.0072,-0.1318,-0.8407,1.569,1.572
2014-05-29 00:00:00,295000.0,4.0,2.5,2290,4539.0,2.0,0,0,3,2290,0.0,2001,0,530 Olympia Ave SE,Renton,WA 98058,USA,13,0,0.1891,-0.2842,0.574,-0.665,-1.0154
2014-05-29 00:00:00,1425000.0,4.0,4.25,4960,6000.0,2.5,0,0,3,3680,1280.0,1909,2003,2611 1st Ave N,Seattle,WA 98109,USA,105,1,3.1012,-0.2434,2.2404,2.1946,2.0761
2014-05-29 00:00:00,250000.0,2.0,1.0,1110,26051.0,1.0,0,0,3,1110,0.0,1951,1994,3218 S 148th St,SeaTac,WA 98168,USA,63,1,-1.0979,0.3156,-0.8407,-0.665,0.6647
2014-05-29 00:00:00,658000.0,4.0,2.75,3310,6166.0,2.0,0,0,3,3310,0.0,2008,0,8830 McIntosh Ct SE,Snoqualmie,WA 98065,USA,6,0,1.3016,-0.2388,1.7968,-0.665,-1.2507
2014-05-29 00:00:00,83000.0,2.0,1.0,900,8580.0,1.0,0,0,3,900,0.0,1918,0,14440 51st Ave S,Tukwila,WA 98168,USA,96,0,-1.3269,-0.1715,-1.0925,-0.665,1.7736
2014-05-29 00:00:00,685000.0,3.0,1.75,1940,7313.0,1.0,0,1,4,1440,500.0,1960,2001,8750 Fauntlee Crest SW,Seattle,WA 98136,USA,54,1,-0.1926,-0.2068,-0.4451,0.452,0.3623
2014-05-29 00:00:00,210000.0,3.0,1.75,1590,7617.0,2.0,0,0,3,1590,0.0,1986,0,1626 S 245th Pl,Des Moines,WA 98198,USA,28,0,-0.5743,-0.1984,-0.2653,-0.665,-0.5114
2014-05-29 00:00:00,650880.0,3.0,2.5,2930,6050.0,2.0,0,0,3,2930,0.0,2008,0,34303 Elm Ave SE,Snoqualmie,WA 98065,USA,6,0,0.8871,-0.242,1.3412,-0.665,-1.2507
2014-05-29 00:00:00,350000.0,4.0,2.5,2040,22653.0,2.0,0,0,3,2040,0.0,2011,0,2471 S 116th Way,Seattle,WA 98168,USA,3,0,-0.0836,0.2209,0.2742,-0.665,-1.3515
2014-05-29 00:00:00,305000.0,2.0,2.25,1000,905.0,3.0,0,0,3,1000,0.0,2006,0,7534 24th Ave NW,Seattle,WA 98117,USA,8,0,-1.2178,-0.3855,-0.9726,-0.665,-1.1835
2014-05-29 00:00:00,645000.0,3.0,3.25,1730,7663.0,2.0,0,2,3,1320,410.0,2008,0,1949-1953 9th Ave W,Seattle,WA 98119,USA,6,0,-0.4217,-0.1971,-0.5889,0.251,-1.2507
2014-05-30 00:00:00,385000.0,3.0,1.0,1220,4800.0,1.0,0,0,3,1220,0.0,1901,0,1915 E Marion St,Seattle,WA 98122,USA,113,0,-0.9779,-0.2769,-0.7088,-0.665,2.3449
2014-05-30 00:00:00,860000.0,3.0,2.25,3060,12095.0,2.0,0,0,3,3060,0.0,1983,2009,4651 175th Ave SE,Bellevue,WA 98006,USA,31,1,1.0289,-0.0735,1.4971,-0.665,-0.4106
2014-05-30 00:00:00,395000.0,4.0,2.5,2910,5000.0,2.0,0,0,3,2910,0.0,2002,0,24923 161st Pl SE,Covington,WA 98042,USA,12,0,0.8653,-0.2713,1.3172,-0.665,-1.049
2014-05-30 00:00:00,260000.0,3.0,1.75,1050,5850.0,1.0,0,0,3,1050,0.0,1980,0,16241 19th Ave SW,Burien,WA 98166,USA,34,0,-1.1633,-0.2476,-0.9126,-0.665,-0.3098
2014-05-30 00:00:00,196440.0,3.0,2.0,1560,7352.0,1.0,0,0,3,1560,0.0,1992,0,130 Main St,Algona,WA 98001,USA,22,0,-0.6071,-0.2057,-0.3012,-0.665,-0.713
2014-05-30 00:00:00,425000.0,3.0,1.75,1680,3000.0,1.0,0,2,4,840,840.0,1900,1971,927 N 79th St,Seattle,WA 98103,USA,114,1,-0.4762,-0.3271,-1.1644,1.2116,2.3785
2014-05-30 00:00:00,2400000.0,4.0,3.25,4140,20734.0,1.0,0,1,3,3300,840.0,1977,2005,9415 NE 27th St,Clyde Hill,WA 98004,USA,37,1,2.2068,0.1674,1.7848,1.2116,-0.209
2014-05-30 00:00:00,369000.0,3.0,2.0,1550,8509.0,1.0,0,0,3,1150,400.0,1959,1989,8102 7th Ave SW,Seattle,WA 98106,USA,55,1,-0.618,-0.1735,-0.7928,0.2286,0.3959
2014-05-30 00:00:00,1385000.0,6.0,2.75,5700,20000.0,1.0,0,4,4,2850,2850.0,1977,0,4600-4748 136th Ave SE,Bellevue,WA 98006,USA,37,0,3.9083,0.1469,1.2453,5.702,-0.209
2014-05-30 00:00:00,349900.0,3.0,2.5,2200,7278.0,2.0,0,0,3,2200,0.0,1990,2009,15637 156th Pl SE,Renton,WA 98058,USA,24,1,0.091,-0.2078,0.4661,-0.665,-0.6458
2014-05-30 00:00:00,650000.0,2.0,2.5,1740,2500.0,2.0,0,2,3,1210,530.0,1994,0,319 25th Ave E,Seattle,WA 98112,USA,20,0,-0.4107,-0.341,-0.7208,0.519,-0.7802
2014-05-30 00:00:00,299950.0,3.0,1.0,1210,9525.0,1.0,0,0,3,1210,0.0,1955,2005,8430 8th Ave SW,Seattle,WA 98106,USA,59,1,-0.9888,-0.1452,-0.7208,-0.665,0.5303
2014-05-30 00:00:00,625000.0,4.0,3.25,4240,25639.0,2.0,0,3,3,3550,690.0,1989,0,30924 36th Ave SW,Federal Way,WA 98023,USA,25,0,2.3159,0.3041,2.0845,0.8765,-0.6122
2014-05-30 00:00:00,190000.0,3.0,2.25,1590,11745.0,1.0,0,0,3,1090,500.0,1978,0,27523-27527 43rd Ave S,Auburn,WA 98001,USA,36,0,-0.5743,-0.0833,-0.8647,0.452,-0.2426
2014-05-30 00:00:00,715000.0,4.0,1.75,3420,7200.0,1.0,0,3,5,1770,1650.0,1947,0,10718 Exeter Ave NE,Seattle,WA 98125,USA,67,0,1.4216,-0.21,-0.0495,3.0212,0.7991
2014-05-30 00:00:00,659000.0,4.0,2.5,3190,11375.0,1.0,0,0,5,2210,980.0,1946,0,10326 Fischer Pl NE,Seattle,WA 98125,USA,68,0,1.1707,-0.0936,0.478,1.5244,0.8327
2014-05-30 00:00:00,490000.0,3.0,1.75,1920,5405.0,1.0,0,2,4,960,960.0,1947,1988,4832 38th Ave SW,Seattle,WA 98126,USA,67,1,-0.2144,-0.26,-1.0205,1.4797,0.7991
2014-05-30 00:00:00,415000.0,2.0,1.75,1340,4664.0,1.0,0,0,3,1340,0.0,2004,2003,13283 228th Pl NE,Redmond,WA 98053,USA,10,1,-0.847,-0.2807,-0.565,-0.665,-1.1163
2014-05-30 00:00:00,750000.0,3.0,1.75,1700,8400.0,1.0,0,0,3,1460,240.0,1947,2012,3621 45th Ave W,Seattle,WA 98199,USA,67,1,-0.4544,-0.1765,-0.4211,-0.1288,0.7991
2014-05-30 00:00:00,700000.0,4.0,2.5,2310,3570.0,1.5,0,0,3,1490,0.0,1927,2014,8216 Linden Ave N,Seattle,WA 98103,USA,87,1,0.2109,-0.3112,-0.3851,-0.665,1.4712
2014-05-30 00:00:00,425000.0,3.0,1.75,1510,44000.0,1.0,0,0,3,1240,270.0,1989,0,12629 468th Ave SE,North Bend,WA 98045,USA,25,0,-0.6616,0.8161,-0.6849,-0.0618,-0.6122
2014-05-30 00:00:00,642000.0,3.0,2.5,2670,10082.0,1.0,0,0,3,2670,0.0,1987,2000,2834 220th Pl NE,Sammamish,WA 98074,USA,27,1,0.6036,-0.1296,1.0295,-0.665,-0.545
2014-05-30 00:00:00,655000.0,4.0,2.25,2060,8470.0,1.0,0,0,3,1440,620.0,1983,2009,4730 162nd Ct SE,Bellevue,WA 98006,USA,31,1,-0.0617,-0.1746,-0.4451,0.7201,-0.4106
2014-05-30 00:00:00,1365000.0,3.0,2.5,2090,6000.0,1.5,0,0,4,2090,0.0,1928,0,3832 43rd Ave NE,Seattle,WA 98105,USA,86,0,-0.029,-0.2434,0.3342,-0.665,1.4376
2014-05-30 00:00:00,458000.0,5.0,2.5,3090,23265.0,1.0,0,0,3,2990,100.0,1957,2000,9631 NE 198th St,Bothell,WA 98011,USA,57,1,1.0616,0.238,1.4132,-0.4416,0.4631
2014-05-30 00:00:00,330000.0,2.0,2.5,1240,1546.0,2.0,0,0,3,1240,0.0,2007,0,4346 28th Ave S,Seattle,WA 98108,USA,7,0,-0.9561,-0.3676,-0.6849,-0.665,-1.2171
2014-05-30 00:00:00,384950.0,3.0,2.5,1860,3690.0,2.0,0,0,3,1860,0.0,2000,0,7556 NE 203rd St,Kenmore,WA 98028,USA,14,0,-0.2799,-0.3078,0.0584,-0.665,-0.9818
2014-05-30 00:00:00,560000.0,3.0,1.5,2000,7350.0,1.0,0,0,3,2000,0.0,1953,0,10605 9th Ave NW,Seattle,WA 98177,USA,61,0,-0.1272,-0.2058,0.2263,-0.665,0.5975
2014-05-30 00:00:00,950000.0,4.0,1.75,2500,92347.0,1.0,0,0,4,1500,1000.0,1970,0,7615 E Mercer Way,Mercer Island,WA 98040,USA,44,0,0.4182,2.1641,-0.3732,1.569,0.0263
2014-05-30 00:00:00,465000.0,4.0,2.25,1820,20349.0,1.0,0,0,5,1340,480.0,1977,0,15812 182nd Ave NE,Woodinville,WA 98072,USA,37,0,-0.3235,0.1566,-0.565,0.4073,-0.209
2014-05-30 00:00:00,425000.0,3.0,2.25,1820,8058.0,1.0,0,0,3,1260,560.0,1974,0,13807 129th Pl NE,Kirkland,WA 98034,USA,40,0,-0.3235,-0.1861,-0.6609,0.5861,-0.1082
2014-05-30 00:00:00,315000.0,3.0,2.0,1060,5750.0,1.0,0,0,3,1060,0.0,1981,2013,5452 31st Ave SW,Seattle,WA 98126,USA,33,1,-1.1524,-0.2504,-0.9007,-0.665,-0.3434
2014-05-30 00:00:00,530000.0,3.0,2.5,1950,9906.0,2.0,0,0,3,1950,0.0,1988,2000,23438 NE 29th Pl,Sammamish,WA 98074,USA,26,1,-0.1817,-0.1345,0.1663,-0.665,-0.5786
2014-05-30 00:00:00,399000.0,2.0,1.0,940,4800.0,1.0,0,0,4,940,0.0,1911,1955,3209 63rd Ave SW,Seattle,WA 98116,USA,103,1,-1.2833,-0.2769,-1.0445,-0.665,2.0089
2014-05-30 00:00:00,168000.0,2.0,1.5,1220,3568.0,1.5,0,0,4,1220,0.0,1976,1992,24709 13th Ave S,Des Moines,WA 98198,USA,38,1,-0.9779,-0.3112,-0.7088,-0.665,-0.1754
2014-05-30 00:00:00,1886700.0,5.0,3.5,4180,17935.0,2.0,0,0,3,4180,0.0,2004,2003,2526 104th Ave SE,Bellevue,WA 98004,USA,10,1,2.2505,0.0893,2.8398,-0.665,-1.1163
2014-05-30 00:00:00,374000.0,3.0,1.0,1200,9800.0,1.0,0,0,4,1200,0.0,1971,0,15616 173rd Ave NE,Woodinville,WA 98072,USA,43,0,-0.9997,-0.1375,-0.7328,-0.665,-0.0073
2014-05-30 00:00:00,740000.0,5.0,3.75,3990,18897.0,2.0,0,0,3,3090,900.0,1937,2010,1714 NE Brockman Pl,Seattle,WA 98125,USA,77,1,2.0432,0.1162,1.533,1.3456,1.1352
2014-05-30 00:00:00,280000.0,2.0,1.0,1880,7560.0,1.0,0,0,3,940,940.0,1919,2001,8611 32nd Ave SW,Seattle,WA 98126,USA,95,1,-0.2581,-0.1999,-1.0445,1.435,1.74
2014-05-30 00:00:00,322000.0,4.0,2.5,2280,7200.0,2.0,0,0,3,2280,0.0,1994,0,10012 SE 244th Ct,Kent,WA 98030,USA,20,0,0.1782,-0.21,0.562,-0.665,-0.7802
2014-05-30 00:00:00,459900.0,3.0,1.75,2580,11000.0,1.0,0,0,4,1290,1290.0,1951,1999,4525 119th Ave SE,Bellevue,WA 98006,USA,63,1,0.5054,-0.104,-0.6249,2.2169,0.6647
2014-05-30 00:00:00,750000.0,4.0,2.75,2600,7663.0,1.0,0,0,3,1560,1040.0,1976,0,6820 39th Ave NE,Seattle,WA 98115,USA,38,0,0.5272,-0.1971,-0.3012,1.6584,-0.1754
2014-05-30 00:00:00,1256500.0,4.0,2.5,3150,13700.0,2.0,0,0,4,3150,0.0,1966,0,8551 SE 80th St,Mercer Island,WA 98040,USA,48,0,1.1271,-0.0287,1.605,-0.665,0.1607
2014-05-30 00:00:00,427000.0,5.0,2.75,2220,4000.0,1.0,0,0,3,1230,990.0,1973,2013,3112 21st Ave S,Seattle,WA 98144,USA,41,1,0.1128,-0.2992,-0.6968,1.5467,-0.0746
2014-05-30 00:00:00,800000.0,2.0,2.25,1730,31491.0,2.0,1,2,4,1730,0.0,1947,1988,10060 SW Dock St,Vashon,WA 98070,USA,67,1,-0.4217,0.4673,-0.0974,-0.665,0.7991
2014-05-30 00:00:00,735000.0,4.0,3.0,2840,4120.0,1.5,0,0,4,2060,780.0,1931,0,3849 Cascadia Ave S,Seattle,WA 98118,USA,83,0,0.789,-0.2959,0.2982,1.0776,1.3368
2014-05-30 00:00:00,642000.0,4.0,2.5,2560,8780.0,2.0,0,0,3,2560,0.0,1992,0,3964 262nd Ave SE,Issaquah,WA 98029,USA,22,0,0.4836,-0.1659,0.8976,-0.665,-0.713
2014-05-30 00:00:00,240000.0,3.0,2.0,1330,6000.0,1.0,0,0,4,630,700.0,1900,1971,527 S Donovan St,Seattle,WA 98108,USA,114,1,-0.8579,-0.2434,-1.4162,0.8988,2.3785
2014-05-30 00:00:00,645500.0,2.0,1.0,1890,5202.0,1.5,0,0,4,1890,0.0,1909,1989,6723 17th Ave NW,Seattle,WA 98117,USA,105,1,-0.2471,-0.2657,0.0944,-0.665,2.0761
2014-05-30 00:00:00,840000.0,7.0,4.5,4290,37607.0,1.5,0,0,5,4290,0.0,1982,0,13527 231st Pl SE,Issaquah,WA 98027,USA,32,0,2.3704,0.6378,2.9717,-0.665,-0.377
2014-05-30 00:00:00,475000.0,2.0,2.0,1540,54450.0,2.0,0,0,3,1540,0.0,1983,2009,3304 288th Ave NE,Redmond,WA 98053,USA,31,1,-0.6289,1.1075,-0.3252,-0.665,-0.4106
2014-05-30 00:00:00,568000.0,4.0,2.0,2340,50233.0,1.0,0,0,4,1170,1170.0,1966,0,2202 238th Ave SE,Sammamish,WA 98075,USA,48,0,0.2436,0.9899,-0.7688,1.9488,0.1607
2014-05-30 00:00:00,325000.0,3.0,1.75,2180,10230.0,1.0,0,0,4,1090,1090.0,1961,2001,9670 41st Ave S,Seattle,WA 98118,USA,53,1,0.0691,-0.1255,-0.8647,1.7701,0.3287
2014-05-30 00:00:00,825500.0,3.0,2.5,2780,11964.0,2.0,0,0,3,2780,0.0,2009,0,12449 94th Ave NE,Kirkland,WA 98034,USA,5,0,0.7235,-0.0771,1.1614,-0.665,-1.2843
2014-05-30 00:00:00,499431.0,4.0,2.75,2620,6019.0,2.0,0,0,3,2620,0.0,2013,1923,1107 SE 10th St,North Bend,WA 98045,USA,1,1,0.549,-0.2429,0.9696,-0.665,-1.4187
2014-05-30 00:00:00,919204.0,4.0,3.5,3760,5000.0,2.0,0,0,3,2860,900.0,2014,0,2822 NW 74th St,Seattle,WA 98117,USA,0,0,1.7924,-0.2713,1.2573,1.3456,-1.4523
2014-05-30 00:00:00,545000.0,4.0,2.5,2720,4738.0,2.0,0,0,3,2720,0.0,2012,1912,35229 SE Terrace St,Snoqualmie,WA 98065,USA,2,1,0.6581,-0.2786,1.0895,-0.665,-1.3851
2014-05-31 00:00:00,660000.0,3.0,2.25,2675,40910.0,2.0,0,0,3,2675,0.0,1984,0,21311 SE 20th St,Sammamish,WA 98075,USA,30,0,0.609,0.7299,1.0355,-0.665,-0.4442
2014-05-31 00:00:00,538888.0,5.0,2.75,2080,13189.0,2.0,0,0,3,2080,0.0,1987,2000,23022 NE 21st St,Sammamish,WA 98074,USA,27,1,-0.0399,-0.043,0.3222,-0.665,-0.545
2014-05-31 00:00:00,693000.0,3.0,2.5,2460,12028.0,2.0,0,0,3,2460,0.0,1996,0,Valley View Trail,Redmond,WA 98052,USA,18,0,0.3745,-0.0754,0.7778,-0.665,-0.8474
2014-05-31 00:00:00,289950.0,3.0,2.5,1960,3480.0,2.0,0,0,3,1960,0.0,2004,2003,2826 Access Rd,Renton,WA 98056,USA,10,1,-0.1708,-0.3137,0.1783,-0.665,-1.1163
2014-05-31 00:00:00,587000.0,4.0,2.5,2550,6256.0,2.0,0,0,3,2550,0.0,1992,0,13013 NE 202nd Pl,Woodinville,WA 98072,USA,22,0,0.4727,-0.2363,0.8857,-0.665,-0.713
2014-05-31 00:00:00,615000.0,3.0,2.25,1760,7663.0,3.0,0,0,3,1760,0.0,2014,0,601 22nd Ave,Seattle,WA 98122,USA,0,0,-0.3889,-0.1971,-0.0614,-0.665,-1.4523
2014-06-01 00:00:00,459000.0,3.0,1.75,1620,7330.0,1.0,0,0,4,1090,530.0,1974,0,9607 NE 128th St,Kirkland,WA 98034,USA,40,0,-0.5416,-0.2064,-0.8647,0.519,-0.1082
2014-06-01 00:00:00,243000.0,3.0,1.75,1790,12000.0,1.0,0,0,3,1040,0.0,1960,2012,23042 16th Ave S,Des Moines,WA 98198,USA,54,1,-0.3562,-0.0761,-0.9246,-0.665,0.3623
2014-06-01 00:00:00,1505000.0,4.0,3.5,3480,7232.0,2.0,0,0,3,2580,900.0,1926,2010,1905 33rd Ave S,Seattle,WA 98144,USA,88,1,1.487,-0.2091,0.9216,1.3456,1.5048
2014-06-01 00:00:00,660000.0,4.0,1.75,2780,9900.0,2.0,0,0,4,2780,0.0,1978,2000,20850 NE 26th Pl,Sammamish,WA 98074,USA,36,1,0.7235,-0.1347,1.1614,-0.665,-0.2426
2014-06-01 00:00:00,1595000.0,5.0,3.0,3640,8239.0,2.0,0,3,3,2540,1100.0,1982,0,17200 SE 29th Ct,Bellevue,WA 98008,USA,32,0,1.6615,-0.181,0.8737,1.7925,-0.377
2014-06-01 00:00:00,250000.0,1.0,1.0,750,4000.0,1.0,0,0,3,750,0.0,1918,0,4356 SW Concord St,Seattle,WA 98136,USA,96,0,-1.4905,-0.2992,-1.2723,-0.665,1.7736
2014-06-02 00:00:00,315000.0,3.0,1.0,960,6634.0,1.0,0,0,3,960,0.0,1952,2008,1715 NE 135th St,Seattle,WA 98125,USA,62,1,-1.2615,-0.2258,-1.0205,-0.665,0.6311
2014-06-02 00:00:00,404000.0,3.0,2.25,2030,8880.0,1.0,0,0,3,1330,700.0,1963,2008,4915 17th Ave S,Seattle,WA 98108,USA,51,1,-0.0945,-0.1631,-0.577,0.8988,0.2615
2014-06-02 00:00:00,559900.0,3.0,2.75,2930,5569.0,1.0,0,0,3,1860,1070.0,2004,2003,18960 131st Pl NE,Woodinville,WA 98072,USA,10,1,0.8871,-0.2555,0.0584,1.7254,-1.1163
2014-06-02 00:00:00,285000.0,2.0,2.5,1380,1073.0,2.0,0,0,3,1140,240.0,2011,0,2802 SW Bataan St,Seattle,WA 98126,USA,3,0,-0.8034,-0.3808,-0.8047,-0.1288,-1.3515
2014-06-02 00:00:00,500000.0,3.0,2.0,1720,5525.0,1.0,0,2,5,960,760.0,1941,0,4825 27th Ave S,Seattle,WA 98108,USA,73,0,-0.4326,-0.2567,-1.0205,1.0329,1.0008
2014-06-02 00:00:00,380000.0,2.0,1.0,1210,4800.0,1.0,0,0,3,1060,150.0,1950,2005,4532 13th Ave S,Seattle,WA 98108,USA,64,1,-0.9888,-0.2769,-0.9007,-0.3299,0.6983
2014-06-02 00:00:00,469000.0,3.0,1.0,950,4250.0,1.5,0,0,5,950,0.0,1948,1985,1911 E Columbia St,Seattle,WA 98122,USA,66,1,-1.2724,-0.2922,-1.0325,-0.665,0.7655
2014-06-02 00:00:00,405000.0,2.0,1.75,1710,4234.0,2.0,0,0,3,1330,380.0,1920,1979,4131 SW Kenyon St,Seattle,WA 98136,USA,94,1,-0.4435,-0.2927,-0.577,0.1839,1.7064
2014-06-02 00:00:00,439900.0,2.0,2.0,1410,12282.0,1.5,0,0,5,1410,0.0,1909,1988,31103 SE 85th Pl,Preston,WA 98050,USA,105,1,-0.7707,-0.0683,-0.4811,-0.665,2.0761
2014-06-02 00:00:00,525000.0,4.0,2.5,2910,7631.0,2.0,0,2,3,2910,0.0,2006,0,25480 SE 275th Pl,Maple Valley,WA 98038,USA,8,0,0.8653,-0.198,1.3172,-0.665,-1.1835
2014-06-02 00:00:00,580000.0,4.0,2.5,2220,7064.0,2.0,0,0,3,2220,0.0,1988,2000,4055 238th Pl SE,Issaquah,WA 98029,USA,26,1,0.1128,-0.2138,0.49,-0.665,-0.5786
2014-06-02 00:00:00,1250000.0,5.0,3.25,3160,13238.0,2.0,0,0,5,3160,0.0,1972,0,7325 86th Ave SE,Mercer Island,WA 98040,USA,42,0,1.138,-0.0416,1.617,-0.665,-0.0409
2014-06-02 00:00:00,275000.0,3.0,2.0,1380,4500.0,1.0,0,0,3,1380,0.0,2008,0,24031 SE 262nd Pl,Maple Valley,WA 98038,USA,6,0,-0.8034,-0.2853,-0.517,-0.665,-1.2507
2014-06-02 00:00:00,629000.0,3.0,2.0,1760,5000.0,1.0,0,0,5,960,800.0,1920,0,2439 Piedmont Pl W,Seattle,WA 98199,USA,94,0,-0.3889,-0.2713,-1.0205,1.1222,1.7064
2014-06-02 00:00:00,395000.0,1.0,1.0,730,3000.0,1.0,0,0,3,730,0.0,1911,1979,6215 30th Ave NW,Seattle,WA 98107,USA,103,1,-1.5123,-0.3271,-1.2963,-0.665,2.0089
2014-06-02 00:00:00,965000.0,4.0,2.5,2460,5000.0,2.0,0,0,5,1620,0.0,1938,0,1024 Washington Pl E,Seattle,WA 98112,USA,76,0,0.3745,-0.2713,-0.2293,-0.665,1.1016
2014-06-02 00:00:00,820000.0,3.0,1.75,2160,6272.0,1.0,0,0,4,1390,770.0,1960,2001,2000-2098 NE 68th St,Seattle,WA 98115,USA,54,1,0.0473,-0.2359,-0.505,1.0552,0.3623
2014-06-02 00:00:00,661000.0,4.0,2.25,1990,4600.0,1.5,0,2,4,1420,570.0,1932,1958,4426 38th Ave SW,Seattle,WA 98126,USA,82,1,-0.1381,-0.2825,-0.4691,0.6084,1.3032
2014-06-02 00:00:00,789000.0,3.0,3.0,3740,39640.0,2.0,0,2,3,3740,0.0,1991,0,9900 SW Quartermaster Dr,Vashon,WA 98070,USA,23,0,1.7706,0.6945,2.3123,-0.665,-0.6794
2014-06-02 00:00:00,668500.0,4.0,2.5,2710,5500.0,2.0,0,0,3,2710,0.0,1999,0,667 237th Pl SE,Sammamish,WA 98074,USA,15,0,0.6472,-0.2574,1.0775,-0.665,-0.9482
2014-06-02 00:00:00,350000.0,3.0,2.5,2680,7836.0,2.0,0,0,3,2680,0.0,1990,2009,31456 117th Pl SE,Auburn,WA 98092,USA,24,1,0.6145,-0.1922,1.0415,-0.665,-0.6458
2014-06-02 00:00:00,250000.0,4.0,2.0,1850,7560.0,1.0,0,0,4,1540,310.0,1978,2000,4511 S 262nd St,Kent,WA 98032,USA,36,1,-0.2908,-0.1999,-0.3252,0.0276,-0.2426
2014-06-02 00:00:00,725995.0,4.0,2.5,3190,7869.0,2.0,0,2,3,3190,0.0,2001,0,7704 Heather Ave SE,Snoqualmie,WA 98065,USA,13,0,1.1707,-0.1913,1.6529,-0.665,-1.0154
2014-06-02 00:00:00,1000000.0,3.0,2.25,2730,5832.0,2.0,0,0,3,2730,0.0,1998,2006,13428 NE 12th Pl,Bellevue,WA 98005,USA,16,1,0.669,-0.2481,1.1015,-0.665,-0.9146
2014-06-02 00:00:00,686000.0,3.0,1.5,1840,9990.0,2.0,0,0,5,1840,0.0,1961,0,11727 9th Ave NW,Seattle,WA 98177,USA,53,0,-0.3017,-0.1322,0.0345,-0.665,0.3287
2014-06-02 00:00:00,665000.0,4.0,2.5,2720,10000.0,2.0,0,0,3,2720,0.0,1987,2000,2110 216th Pl NE,Sammamish,WA 98074,USA,27,1,0.6581,-0.1319,1.0895,-0.665,-0.545
2014-06-02 00:00:00,1965221.0,4.0,3.5,4370,8510.0,2.0,0,1,3,3610,760.0,2003,0,2523-2533 103rd Ave SE,Bellevue,WA 98004,USA,11,0,2.4577,-0.1735,2.1565,1.0329,-1.0827
2014-06-02 00:00:00,653000.0,3.0,2.5,2290,3475.0,2.0,0,0,3,2290,0.0,2006,0,2172 NE Noble St,Issaquah,WA 98029,USA,8,0,0.1891,-0.3138,0.574,-0.665,-1.1835
2014-06-02 00:00:00,430000.0,2.0,1.0,990,4802.0,1.0,0,0,3,990,0.0,1947,2012,8059 Loyal Way NW,Seattle,WA 98117,USA,67,1,-1.2287,-0.2768,-0.9846,-0.665,0.7991
2014-06-02 00:00:00,305000.0,2.0,1.5,1140,2980.0,2.0,0,0,3,1140,0.0,1988,2000,4150 244th Pl SE,Issaquah,WA 98029,USA,26,1,-1.0651,-0.3276,-0.8047,-0.665,-0.5786
2014-06-02 00:00:00,809000.0,4.0,1.5,1840,4337.0,2.0,0,0,4,1840,0.0,1917,0,1218 19th Ave E,Seattle,WA 98112,USA,97,0,-0.3017,-0.2898,0.0345,-0.665,1.8072
2014-06-02 00:00:00,440150.0,2.0,1.0,1110,6800.0,1.0,0,0,5,1000,0.0,1947,0,12216 Greenwood Ave N,Seattle,WA 98133,USA,67,0,-1.0979,-0.2211,-0.9726,-0.665,0.7991
2014-06-02 00:00:00,615000.0,4.0,2.5,2150,9070.0,2.0,0,0,4,2150,0.0,1985,0,14151 174th Pl NE,Redmond,WA 98052,USA,29,0,0.0364,-0.1578,0.4061,-0.665,-0.4778
2014-06-02 00:00:00,1035000.0,3.0,2.5,2230,5750.0,2.0,0,0,3,2230,0.0,2003,0,1840-1846 9th St W,Kirkland,WA 98033,USA,11,0,0.1237,-0.2504,0.502,-0.665,-1.0827
2014-06-02 00:00:00,455000.0,2.0,1.0,1170,6000.0,1.0,0,0,4,970,200.0,1941,1998,9552 Phinney Ave N,Seattle,WA 98103,USA,73,1,-1.0324,-0.2434,-1.0086,-0.2182,1.0008
2014-06-02 00:00:00,635000.0,3.0,2.5,1960,7200.0,1.0,0,0,4,980,980.0,1940,2001,4131 51st Ave S,Seattle,WA 98118,USA,74,1,-0.1708,-0.21,-0.9966,1.5244,1.0344
2014-06-02 00:00:00,675000.0,3.0,2.25,2610,9002.0,2.0,0,0,3,2610,0.0,1988,2000,10090 177th Ave NE,Redmond,WA 98052,USA,26,1,0.5381,-0.1597,0.9576,-0.665,-0.5786
2014-06-02 00:00:00,316000.0,3.0,2.25,2130,8721.0,1.0,0,0,3,1570,560.0,1987,2000,20312 102nd Pl SE,Kent,WA 98031,USA,27,1,0.0146,-0.1676,-0.2892,0.5861,-0.545
2014-06-02 00:00:00,955000.0,3.0,2.25,3020,43560.0,2.0,0,0,3,2720,300.0,1969,2010,12599 NE 39th St,Bellevue,WA 98005,USA,45,1,0.9853,0.8038,1.0895,0.0052,0.0599
2014-06-02 00:00:00,985000.0,3.0,1.75,1670,5400.0,2.0,0,0,5,1670,0.0,1912,0,1808 38th Ave E,Seattle,WA 98112,USA,102,0,-0.4871,-0.2602,-0.1693,-0.665,1.9753
2014-06-02 00:00:00,465500.0,3.0,1.75,1890,7004.0,1.0,0,0,3,1290,600.0,1965,1993,5047 43rd Ave S,Seattle,WA 98118,USA,49,1,-0.2471,-0.2154,-0.6249,0.6754,0.1943
2014-06-02 00:00:00,305000.0,3.0,1.0,950,13475.0,1.0,0,0,3,950,0.0,1950,2005,2023 NE 175th St,Shoreline,WA 98155,USA,64,1,-1.2724,-0.035,-1.0325,-0.665,0.6983
2014-06-02 00:00:00,645000.0,4.0,2.5,2430,14400.0,1.0,0,0,5,1670,760.0,1963,0,15048 NE 11th Pl,Bellevue,WA 98007,USA,51,0,0.3418,-0.0092,-0.1693,1.0329,0.2615
2014-06-02 00:00:00,730000.0,4.0,2.0,2360,6000.0,1.0,0,0,5,1260,1100.0,1939,0,3635 41st Ave W,Seattle,WA 98199,USA,75,0,0.2655,-0.2434,-0.6609,1.7925,1.068
2014-06-02 00:00:00,366000.0,3.0,1.75,1510,8301.0,1.0,0,0,3,1510,0.0,1967,2011,8835 NE 138th St,Kirkland,WA 98034,USA,47,1,-0.6616,-0.1793,-0.3612,-0.665,0.1271
2014-06-02 00:00:00,290000.0,3.0,2.5,2080,4828.0,2.0,0,0,3,2080,0.0,2002,0,25420 157th Ave SE,Covington,WA 98042,USA,12,0,-0.0399,-0.2761,0.3222,-0.665,-1.049
2014-06-02 00:00:00,472500.0,3.0,2.0,1750,15500.0,1.0,0,0,3,1490,260.0,1982,0,20604 SE 24th St,Sammamish,WA 98075,USA,32,0,-0.3998,0.0214,-0.3851,-0.0841,-0.377
2014-06-02 00:00:00,550000.0,3.0,2.0,1810,4064.0,1.5,0,0,3,1810,0.0,1925,2002,7820 Ashworth Ave N,Seattle,WA 98103,USA,89,1,-0.3344,-0.2974,-0.0015,-0.665,1.5384
2014-06-02 00:00:00,410000.0,4.0,1.75,1790,11875.0,1.0,0,0,4,1490,300.0,1969,0,560 SW Fernwood St,Issaquah,WA 98027,USA,45,0,-0.3562,-0.0796,-0.3851,0.0052,0.0599
2014-06-02 00:00:00,440000.0,4.0,2.75,2340,11034.0,1.0,0,0,3,1720,620.0,1967,2011,19311 47th Ave NE,Lake Forest Park,WA 98155,USA,47,1,0.2436,-0.1031,-0.1094,0.7201,0.1271
2014-06-02 00:00:00,535000.0,3.0,2.5,1690,9626.0,2.0,0,0,3,1690,0.0,1984,0,4501-4507 186th Ave SE,Issaquah,WA 98027,USA,30,0,-0.4653,-0.1423,-0.1454,-0.665,-0.4442
2014-06-02 00:00:00,300000.0,4.0,2.5,2070,7476.0,2.0,0,0,3,2070,0.0,2003,0,11366 SE 298th Pl,Auburn,WA 98092,USA,11,0,-0.0508,-0.2023,0.3102,-0.665,-1.0827
2014-06-02 00:00:00,432500.0,3.0,2.5,2240,6396.0,2.0,0,0,3,2240,0.0,2002,0,7311 Silent Creek Ave SE,Snoqualmie,WA 98065,USA,12,0,0.1346,-0.2324,0.514,-0.665,-1.049
2014-06-02 00:00:00,870000.0,4.0,2.25,4500,21780.0,2.0,0,2,3,3040,1460.0,1980,0,5003 E Mercer Way,Mercer Island,WA 98040,USA,34,0,2.5995,0.1965,1.4731,2.5967,-0.3098
2014-06-02 00:00:00,492000.0,3.0,1.75,2770,39927.0,1.0,0,0,4,1580,1190.0,1978,2000,15017 253rd Ave SE,Issaquah,WA 98027,USA,36,1,0.7126,0.7025,-0.2772,1.9935,-0.2426
2014-06-02 00:00:00,199950.0,3.0,1.0,1010,7663.0,1.0,0,0,3,1010,0.0,1969,2010,29910-29918 21st Ave S,Federal Way,WA 98003,USA,45,1,-1.2069,-0.1971,-0.9606,-0.665,0.0599
2014-06-02 00:00:00,439800.0,3.0,1.5,1120,6900.0,1.0,0,0,5,1120,0.0,1956,0,15524 SE 9th St,Bellevue,WA 98007,USA,58,0,-1.087,-0.2183,-0.8287,-0.665,0.4967
2014-06-02 00:00:00,320000.0,5.0,2.5,3020,21441.0,1.0,0,0,4,1510,1510.0,1978,2000,29234 158th Ave SE,Kent,WA 98042,USA,36,1,0.9853,0.1871,-0.3612,2.7084,-0.2426
2014-06-02 00:00:00,687000.0,4.0,3.25,4400,186846.0,2.0,0,0,4,4400,0.0,1993,0,28808 SE Mud Mountain Rd,Enumclaw,WA 98022,USA,21,0,2.4904,4.799,3.1036,-0.665,-0.7466
2014-06-02 00:00:00,345000.0,3.0,1.75,1990,5650.0,1.0,0,1,3,1320,670.0,1963,2008,10238 65th Ave S,Seattle,WA 98178,USA,51,1,-0.1381,-0.2532,-0.5889,0.8318,0.2615
2014-06-02 00:00:00,274950.0,3.0,1.0,1450,8820.0,1.0,0,0,3,1050,400.0,1958,2004,5619 S 149th St,Tukwila,WA 98168,USA,56,1,-0.727,-0.1648,-0.9126,0.2286,0.4295
2014-06-02 00:00:00,270000.0,4.0,2.5,1920,8497.0,2.0,0,0,3,1920,0.0,1998,2006,5307-5311 Quincy Ave SE,Auburn,WA 98092,USA,16,1,-0.2144,-0.1738,0.1304,-0.665,-0.9146
2014-06-02 00:00:00,342000.0,2.0,2.5,1175,1366.0,2.0,0,0,3,740,435.0,2005,0,9219 Stone Ave N,Seattle,WA 98103,USA,9,0,-1.027,-0.3726,-1.2843,0.3068,-1.1499
2014-06-02 00:00:00,327000.0,3.0,1.5,1320,13200.0,1.0,0,0,3,1320,0.0,1970,2014,11406 Nile Ave NE,Renton,WA 98059,USA,44,1,-0.8688,-0.0427,-0.5889,-0.665,0.0263
2014-06-02 00:00:00,610000.0,5.0,2.5,3990,3839.0,1.0,0,0,4,1990,2000.0,1962,0,431 26th Ave E,Seattle,WA 98112,USA,52,0,2.0432,-0.3037,0.2143,3.8031,0.2951
2014-06-02 00:00:00,455000.0,2.0,1.0,1140,5720.0,1.0,0,0,3,850,290.0,1947,2012,2711 NE 75th St,Seattle,WA 98115,USA,67,1,-1.0651,-0.2512,-1.1524,-0.0171,0.7991
2014-06-02 00:00:00,540000.0,4.0,1.75,1720,4240.0,1.5,0,0,4,1460,260.0,1925,1968,2722 30th Ave S,Seattle,WA 98144,USA,89,1,-0.4326,-0.2925,-0.4211,-0.0841,1.5384
2014-06-02 00:00:00,411000.0,4.0,2.75,2150,9915.0,1.0,0,0,5,1240,910.0,1976,0,7302 127th Pl SE,Newcastle,WA 98056,USA,38,0,0.0364,-0.1343,-0.6849,1.368,-0.1754
2014-06-02 00:00:00,544000.0,3.0,1.5,1790,8203.0,1.5,0,1,3,1790,0.0,1910,2006,Schmitz Park to Alki Trail,Seattle,WA 98116,USA,104,1,-0.3562,-0.182,-0.0255,-0.665,2.0425
2014-06-02 00:00:00,802000.0,2.0,2.5,2210,6327.0,1.0,0,0,3,2210,0.0,2003,0,23216 NE 126th St,Redmond,WA 98053,USA,11,0,0.1019,-0.2343,0.478,-0.665,-1.0827
2014-06-02 00:00:00,568500.0,3.0,2.75,2180,7519.0,1.0,0,0,4,1310,870.0,1981,0,10629 161st Avenue Northeast,Redmond,WA 98052,USA,33,0,0.0691,-0.2011,-0.6009,1.2786,-0.3434
2014-06-02 00:00:00,391000.0,3.0,2.25,1410,1290.0,2.0,0,0,3,1290,120.0,2004,2003,2134 NW Boulder Way Dr,Issaquah,WA 98027,USA,10,1,-0.7707,-0.3748,-0.6249,-0.3969,-1.1163
2014-06-02 00:00:00,298000.0,3.0,2.5,1950,3600.0,2.0,0,0,3,1950,0.0,2010,0,24032 SE 263rd Pl,Maple Valley,WA 98038,USA,4,0,-0.1817,-0.3104,0.1663,-0.665,-1.3179
2014-06-02 00:00:00,400000.0,3.0,2.5,1495,936.0,3.0,0,0,3,1405,90.0,2006,0,1108 29th Ave S,Seattle,WA 98144,USA,8,0,-0.678,-0.3846,-0.487,-0.4639,-1.1835
2014-06-03 00:00:00,425000.0,3.0,2.25,1660,6000.0,1.0,0,0,3,1110,550.0,1979,2014,942 27th Ave,Seattle,WA 98122,USA,35,1,-0.498,-0.2434,-0.8407,0.5637,-0.2762
2014-06-03 00:00:00,328500.0,3.0,2.5,1950,8130.0,2.0,0,0,4,1950,0.0,1990,0,23915 135th Pl SE,Kent,WA 98042,USA,24,0,-0.1817,-0.184,0.1663,-0.665,-0.6458
2014-06-03 00:00:00,650000.0,5.0,2.75,2550,5040.0,1.5,0,0,5,2550,0.0,1902,0,1417 26th Ave,Seattle,WA 98122,USA,112,0,0.4727,-0.2702,0.8857,-0.665,2.3113
2014-06-03 00:00:00,850000.0,3.0,1.75,1370,3850.0,1.0,0,0,5,770,600.0,1911,1988,2015 42nd Ave E,Seattle,WA 98112,USA,103,1,-0.8143,-0.3034,-1.2483,0.6754,2.0089
2014-06-03 00:00:00,930000.0,4.0,2.5,2200,4000.0,2.0,0,0,5,1430,770.0,1908,0,2418 10th Ave W,Seattle,WA 98119,USA,106,0,0.091,-0.2992,-0.4571,1.0552,2.1097
2014-06-03 00:00:00,530000.0,3.0,1.75,1250,6041.0,1.5,0,0,5,1250,0.0,1942,0,2202 NE 83rd St,Seattle,WA 98115,USA,72,0,-0.9452,-0.2423,-0.6729,-0.665,0.9672
2014-06-03 00:00:00,495000.0,4.0,2.25,2220,8872.0,1.0,0,0,4,1110,1110.0,1961,2001,5918 128th Ave SE,Bellevue,WA 98006,USA,53,1,0.1128,-0.1634,-0.8407,1.8148,0.3287
2014-06-03 00:00:00,500000.0,3.0,1.75,1620,4200.0,1.0,0,0,5,830,790.0,1945,0,6209 40th Ave NE,Seattle,WA 98115,USA,69,0,-0.5416,-0.2936,-1.1764,1.0999,0.8663
2014-06-03 00:00:00,325000.0,3.0,1.75,2250,26337.0,1.0,0,0,3,2250,0.0,1980,0,33316 E Lake Holm Dr SE,Auburn,WA 98092,USA,34,0,0.1455,0.3236,0.526,-0.665,-0.3098
2014-06-03 00:00:00,365000.0,3.0,2.5,1720,99916.0,2.0,0,0,4,1720,0.0,1990,0,29245 188 Ave SE,Kent,WA 98042,USA,24,0,-0.4326,2.3752,-0.1094,-0.665,-0.6458
2014-06-03 00:00:00,471000.0,4.0,2.5,3030,9687.0,2.0,0,0,3,2020,1010.0,1998,2006,1165 SW 12th St,North Bend,WA 98045,USA,16,1,0.9962,-0.1406,0.2503,1.5914,-0.9146
2014-06-03 00:00:00,223000.0,3.0,1.0,1030,9120.0,1.0,0,0,3,1030,0.0,1961,2004,26825 33rd Ave S,Kent,WA 98032,USA,53,1,-1.1851,-0.1564,-0.9366,-0.665,0.3287
2014-06-03 00:00:00,503000.0,3.0,2.5,2190,4882.0,2.0,0,0,3,2190,0.0,1999,0,18649 22nd Pl NE,Lake Forest Park,WA 98155,USA,15,0,0.08,-0.2746,0.4541,-0.665,-0.9482
2014-06-03 00:00:00,230000.0,3.0,2.0,1440,5600.0,1.0,0,0,4,720,720.0,1942,2007,2508 NE 7th St,Renton,WA 98056,USA,72,1,-0.7379,-0.2546,-1.3083,0.9435,0.9672
2014-06-03 00:00:00,550000.0,4.0,2.5,2170,9600.0,1.0,0,0,3,1460,710.0,1980,0,8520 169th Ct NE,Redmond,WA 98052,USA,34,0,0.0582,-0.1431,-0.4211,0.9212,-0.3098
2014-06-03 00:00:00,1100000.0,4.0,3.75,2930,3200.0,1.5,0,0,5,2130,800.0,1925,0,115 W Raye St,Seattle,WA 98119,USA,89,0,0.8871,-0.3215,0.3821,1.1222,1.5384
2014-06-03 00:00:00,193000.0,3.0,1.5,1180,9048.0,1.0,0,0,3,1180,0.0,1960,2012,454 S 190th St,Burien,WA 98148,USA,54,1,-1.0215,-0.1585,-0.7568,-0.665,0.3623
2014-06-03 00:00:00,590000.0,4.0,4.25,2360,57514.0,2.0,0,0,4,2360,0.0,1939,1987,2862 S 354th Ln,Federal Way,WA 98003,USA,75,1,0.2655,1.1929,0.6579,-0.665,1.068
2014-06-03 00:00:00,712500.0,3.0,1.5,1660,8797.0,1.0,0,0,4,1660,0.0,1956,0,10414 SE 24th Pl,Bellevue,WA 98004,USA,58,0,-0.498,-0.1655,-0.1813,-0.665,0.4967
2014-06-03 00:00:00,689800.0,3.0,2.75,2390,9313.0,1.0,0,0,5,1390,1000.0,1942,0,12575 Corliss Ave N,Seattle,WA 98133,USA,72,0,0.2982,-0.1511,-0.505,1.569,0.9672
2014-06-03 00:00:00,430000.0,3.0,2.0,1360,5120.0,1.5,0,0,4,910,450.0,1924,0,4822 48th Ave SW,Seattle,WA 98116,USA,90,0,-0.8252,-0.268,-1.0805,0.3403,1.572
2014-06-03 00:00:00,785200.0,3.0,2.25,1840,3500.0,1.5,0,0,5,1540,300.0,1910,0,3110 E Jefferson St,Seattle,WA 98122,USA,104,0,-0.3017,-0.3131,-0.3252,0.0052,2.0425
2014-06-03 00:00:00,474900.0,3.0,2.25,1800,43647.0,1.0,0,0,4,1800,0.0,1976,1992,20337 156th Ave NE,Woodinville,WA 98072,USA,38,1,-0.3453,0.8063,-0.0135,-0.665,-0.1754
2014-06-03 00:00:00,1070000.0,4.0,3.75,4130,12320.0,2.0,0,0,3,4130,0.0,2001,0,14212 SE 92nd St,Newcastle,WA 98059,USA,13,0,2.1959,-0.0672,2.7799,-0.665,-1.0154
2014-06-03 00:00:00,435000.0,3.0,1.75,2220,132858.0,1.0,0,0,3,1110,1110.0,1988,2000,13009 230th Ave SE,Issaquah,WA 98027,USA,26,1,0.1128,3.2937,-0.8407,1.8148,-0.5786
2014-06-03 00:00:00,941500.0,5.0,3.5,3490,9680.0,2.0,0,4,3,2460,1030.0,1980,0,20122 Richmond Beach Dr NW,Shoreline,WA 98177,USA,34,0,1.4979,-0.1408,0.7778,1.6361,-0.3098
2014-06-03 00:00:00,312000.0,4.0,2.5,1830,5175.0,2.0,0,0,3,1830,0.0,2003,0,27369 245th Ave SE,Maple Valley,WA 98038,USA,11,0,-0.3126,-0.2664,0.0225,-0.665,-1.0827
2014-06-03 00:00:00,835000.0,4.0,2.75,1550,4000.0,1.5,0,0,3,1550,0.0,1930,1997,4325 NE 43rd St,Seattle,WA 98105,USA,84,1,-0.618,-0.2992,-0.3132,-0.665,1.3704
2014-06-03 00:00:00,713250.0,3.0,2.0,2050,9000.0,1.0,0,0,4,2050,0.0,1951,1999,2416 70th Ave SE,Mercer Island,WA 98040,USA,63,1,-0.0726,-0.1598,0.2862,-0.665,0.6647
2014-06-03 00:00:00,440000.0,2.0,1.0,1230,6600.0,1.0,0,0,3,1130,100.0,1906,2014,3934 S Hudson St,Seattle,WA 98118,USA,108,1,-0.967,-0.2267,-0.8167,-0.4416,2.1769
2014-06-03 00:00:00,580135.0,4.0,2.5,3150,5886.0,2.0,0,0,3,3150,0.0,2014,0,13516 164th Ave SE,Renton,WA 98059,USA,0,0,1.1271,-0.2466,1.605,-0.665,-1.4523
2014-06-03 00:00:00,575000.0,3.0,2.25,3800,33825.0,1.0,0,0,4,3330,470.0,1976,1992,24716 142nd Ave SE,Kent,WA 98042,USA,38,1,1.836,0.5324,1.8208,0.385,-0.1754
2014-06-03 00:00:00,613000.0,3.0,2.5,1350,3068.0,2.0,0,0,3,1350,0.0,1991,0,819 31st Ave,Seattle,WA 98122,USA,23,0,-0.8361,-0.3252,-0.553,-0.665,-0.6794
2014-06-03 00:00:00,235000.0,3.0,2.0,1530,8700.0,1.0,0,0,4,1530,0.0,1970,0,2925 Morris Ave S,Renton,WA 98055,USA,44,0,-0.6398,-0.1682,-0.3372,-0.665,0.0263
2014-06-03 00:00:00,660000.0,3.0,2.5,2290,2798.0,3.0,0,0,4,2290,0.0,1953,1983,2402 Delmar Dr E,Seattle,WA 98102,USA,61,1,0.1891,-0.3327,0.574,-0.665,0.5975
2014-06-03 00:00:00,280000.0,2.0,1.5,1480,15641.0,1.0,0,0,4,1480,0.0,1940,2001,11405 26th Ave SW,Seattle,WA 98146,USA,74,1,-0.6943,0.0254,-0.3971,-0.665,1.0344
2014-06-03 00:00:00,268000.0,3.0,1.75,1970,10270.0,1.0,0,0,4,1970,0.0,1966,0,3644 Manchester Way,Kent,WA 98032,USA,48,0,-0.1599,-0.1244,0.1903,-0.665,0.1607
2014-06-03 00:00:00,235000.0,2.0,1.0,720,4840.0,1.0,0,0,4,720,0.0,1947,1988,5403 34th Ave SW,Seattle,WA 98126,USA,67,1,-1.5232,-0.2758,-1.3083,-0.665,0.7991
2014-06-03 00:00:00,390000.0,3.0,2.0,1080,7236.0,1.0,0,0,5,1080,0.0,1947,0,808 NE 117th St,Seattle,WA 98125,USA,67,0,-1.1306,-0.209,-0.8767,-0.665,0.7991
2014-06-03 00:00:00,654950.0,4.0,2.5,2790,45902.0,2.0,0,0,3,2790,0.0,1987,2000,19218 189th Pl NE,Woodinville,WA 98077,USA,27,1,0.7344,0.8691,1.1734,-0.665,-0.545
2014-06-03 00:00:00,449500.0,5.0,2.75,2040,7488.0,1.0,0,0,4,1200,840.0,1969,0,12610 NE 142nd St,Kirkland,WA 98034,USA,45,0,-0.0836,-0.2019,-0.7328,1.2116,0.0599
2014-06-03 00:00:00,150000.0,3.0,1.0,1320,8220.0,1.0,0,0,3,1320,0.0,1959,1989,1904 S 259th St,Des Moines,WA 98198,USA,55,1,-0.8688,-0.1815,-0.5889,-0.665,0.3959
2014-06-03 00:00:00,440000.0,3.0,2.25,1680,57063.0,2.0,0,0,4,1680,0.0,1989,0,43105 SE 149th St,North Bend,WA 98045,USA,25,0,-0.4762,1.1803,-0.1574,-0.665,-0.6122
2014-06-03 00:00:00,710000.0,3.0,2.0,2140,4923.0,1.0,0,0,4,1070,1070.0,1928,0,8250 Ashworth Ave N,Seattle,WA 98103,USA,86,0,0.0255,-0.2735,-0.8887,1.7254,1.4376
2014-06-03 00:00:00,420000.0,3.0,1.75,1660,9600.0,1.0,0,0,3,1380,280.0,1981,2013,18223 129th Pl NE,Bothell,WA 98011,USA,33,1,-0.498,-0.1431,-0.517,-0.0395,-0.3434
2014-06-03 00:00:00,312000.0,3.0,2.25,1540,5338.0,1.0,0,0,5,770,770.0,1954,0,9014 Ravenna Ave NE,Seattle,WA 98115,USA,60,0,-0.6289,-0.2619,-1.2483,1.0552,0.5639
2014-06-03 00:00:00,320000.0,3.0,2.0,1880,10758.0,1.0,0,0,5,940,940.0,1952,1998,14712 SE 105th Pl,Renton,WA 98059,USA,62,1,-0.2581,-0.1108,-1.0445,1.435,0.6311
2014-06-03 00:00:00,235000.0,3.0,1.0,1250,15603.0,1.0,0,0,4,1250,0.0,1959,0,12522 SE 105th St,Renton,WA 98056,USA,55,0,-0.9452,0.0243,-0.6729,-0.665,0.3959
2014-06-03 00:00:00,437000.0,5.0,2.0,2120,137565.0,1.5,0,0,3,2120,0.0,1913,1983,16633 Westside Hwy SW,Vashon,WA 98070,USA,101,1,0.0037,3.4249,0.3701,-0.665,1.9417
2014-06-03 00:00:00,545000.0,3.0,1.75,1810,3000.0,1.5,0,0,4,1810,0.0,1903,0,4331 5th Ave NW,Seattle,WA 98107,USA,111,0,-0.3344,-0.3271,-0.0015,-0.665,2.2777
2014-06-03 00:00:00,640000.0,3.0,2.5,2370,11172.0,2.0,0,0,3,2370,0.0,1993,0,12020 SE 76th St,Newcastle,WA 98056,USA,21,0,0.2764,-0.0992,0.6699,-0.665,-0.7466
2014-06-03 00:00:00,432000.0,3.0,2.5,1970,4036.0,2.0,0,0,4,1970,0.0,2003,0,35317 SE Ridge St,Snoqualmie,WA 98065,USA,11,0,-0.1599,-0.2982,0.1903,-0.665,-1.0827
2014-06-03 00:00:00,548000.0,3.0,2.5,2110,4099.0,2.0,0,0,3,2110,0.0,2001,0,17041 128th Pl NE,Woodinville,WA 98072,USA,13,0,-0.0072,-0.2964,0.3582,-0.665,-1.0154
2014-06-03 00:00:00,830000.0,3.0,3.0,2080,10521.0,1.5,0,0,3,2080,0.0,2004,2003,8359 NE Juanita Dr,Kirkland,WA 98034,USA,10,1,-0.0399,-0.1174,0.3222,-0.665,-1.1163
2014-06-03 00:00:00,875000.0,4.0,2.25,3720,12384.0,1.0,0,2,5,1860,1860.0,1970,0,2929 200th Ave SE,Sammamish,WA 98075,USA,44,0,1.7488,-0.0654,0.0584,3.4903,0.0263
2014-06-03 00:00:00,409950.0,2.0,1.75,1370,5125.0,1.0,0,0,5,1370,0.0,1944,0,929 N 88th St,Seattle,WA 98103,USA,70,0,-0.8143,-0.2678,-0.529,-0.665,0.8999
2014-06-03 00:00:00,695000.0,4.0,2.5,2961,12146.0,2.0,0,0,3,2961,0.0,1998,2006,21548 SE 28th Ln,Sammamish,WA 98075,USA,16,1,0.9209,-0.0721,1.3784,-0.665,-0.9146
2014-06-03 00:00:00,562100.0,3.0,2.25,2090,12112.0,2.0,0,0,3,2090,0.0,1983,2009,15703 NE 113th Ct,Redmond,WA 98052,USA,31,1,-0.029,-0.073,0.3342,-0.665,-0.4106
2014-06-03 00:00:00,475000.0,3.0,2.5,2600,7210.0,2.0,0,0,3,2600,0.0,1989,0,5054 NE 23rd St,Renton,WA 98059,USA,25,0,0.5272,-0.2097,0.9456,-0.665,-0.6122
2014-06-03 00:00:00,425000.0,3.0,2.25,1870,9000.0,1.0,0,0,3,1440,430.0,1978,0,10559 NE 150th Ct,Bothell,WA 98011,USA,36,0,-0.269,-0.1598,-0.4451,0.2956,-0.2426
2014-06-03 00:00:00,600000.0,4.0,2.5,2620,9873.0,2.0,0,0,3,2620,0.0,1987,2000,2830 216th Ave SE,Issaquah,WA 98075,USA,27,1,0.549,-0.1354,0.9696,-0.665,-0.545
2014-06-03 00:00:00,770000.0,3.0,2.5,2430,54059.0,2.0,0,0,3,2430,0.0,1987,2000,15105 262nd Ave SE,Issaquah,WA 98027,USA,27,1,0.3418,1.0966,0.7418,-0.665,-0.545
2014-06-03 00:00:00,239000.0,3.0,1.75,1340,16480.0,1.0,0,0,4,1340,0.0,1968,0,26510 134th Ave SE,Kent,WA 98042,USA,46,0,-0.847,0.0488,-0.565,-0.665,0.0935
2014-06-03 00:00:00,295000.0,2.0,1.0,1170,10621.0,1.0,0,0,3,1170,0.0,1963,2008,507 Janet Ave NE,North Bend,WA 98045,USA,51,1,-1.0324,-0.1146,-0.7688,-0.665,0.2615
2014-06-03 00:00:00,560000.0,3.0,1.75,2000,10182.0,1.0,0,0,5,1400,600.0,1963,0,6110 123rd Ave NE,Kirkland,WA 98033,USA,51,0,-0.1272,-0.1268,-0.493,0.6754,0.2615
2014-06-03 00:00:00,613000.0,5.0,2.5,2070,12000.0,1.0,0,0,4,1340,730.0,1967,0,1813 177th Ave NE,Bellevue,WA 98008,USA,47,0,-0.0508,-0.0761,-0.565,0.9659,0.1271
2014-06-03 00:00:00,960000.0,4.0,3.0,4590,9150.0,2.0,0,0,3,3490,1100.0,1981,2013,13003 13th Ave NW,Seattle,WA 98177,USA,33,1,2.6976,-0.1556,2.0126,1.7925,-0.3434
2014-06-03 00:00:00,847000.0,5.0,1.0,2550,4623.0,2.5,0,0,4,2550,0.0,1905,0,805 30th Ave,Seattle,WA 98122,USA,109,0,0.4727,-0.2818,0.8857,-0.665,2.2105
2014-06-03 00:00:00,206000.0,3.0,1.0,1060,9600.0,1.0,0,0,4,1060,0.0,1962,0,35014 19th Ave SW,Federal Way,WA 98023,USA,52,0,-1.1524,-0.1431,-0.9007,-0.665,0.2951
2014-06-03 00:00:00,253000.0,2.0,1.75,1220,5000.0,1.0,0,0,5,860,360.0,1921,0,506 Wells Ave N,Renton,WA 98057,USA,93,0,-0.9779,-0.2713,-1.1404,0.1393,1.6728
2014-06-03 00:00:00,430000.0,4.0,2.25,1790,7203.0,1.0,0,0,4,1110,680.0,1973,0,19534 34th Ave NE,Lake Forest Park,WA 98155,USA,41,0,-0.3562,-0.2099,-0.8407,0.8542,-0.0746
2014-06-03 00:00:00,605000.0,3.0,2.0,2060,4040.0,1.0,0,0,4,1120,940.0,1947,1988,510 N 70th St,Seattle,WA 98103,USA,67,1,-0.0617,-0.2981,-0.8287,1.435,0.7991
2014-06-03 00:00:00,425000.0,2.0,2.5,1140,1182.0,3.0,0,0,3,1140,0.0,2007,0,2017 NW 59th St,Seattle,WA 98107,USA,7,0,-1.0651,-0.3778,-0.8047,-0.665,-1.2171
2014-06-03 00:00:00,720000.0,4.0,2.5,2870,12648.0,2.0,0,0,4,2870,0.0,1986,0,24146 SE 45th Pl,Issaquah,WA 98029,USA,28,0,0.8217,-0.0581,1.2693,-0.665,-0.5114
2014-06-03 00:00:00,375900.0,6.0,1.5,2550,33740.0,1.0,0,0,4,1750,800.0,1958,1972,31207 22nd Ave SW,Federal Way,WA 98023,USA,56,1,0.4727,0.53,-0.0734,1.1222,0.4295
2014-06-03 00:00:00,1298000.0,4.0,3.5,2790,10125.0,1.5,0,0,5,2790,0.0,1985,0,4510 89th Ave SE,Mercer Island,WA 98040,USA,29,0,0.7344,-0.1284,1.1734,-0.665,-0.4778
2014-06-03 00:00:00,210000.0,3.0,1.0,1110,7962.0,1.0,0,0,3,1110,0.0,1962,2003,11048 21st Ave SW,Seattle,WA 98146,USA,52,1,-1.0979,-0.1887,-0.8407,-0.665,0.2951
2014-06-03 00:00:00,234000.0,2.0,1.0,940,5375.0,1.0,0,0,4,940,0.0,1952,0,20214 8th Ave S,Des Moines,WA 98198,USA,62,0,-1.2833,-0.2609,-1.0445,-0.665,0.6311
2014-06-03 00:00:00,285000.0,3.0,1.75,2880,18296.0,1.0,0,0,3,1580,1300.0,1958,2004,4071 S 128th St,Tukwila,WA 98168,USA,56,1,0.8326,0.0994,-0.2772,2.2393,0.4295
2014-06-03 00:00:00,400000.0,3.0,1.5,1200,4800.0,1.0,0,0,4,1200,0.0,1962,0,15226 SE 1st Pl,Bellevue,WA 98007,USA,52,0,-0.9997,-0.2769,-0.7328,-0.665,0.2951
2014-06-03 00:00:00,718000.0,3.0,1.0,1030,4958.0,1.0,0,0,5,1030,0.0,1952,1998,4760 47th Ave NE,Seattle,WA 98105,USA,62,1,-1.1851,-0.2725,-0.9366,-0.665,0.6311
2014-06-03 00:00:00,174500.0,2.0,2.5,1240,2689.0,2.0,0,0,3,1240,0.0,1986,0,829 S 310th Pl,Federal Way,WA 98003,USA,28,0,-0.9561,-0.3358,-0.6849,-0.665,-0.5114
2014-06-03 00:00:00,222400.0,3.0,2.0,1200,9566.0,1.0,0,0,3,1200,0.0,1995,0,124 Mt Vista Pl SW,Pacific,WA 98047,USA,19,0,-0.9997,-0.144,-0.7328,-0.665,-0.8138
2014-06-03 00:00:00,402500.0,3.0,2.25,2780,4002.0,2.0,0,0,3,2780,0.0,2009,0,14806 279th Ln NE,Duvall,WA 98019,USA,5,0,0.7235,-0.2991,1.1614,-0.665,-1.2843
2014-06-03 00:00:00,250000.0,3.0,2.25,1765,7652.0,2.0,0,0,3,1765,0.0,1996,0,33015 4th Pl S,Federal Way,WA 98003,USA,18,0,-0.3835,-0.1974,-0.0555,-0.665,-0.8474
2014-06-03 00:00:00,600000.0,4.0,2.5,1960,14242.0,1.0,0,1,4,1290,670.0,1958,1972,12048 Standring Ct SW,Burien,WA 98146,USA,56,1,-0.1708,-0.0136,-0.6249,0.8318,0.4295
2014-06-03 00:00:00,930000.0,2.0,2.5,2680,11214.0,1.0,0,0,3,2680,0.0,2006,0,24035 NE Adair Rd,Redmond,WA 98053,USA,8,0,0.6145,-0.0981,1.0415,-0.665,-1.1835
2014-06-03 00:00:00,272500.0,3.0,2.0,1410,7622.0,1.0,0,0,4,1410,0.0,1983,0,14608 SE 195th Pl,Renton,WA 98058,USA,31,0,-0.7707,-0.1982,-0.4811,-0.665,-0.4106
2014-06-03 00:00:00,363990.0,4.0,2.5,2240,3712.0,2.0,0,0,3,2240,0.0,2014,0,27433-27475 211th Ct SE,Maple Valley,WA 98038,USA,0,0,0.1346,-0.3072,0.514,-0.665,-1.4523
2014-06-03 00:00:00,575000.0,4.0,2.75,3120,7644.0,2.0,0,0,3,3120,0.0,2010,0,9423 Ash Ave SE,Snoqualmie,WA 98065,USA,4,0,1.0944,-0.1976,1.569,-0.665,-1.3179
2014-06-03 00:00:00,400000.0,3.0,2.25,1450,4706.0,2.0,0,0,3,1450,0.0,2009,0,8018 NE 183rd St,Kenmore,WA 98028,USA,5,0,-0.727,-0.2795,-0.4331,-0.665,-1.2843
2014-06-03 00:00:00,427874.0,3.0,3.0,2340,5002.0,2.0,0,0,3,2340,0.0,2013,1923,897 SE 11th St,North Bend,WA 98045,USA,1,1,0.2436,-0.2713,0.6339,-0.665,-1.4187
2014-06-03 00:00:00,309000.0,5.0,2.75,2481,4045.0,2.0,0,0,3,2481,0.0,2014,0,38071 39th Ave S,Auburn,WA 98001,USA,0,0,0.3974,-0.2979,0.8029,-0.665,-1.4523
2014-06-03 00:00:00,320000.0,3.0,3.25,1530,1602.0,2.0,0,0,3,1140,390.0,2013,1923,5201 23rd Ave SW,Seattle,WA 98106,USA,1,1,-0.6398,-0.3661,-0.8047,0.2063,-1.4187
2014-06-04 00:00:00,390000.0,3.0,2.25,1250,7500.0,1.0,0,0,5,1250,0.0,1942,0,10111 32nd Pl SW,Seattle,WA 98146,USA,72,0,-0.9452,-0.2016,-0.6729,-0.665,0.9672
2014-06-04 00:00:00,299000.0,1.0,0.75,560,12120.0,1.0,0,0,3,560,0.0,1967,2011,8314 361st Ave NE,Carnation,WA 98014,USA,47,1,-1.6977,-0.0728,-1.5001,-0.665,0.1271
2014-06-04 00:00:00,375000.0,4.0,1.75,2200,7475.0,1.0,0,0,5,1100,1100.0,1955,0,6609 43rd Ave S,Seattle,WA 98118,USA,59,0,0.091,-0.2023,-0.8527,1.7925,0.5303
2014-06-04 00:00:00,240500.0,3.0,1.75,1460,10584.0,1.0,0,0,3,990,470.0,1997,0,1219 S 124th St,Seattle,WA 98168,USA,17,0,-0.7161,-0.1156,-0.9846,0.385,-0.881
2014-06-04 00:00:00,320000.0,3.0,1.5,1650,9380.0,1.0,0,0,5,1130,520.0,1978,0,16710 133rd Pl SE,Renton,WA 98058,USA,36,0,-0.5089,-0.1492,-0.8167,0.4967,-0.2426
2014-06-04 00:00:00,1270000.0,5.0,2.5,3200,17204.0,1.0,0,0,3,2160,1040.0,1952,2008,8726 NE 11th St,Bellevue,WA 98004,USA,62,1,1.1816,0.069,0.4181,1.6584,0.6311
2014-06-04 00:00:00,658588.0,3.0,2.25,2560,41346.0,2.0,0,0,3,2560,0.0,1986,0,12923 206th Ct SE,Issaquah,WA 98027,USA,28,0,0.4836,0.7421,0.8976,-0.665,-0.5114
2014-06-04 00:00:00,270000.0,3.0,2.25,2080,4252.0,1.5,0,0,3,1550,530.0,2003,0,20442 137th Ave SE,Kent,WA 98042,USA,11,0,-0.0399,-0.2922,-0.3132,0.519,-1.0827
2014-06-04 00:00:00,327500.0,3.0,1.0,1070,7140.0,1.0,0,0,3,1070,0.0,1989,0,3510 S Holly St,Seattle,WA 98118,USA,25,0,-1.1415,-0.2117,-0.8887,-0.665,-0.6122
2014-06-04 00:00:00,340000.0,3.0,1.75,2190,12626.0,2.0,0,0,4,2190,0.0,1978,2000,14000 SE 241st St,Kent,WA 98042,USA,36,1,0.08,-0.0587,0.4541,-0.665,-0.2426
2014-06-04 00:00:00,200000.0,3.0,1.5,2060,15837.0,1.5,0,0,3,2060,0.0,1903,2005,13315 88th Ave S,Renton,WA 98057,USA,111,1,-0.0617,0.0308,0.2982,-0.665,2.2777
2014-06-04 00:00:00,1025000.0,3.0,1.75,2640,8000.0,1.0,0,3,4,1320,1320.0,1960,2001,3057 70th Ave SE,Mercer Island,WA 98040,USA,54,1,0.5708,-0.1877,-0.5889,2.2839,0.3623
2014-06-04 00:00:00,275000.0,3.0,2.5,1720,8755.0,1.0,0,0,3,1000,720.0,1983,2009,31607 45th Pl SW,Federal Way,WA 98023,USA,31,1,-0.4326,-0.1666,-0.9726,0.9435,-0.4106
2014-06-04 00:00:00,1126000.0,5.0,3.5,3880,13885.0,2.0,0,3,4,2540,1340.0,1979,0,13800 SE 43rd St,Bellevue,WA 98006,USA,35,0,1.9233,-0.0236,0.8737,2.3286,-0.2762
2014-06-04 00:00:00,280000.0,2.0,1.0,960,4920.0,1.0,0,0,3,960,0.0,1942,1999,9007 4th Ave NW,Seattle,WA 98117,USA,72,1,-1.2615,-0.2736,-1.0205,-0.665,0.9672
2014-06-04 00:00:00,485000.0,3.0,2.5,2340,59058.0,1.0,0,0,3,2340,0.0,1985,0,21924 234th Ave SE,Maple Valley,WA 98038,USA,29,0,0.2436,1.236,0.6339,-0.665,-0.4778
2014-06-04 00:00:00,1901000.0,3.0,2.5,2660,13367.0,2.0,0,2,3,2660,0.0,1992,0,4612 92nd Ave NE,Yarrow Point,WA 98004,USA,22,0,0.5927,-0.038,1.0175,-0.665,-0.713
2014-06-04 00:00:00,865000.0,3.0,1.75,2090,4725.0,2.0,0,0,3,1610,480.0,1947,2013,2825 W Elmore Pl,Seattle,WA 98199,USA,67,1,-0.029,-0.279,-0.2413,0.4073,0.7991
2014-06-04 00:00:00,532000.0,3.0,2.5,1820,4910.0,2.0,0,0,3,1820,0.0,1993,0,25756 SE 41st St,Issaquah,WA 98029,USA,21,0,-0.3235,-0.2738,0.0105,-0.665,-0.7466
2014-06-04 00:00:00,364950.0,4.0,2.5,2310,8030.0,2.0,0,0,3,2310,0.0,1978,0,15929 Broadway Ave NE,Duvall,WA 98019,USA,36,0,0.2109,-0.1868,0.5979,-0.665,-0.2426
2014-06-04 00:00:00,212500.0,3.0,2.25,920,14400.0,1.0,0,0,4,920,0.0,1977,0,35632 52nd Ave S,Auburn,WA 98001,USA,37,0,-1.3051,-0.0092,-1.0685,-0.665,-0.209
2014-06-04 00:00:00,135000.0,1.0,1.0,790,13062.0,1.0,0,0,3,790,0.0,1942,1999,1641 S 124th St,Seattle,WA 98168,USA,72,1,-1.4469,-0.0465,-1.2243,-0.665,0.9672
2014-06-04 00:00:00,437000.0,2.0,1.75,1500,6800.0,1.0,0,0,4,910,590.0,1942,1982,9702 12th Ave NW,Seattle,WA 98117,USA,72,1,-0.6725,-0.2211,-1.0805,0.6531,0.9672
2014-06-04 00:00:00,390000.0,3.0,1.0,1240,11108.0,1.0,0,0,4,1240,0.0,1952,0,1348 SW 175th St,Normandy Park,WA 98166,USA,62,0,-0.9561,-0.101,-0.6849,-0.665,0.6311
2014-06-04 00:00:00,760000.0,4.0,2.5,2730,36183.0,2.0,0,0,3,2730,0.0,1986,0,11511 159th Ave NE,Redmond,WA 98052,USA,28,0,0.669,0.5981,1.1015,-0.665,-0.5114
2014-06-04 00:00:00,119500.0,3.0,1.0,1170,11000.0,1.0,0,0,2,1170,0.0,1980,0,14800 Kennedy Pl NE,Duvall,WA 98019,USA,34,0,-1.0324,-0.104,-0.7688,-0.665,-0.3098
2014-06-04 00:00:00,2400000.0,5.0,3.25,3410,9088.0,2.0,0,3,3,2760,650.0,1912,1994,309 W Prospect St,Seattle,WA 98119,USA,102,1,1.4107,-0.1573,1.1374,0.7871,1.9753
2014-06-04 00:00:00,837500.0,4.0,2.5,2700,9320.0,2.0,0,0,4,2700,0.0,1994,0,1317 5th Ln,Kirkland,WA 98033,USA,20,0,0.6363,-0.1509,1.0655,-0.665,-0.7802
2014-06-04 00:00:00,327500.0,4.0,1.75,1650,7800.0,1.0,0,0,3,1650,0.0,1968,1997,15035-15041 SE Fairwood Blvd,Renton,WA 98058,USA,46,1,-0.5089,-0.1933,-0.1933,-0.665,0.0935
2014-06-04 00:00:00,175000.0,2.0,1.0,670,2378.0,1.0,0,0,3,670,0.0,1919,2001,3021-1/2 SW Harbor Ln,Seattle,WA 98126,USA,95,1,-1.5778,-0.3444,-1.3682,-0.665,1.74
2014-06-04 00:00:00,289950.0,3.0,2.0,1670,7757.0,1.0,0,0,3,1670,0.0,1992,0,10009 SE 247th Pl,Kent,WA 98030,USA,22,0,-0.4871,-0.1944,-0.1693,-0.665,-0.713
2014-06-04 00:00:00,400000.0,3.0,1.75,1530,10731.0,1.0,0,0,3,1530,0.0,1986,0,18917 72nd Ct NE,Kenmore,WA 98028,USA,28,0,-0.6398,-0.1115,-0.3372,-0.665,-0.5114
2014-06-04 00:00:00,219950.0,3.0,2.25,1500,7615.0,1.0,0,0,3,1150,350.0,1984,0,32110 12th Pl SW,Federal Way,WA 98023,USA,30,0,-0.6725,-0.1984,-0.7928,0.1169,-0.4442
2014-06-04 00:00:00,161700.0,4.0,1.75,1720,7200.0,1.0,0,0,3,1220,500.0,1974,0,32955-32977 33rd Ave SW,Federal Way,WA 98023,USA,40,0,-0.4326,-0.21,-0.7088,0.452,-0.1082
2014-06-04 00:00:00,500000.0,5.0,3.0,2920,11440.0,2.0,0,0,3,2920,0.0,2003,0,18202 Dayton Ave N,Shoreline,WA 98133,USA,11,0,0.8762,-0.0918,1.3292,-0.665,-1.0827
2014-06-04 00:00:00,465000.0,3.0,1.0,910,4500.0,1.0,0,0,3,910,0.0,1948,1994,2915 NW 75th St,Seattle,WA 98117,USA,66,1,-1.316,-0.2853,-1.0805,-0.665,0.7655
2014-06-04 00:00:00,540000.0,3.0,1.0,1050,4160.0,1.0,0,0,4,1050,0.0,1925,1968,2511 NE 65th St,Seattle,WA 98115,USA,89,1,-1.1633,-0.2947,-0.9126,-0.665,1.5384
2014-06-04 00:00:00,525000.0,3.0,2.0,1540,7800.0,1.0,0,0,3,1540,0.0,2004,2003,10340 38th Ave NE,Seattle,WA 98125,USA,10,1,-0.6289,-0.1933,-0.3252,-0.665,-1.1163
2014-06-04 00:00:00,324950.0,3.0,1.0,1210,7440.0,1.0,0,0,3,1210,0.0,1949,1998,15243 6th Ave NE,Shoreline,WA 98155,USA,65,1,-0.9888,-0.2033,-0.7208,-0.665,0.7319
2014-06-04 00:00:00,565000.0,5.0,2.5,2650,11455.0,1.0,0,0,3,1400,1250.0,1961,2004,527 171st Pl NE,Bellevue,WA 98008,USA,53,1,0.5818,-0.0913,-0.493,2.1276,0.3287
2014-06-04 00:00:00,760500.0,3.0,2.0,1990,3990.0,1.0,0,0,5,1130,860.0,1912,0,4117 Bagley Ave N,Seattle,WA 98103,USA,102,0,-0.1381,-0.2995,-0.8167,1.2563,1.9753
2014-06-04 00:00:00,1100000.0,5.0,2.75,2660,8737.0,1.0,0,4,5,1470,1190.0,1969,0,4435 140th Ave SE,Bellevue,WA 98006,USA,45,0,0.5927,-0.1671,-0.4091,1.9935,0.0599
2014-06-04 00:00:00,603500.0,4.0,2.5,4060,9734.0,1.0,0,4,3,2150,1910.0,1977,2004,19304 65th Ave NE,Kenmore,WA 98028,USA,37,1,2.1196,-0.1393,0.4061,3.602,-0.209
2014-06-04 00:00:00,453500.0,5.0,2.5,2300,23345.0,1.0,0,0,5,1170,1130.0,1967,0,16930 SE 144th St,Renton,WA 98059,USA,47,0,0.2,0.2402,-0.7688,1.8595,0.1271
2014-06-04 00:00:00,583000.0,6.0,2.75,2630,16411.0,1.0,0,0,4,1650,980.0,1974,0,2317-2399 185th Pl NE,Redmond,WA 98052,USA,40,0,0.5599,0.0468,-0.1933,1.5244,-0.1082
2014-06-04 00:00:00,275000.0,2.0,1.0,770,8149.0,1.0,0,0,5,770,0.0,1948,1985,15346-15348 25th Ave NE,Shoreline,WA 98155,USA,66,1,-1.4687,-0.1835,-1.2483,-0.665,0.7655
2014-06-04 00:00:00,875000.0,4.0,2.75,3790,10669.0,2.0,0,0,3,3790,0.0,1999,0,1223 269th Ave SE,Sammamish,WA 98075,USA,15,0,1.8251,-0.1133,2.3723,-0.665,-0.9482
2014-06-04 00:00:00,335000.0,4.0,2.75,2540,7210.0,1.0,0,0,4,1600,940.0,1979,0,15901-15999 131st Pl SE,Renton,WA 98058,USA,35,0,0.4618,-0.2097,-0.2533,1.435,-0.2762
2014-06-04 00:00:00,646000.0,4.0,2.25,2500,8500.0,1.0,0,0,4,1600,900.0,1978,2000,4615 158th Ave SE,Bellevue,WA 98006,USA,36,1,0.4182,-0.1737,-0.2533,1.3456,-0.2426
2014-06-04 00:00:00,392500.0,4.0,2.5,2150,7303.0,2.0,0,0,3,2150,0.0,2005,0,2709 NE 22nd St,Renton,WA 98056,USA,9,0,0.0364,-0.2071,0.4061,-0.665,-1.1499
2014-06-04 00:00:00,785000.0,3.0,1.75,1670,9600.0,1.0,0,0,5,1670,0.0,1961,0,3764 79th Ave SE,Mercer Island,WA 98040,USA,53,0,-0.4871,-0.1431,-0.1693,-0.665,0.3287
2014-06-04 00:00:00,470000.0,3.0,2.0,1800,12669.0,1.0,0,0,3,1800,0.0,1956,1990,10406 126th Ave NE,Kirkland,WA 98033,USA,58,1,-0.3453,-0.0575,-0.0135,-0.665,0.4967
2014-06-04 00:00:00,560000.0,3.0,2.5,2070,12708.0,2.0,0,0,3,2070,0.0,1996,0,8203 120th Pl SE,Newcastle,WA 98056,USA,18,0,-0.0508,-0.0564,0.3102,-0.665,-0.8474
2014-06-04 00:00:00,519000.0,2.0,1.0,830,2820.0,1.0,0,0,4,830,0.0,1920,0,8216 Linden Ave N,Seattle,WA 98103,USA,94,0,-1.4033,-0.3321,-1.1764,-0.665,1.7064
2014-06-04 00:00:00,746000.0,3.0,2.25,2370,9619.0,1.0,0,0,4,1650,720.0,1973,0,18119 NE 30th St,Redmond,WA 98052,USA,41,0,0.2764,-0.1425,-0.1933,0.9435,-0.0746
2014-06-04 00:00:00,317000.0,3.0,1.0,1010,5400.0,1.0,0,0,3,1010,0.0,1959,1989,3100-3198 S Byron St,Seattle,WA 98144,USA,55,1,-1.2069,-0.2602,-0.9606,-0.665,0.3959
2014-06-04 00:00:00,371000.0,3.0,1.5,1420,4500.0,1.0,0,0,3,1420,0.0,1959,1989,2142 N 90th St,Seattle,WA 98103,USA,55,1,-0.7598,-0.2853,-0.4691,-0.665,0.3959
2014-06-04 00:00:00,250000.0,4.0,2.0,2120,8701.0,1.5,0,0,4,2120,0.0,1960,2001,2006 S 257th St,Des Moines,WA 98198,USA,54,1,0.0037,-0.1681,0.3701,-0.665,0.3623
2014-06-04 00:00:00,532000.0,4.0,1.75,2020,7029.0,1.0,0,0,4,1430,590.0,1979,0,10916 159th Ave NE,Redmond,WA 98052,USA,35,0,-0.1054,-0.2147,-0.4571,0.6531,-0.2762
2014-06-04 00:00:00,499950.0,3.0,2.5,1520,2208.0,2.0,0,0,3,1040,480.0,2007,0,2537 13th Ave W,Seattle,WA 98119,USA,7,0,-0.6507,-0.3492,-0.9246,0.4073,-1.2171
2014-06-04 00:00:00,375000.0,2.0,1.0,820,6250.0,1.0,0,0,4,820,0.0,1922,0,6018 41st Ave SW,Seattle,WA 98136,USA,92,0,-1.4142,-0.2365,-1.1884,-0.665,1.6392
2014-06-04 00:00:00,640000.0,3.0,2.5,1690,1553.0,2.5,0,0,3,1690,0.0,2007,0,2647 22nd Ave W,Seattle,WA 98199,USA,7,0,-0.4653,-0.3674,-0.1454,-0.665,-1.2171
2014-06-04 00:00:00,400000.0,3.0,2.0,2260,11305.0,1.0,0,0,3,1130,1130.0,1986,0,2811 Mill Ave S,Renton,WA 98055,USA,28,0,0.1564,-0.0955,-0.8167,1.8595,-0.5114
2014-06-04 00:00:00,572000.0,3.0,2.25,1830,7897.0,1.0,0,0,4,1290,540.0,1986,0,17801 NE 102nd Ct,Redmond,WA 98052,USA,28,0,-0.3126,-0.1905,-0.6249,0.5414,-0.5114
2014-06-04 00:00:00,310000.0,3.0,2.0,1350,11150.0,1.0,0,0,3,1110,240.0,1995,0,42321 SE 171st St,North Bend,WA 98045,USA,19,0,-0.8361,-0.0998,-0.8407,-0.1288,-0.8138
2014-06-04 00:00:00,989000.0,5.0,3.5,3280,4000.0,2.0,0,0,3,2440,840.0,2003,0,8309 30th Ave NW,Seattle,WA 98117,USA,11,0,1.2689,-0.2992,0.7538,1.2116,-1.0827
2014-06-04 00:00:00,685000.0,4.0,2.5,2770,45514.0,2.0,0,0,4,2770,0.0,1989,0,18630 NE 202nd St,Woodinville,WA 98077,USA,25,0,0.7126,0.8583,1.1494,-0.665,-0.6122
2014-06-04 00:00:00,907500.0,4.0,2.5,2770,8642.0,2.0,0,0,4,2770,0.0,1987,0,14583 NE 58th St,Bellevue,WA 98007,USA,27,0,0.7126,-0.1698,1.1494,-0.665,-0.545
2014-06-04 00:00:00,427500.0,4.0,2.5,2460,5091.0,2.0,0,0,3,2460,0.0,2003,0,SE 170th Pl,Renton,WA 98058,USA,11,0,0.3745,-0.2688,0.7778,-0.665,-1.0827
2014-06-04 00:00:00,860000.0,3.0,3.25,4720,7663.0,2.0,0,2,3,3190,1530.0,1998,2006,10510 172nd Ct SE,Renton,WA 98059,USA,16,1,2.8394,-0.1971,1.6529,2.7531,-0.9146
2014-06-04 00:00:00,365000.0,2.0,1.0,1250,8100.0,1.0,0,0,4,1250,0.0,1947,1988,13727 1st Ave NE,Seattle,WA 98125,USA,67,1,-0.9452,-0.1849,-0.6729,-0.665,0.7991
2014-06-04 00:00:00,250500.0,3.0,2.0,1710,7225.0,2.0,0,0,4,1710,0.0,1988,0,3030 SW 346th Pl,Federal Way,WA 98023,USA,26,0,-0.4435,-0.2093,-0.1214,-0.665,-0.5786
2014-06-04 00:00:00,411715.0,3.0,2.25,1840,5101.0,1.0,0,0,5,1040,800.0,1952,1998,4902 12th Ave S,Seattle,WA 98108,USA,62,1,-0.3017,-0.2685,-0.9246,1.1222,0.6311
2014-06-04 00:00:00,415000.0,4.0,2.5,2000,5962.0,2.0,0,0,3,2000,0.0,1999,0,720 N 193rd Pl,Shoreline,WA 98133,USA,15,0,-0.1272,-0.2445,0.2263,-0.665,-0.9482
2014-06-04 00:00:00,129000.0,1.0,1.0,650,15364.0,1.0,0,0,4,650,0.0,1967,0,13712 SE 256th Pl,Kent,WA 98042,USA,47,0,-1.5996,0.0177,-1.3922,-0.665,0.1271
2014-06-04 00:00:00,489000.0,3.0,1.5,1020,9072.0,1.0,0,0,3,920,100.0,1930,1997,9110 25th Ave NE,Seattle,WA 98115,USA,84,1,-1.196,-0.1578,-1.0685,-0.4416,1.3704
2014-06-04 00:00:00,170000.0,2.0,1.0,1500,18540.0,1.0,0,0,3,1500,0.0,1950,2005,14426-14598 42nd Ave S,Tukwila,WA 98168,USA,64,1,-0.6725,0.1062,-0.3732,-0.665,0.6983
2014-06-04 00:00:00,418500.0,3.0,2.5,2060,4399.0,2.0,0,0,3,2060,0.0,2007,0,34214 SE Carmichael St,Snoqualmie,WA 98065,USA,7,0,-0.0617,-0.2881,0.2982,-0.665,-1.2171
2014-06-04 00:00:00,261000.0,3.0,1.5,1810,29308.0,1.0,0,0,3,950,860.0,1983,2009,20609 SE 271st St,Covington,WA 98042,USA,31,1,-0.3344,0.4064,-1.0325,1.2563,-0.4106
2014-06-04 00:00:00,2005000.0,6.0,4.5,3810,28176.0,1.0,0,4,5,3810,0.0,1969,0,18309 17th Pl NW,Shoreline,WA 98177,USA,45,0,1.8469,0.3749,2.3962,-0.665,0.0599
2014-06-04 00:00:00,355000.0,2.0,1.75,1650,4000.0,1.0,0,0,4,950,700.0,1947,1988,4541 11th Ave S,Seattle,WA 98108,USA,67,1,-0.5089,-0.2992,-1.0325,0.8988,0.7991
2014-06-04 00:00:00,742000.0,3.0,3.25,1540,704.0,3.0,0,0,3,1540,0.0,2011,0,1820 E Howell St,Seattle,WA 98122,USA,3,0,-0.6289,-0.3911,-0.3252,-0.665,-1.3515
2014-06-04 00:00:00,399950.0,3.0,1.5,2080,5244.0,1.0,0,0,3,1190,890.0,1959,1989,11812 33rd Ave NE,Seattle,WA 98125,USA,55,1,-0.0399,-0.2645,-0.7448,1.3233,0.3959
2014-06-04 00:00:00,791000.0,3.0,2.25,2430,5500.0,2.0,0,0,3,1810,620.0,1989,0,625 8th Ave,Kirkland,WA 98033,USA,25,0,0.3418,-0.2574,-0.0015,0.7201,-0.6122
2014-06-04 00:00:00,190000.0,5.0,2.0,1750,10284.0,1.0,0,0,4,1750,0.0,1943,0,1916 Harrington Cir NE,Renton,WA 98056,USA,71,0,-0.3998,-0.124,-0.0734,-0.665,0.9336
2014-06-04 00:00:00,229500.0,3.0,1.75,1770,33224.0,1.0,0,0,4,1770,0.0,1968,0,11055 SE 295th St,Auburn,WA 98092,USA,46,0,-0.378,0.5156,-0.0495,-0.665,0.0935
2014-06-04 00:00:00,539000.0,3.0,2.5,1710,2300.0,2.0,0,0,3,1570,140.0,2005,0,7874 148th Ct NE,Redmond,WA 98052,USA,9,0,-0.4435,-0.3466,-0.2892,-0.3522,-1.1499
2014-06-04 00:00:00,549000.0,4.0,2.25,2740,88426.0,2.0,0,0,3,2740,0.0,1991,0,14324 250th Pl SE,Issaquah,WA 98027,USA,23,0,0.6799,2.0548,1.1134,-0.665,-0.6794
2014-06-04 00:00:00,545000.0,5.0,2.5,2730,17240.0,1.0,0,0,5,1660,1070.0,1958,0,18718 56th Ave NE,Kenmore,WA 98028,USA,56,0,0.669,0.07,-0.1813,1.7254,0.4295
2014-06-04 00:00:00,285000.0,3.0,2.5,2437,5136.0,2.0,0,0,3,2437,0.0,2011,0,157 Pike St NE,Auburn,WA 98002,USA,3,0,0.3494,-0.2675,0.7502,-0.665,-1.3515
2014-06-04 00:00:00,648000.0,4.0,2.5,3290,6203.0,2.0,0,0,3,3290,0.0,2008,0,36011 SE Kendall Peak St,Snoqualmie,WA 98065,USA,6,0,1.2798,-0.2378,1.7728,-0.665,-1.2507
2014-06-04 00:00:00,610000.0,4.0,3.5,2910,7663.0,2.0,0,0,3,2910,0.0,2012,1912,9311 Nye Ave SE,Snoqualmie,WA 98065,USA,2,1,0.8653,-0.1971,1.3172,-0.665,-1.3851
2014-06-04 00:00:00,767450.0,3.0,2.0,1630,7599.0,1.0,0,0,3,1630,0.0,2006,0,1464 NW 95th St,Seattle,WA 98117,USA,8,0,-0.5307,-0.1989,-0.2173,-0.665,-1.1835
2014-06-04 00:00:00,765000.0,4.0,3.0,4410,5104.0,2.0,0,0,3,3400,1010.0,2006,0,6820 Pinehurst Ave SE,Snoqualmie,WA 98065,USA,8,0,2.5013,-0.2684,1.9047,1.5914,-1.1835
2014-06-04 00:00:00,586500.0,3.0,2.5,1780,1487.0,3.0,0,0,3,1600,180.0,2006,0,3840 Evanston Ave N,Seattle,WA 98103,USA,8,0,-0.3671,-0.3693,-0.2533,-0.2629,-1.1835
2014-06-04 00:00:00,520000.0,3.0,3.25,1540,1487.0,2.0,0,0,3,1540,0.0,2011,0,886 3rd Ave NE,Issaquah,WA 98029,USA,3,0,-0.6289,-0.3693,-0.3252,-0.665,-1.3515
2014-06-04 00:00:00,455000.0,3.0,1.75,1420,1189.0,3.0,0,0,3,1420,0.0,2006,0,514 N 46th St,Seattle,WA 98103,USA,8,0,-0.7598,-0.3776,-0.4691,-0.665,-1.1835
2014-06-05 00:00:00,653000.0,3.0,2.5,2680,9750.0,1.0,0,0,4,1610,1070.0,1979,0,8236 NE 115th Way,Kirkland,WA 98034,USA,35,0,0.6145,-0.1389,-0.2413,1.7254,-0.2762
2014-06-05 00:00:00,279950.0,3.0,2.0,1750,9750.0,1.0,0,0,3,1350,400.0,1961,2004,2640 S 227th Pl,Des Moines,WA 98198,USA,53,1,-0.3998,-0.1389,-0.553,0.2286,0.3287
2014-06-05 00:00:00,449950.0,3.0,2.5,2170,4912.0,2.0,0,0,3,2170,0.0,2003,0,7546 NE 204th Pl,Kenmore,WA 98028,USA,11,0,0.0582,-0.2738,0.4301,-0.665,-1.0827
2014-06-05 00:00:00,565000.0,3.0,2.75,2390,9966.0,1.0,0,0,5,1360,1030.0,1977,0,6609 117th Ave SE,Bellevue,WA 98006,USA,37,0,0.2982,-0.1329,-0.541,1.6361,-0.209
2014-06-05 00:00:00,620000.0,4.0,2.25,2400,5350.0,1.5,0,0,4,1460,940.0,1929,0,6509 10th Ave NW,Seattle,WA 98117,USA,85,0,0.3091,-0.2616,-0.4211,1.435,1.404
2014-06-05 00:00:00,269000.0,3.0,1.0,1690,4250.0,1.0,0,0,3,1020,670.0,1967,2011,12035-12225 61st Ave S,Seattle,WA 98178,USA,47,1,-0.4653,-0.2922,-0.9486,0.8318,0.1271
2014-06-05 00:00:00,875000.0,3.0,3.5,3250,6000.0,2.0,0,0,3,2500,750.0,2001,0,5422 46th Ave SW,Seattle,WA 98136,USA,13,0,1.2362,-0.2434,0.8257,1.0105,-1.0154
2014-06-05 00:00:00,630000.0,4.0,3.75,4610,40202.0,1.0,0,0,4,2500,2110.0,1980,0,25510 SE 159th St,Issaquah,WA 98027,USA,34,0,2.7195,0.7102,0.8257,4.0488,-0.3098
2014-06-05 00:00:00,425000.0,4.0,2.75,2440,15349.0,2.0,0,1,4,2440,0.0,1957,2001,21212 Occidental Ave S,Des Moines,WA 98198,USA,57,1,0.3527,0.0172,0.7538,-0.665,0.4631
2014-06-05 00:00:00,647500.0,3.0,1.75,1290,3870.0,1.0,0,0,5,1290,0.0,1916,0,1727 Lake Washington Blvd S,Seattle,WA 98144,USA,98,0,-0.9015,-0.3028,-0.6249,-0.665,1.8408
2014-06-05 00:00:00,450000.0,4.0,1.0,2000,4676.0,1.5,0,0,3,1250,750.0,1916,1986,5421-5499 52nd Terrace S,Seattle,WA 98118,USA,98,1,-0.1272,-0.2804,-0.6729,1.0105,1.8408
2014-06-05 00:00:00,440000.0,3.0,1.0,1050,7500.0,1.0,0,0,3,1050,0.0,1900,2005,6057-6061 50th Ave SW,Seattle,WA 98136,USA,114,1,-1.1633,-0.2016,-0.9126,-0.665,2.3785
2014-06-05 00:00:00,445000.0,4.0,2.5,2340,3784.0,2.0,0,0,3,2340,0.0,2008,0,908 SW Austin St,Seattle,WA 98106,USA,6,0,0.2436,-0.3052,0.6339,-0.665,-1.2507
2014-06-05 00:00:00,530000.0,4.0,2.25,2210,7665.0,2.0,0,0,4,2210,0.0,1968,0,12807 SE 67th St,Bellevue,WA 98006,USA,46,0,0.1019,-0.197,0.478,-0.665,0.0935
2014-06-05 00:00:00,875000.0,5.0,2.5,2920,5568.0,2.0,0,0,3,2320,600.0,1906,2014,747 16th Ave E,Seattle,WA 98112,USA,108,1,0.8762,-0.2555,0.6099,0.6754,2.1769
2014-06-05 00:00:00,685000.0,3.0,2.75,3150,219978.0,2.0,0,0,4,3000,150.0,1990,0,5424 298th Ave SE,Preston,WA 98050,USA,24,0,1.1271,5.7228,1.4251,-0.3299,-0.6458
2014-06-05 00:00:00,798000.0,3.0,3.5,3590,6402.0,2.0,0,0,3,3590,0.0,1999,0,20555 NE 27th Pl,Sammamish,WA 98074,USA,15,0,1.607,-0.2322,2.1325,-0.665,-0.9482
2014-06-05 00:00:00,297500.0,4.0,2.5,1910,5000.0,2.0,0,0,3,1910,0.0,2005,0,22840 SE 269th St,Maple Valley,WA 98038,USA,9,0,-0.2253,-0.2713,0.1184,-0.665,-1.1499
2014-06-05 00:00:00,749950.0,4.0,2.75,3110,35235.0,2.0,0,0,4,3110,0.0,1983,0,18230 NE 146th Way,Woodinville,WA 98072,USA,31,0,1.0835,0.5717,1.557,-0.665,-0.4106
2014-06-05 00:00:00,495000.0,5.0,3.0,2440,4750.0,1.0,0,0,3,1450,990.0,2006,0,5954 24th Ave S,Seattle,WA 98108,USA,8,0,0.3527,-0.2783,-0.4331,1.5467,-1.1835
2014-06-05 00:00:00,540000.0,4.0,2.25,1330,8400.0,1.5,0,0,3,1330,0.0,1962,2003,136 128th Ave SE,Bellevue,WA 98005,USA,52,1,-0.8579,-0.1765,-0.577,-0.665,0.2951
2014-06-05 00:00:00,395000.0,3.0,1.75,1460,22651.0,1.0,0,0,4,1460,0.0,1961,2001,12921 231st Ave SE,Issaquah,WA 98027,USA,53,1,-0.7161,0.2208,-0.4211,-0.665,0.3287
2014-06-05 00:00:00,1300000.0,6.0,4.5,3902,3880.0,3.0,0,4,4,2782,1120.0,1977,0,2306 Halleck Ave SW,Seattle,WA 98116,USA,37,0,1.9473,-0.3026,1.1638,1.8371,-0.209
2014-06-05 00:00:00,1075000.0,5.0,4.75,5180,17811.0,2.0,0,2,3,4070,1110.0,2001,0,6766 Cascade Ave SE,Snoqualmie,WA 98065,USA,13,0,3.3411,0.0859,2.7079,1.8148,-1.0154
2014-06-05 00:00:00,214100.0,2.0,2.5,1150,2064.0,2.0,0,0,3,1150,0.0,2004,2003,27852 31st Pl S,Auburn,WA 98001,USA,10,1,-1.0542,-0.3532,-0.7928,-0.665,-1.1163
2014-06-05 00:00:00,210000.0,4.0,1.5,1920,10403.0,1.0,0,0,3,1370,0.0,1959,1989,2352 SW 338th St,Federal Way,WA 98023,USA,55,1,-0.2144,-0.1207,-0.529,-0.665,0.3959
2014-06-05 00:00:00,499500.0,3.0,2.5,2520,53143.0,1.5,0,0,3,2520,0.0,1988,2000,30929 NE Cherry Valley Rd,Duvall,WA 98019,USA,26,1,0.44,1.071,0.8497,-0.665,-0.5786
2014-06-05 00:00:00,546000.0,2.0,1.0,970,3400.0,1.0,0,0,3,970,0.0,1924,2011,2707 Queen Anne Ave N,Seattle,WA 98109,USA,90,1,-1.2506,-0.3159,-1.0086,-0.665,1.572
2014-06-05 00:00:00,292000.0,5.0,2.5,2490,7666.0,1.0,0,0,4,1490,1000.0,1989,0,12621 SE 222nd Pl,Kent,WA 98031,USA,25,0,0.4072,-0.197,-0.3851,1.569,-0.6122
2014-06-05 00:00:00,289000.0,3.0,2.0,1680,8424.0,1.0,0,0,3,1680,0.0,1993,0,710 Victor St,Enumclaw,WA 98022,USA,21,0,-0.4762,-0.1759,-0.1574,-0.665,-0.7466
2014-06-05 00:00:00,240000.0,3.0,1.0,1150,4825.0,1.0,0,0,4,1150,0.0,1957,2001,450 NE Birch St,Issaquah,WA 98027,USA,57,1,-1.0542,-0.2762,-0.7928,-0.665,0.4631
2014-06-05 00:00:00,395000.0,4.0,3.0,1980,7931.0,1.0,0,0,4,1160,820.0,1983,0,16723 Corliss Pl N,Shoreline,WA 98133,USA,31,0,-0.149,-0.1896,-0.7808,1.1669,-0.4106
2014-06-05 00:00:00,795000.0,4.0,2.25,2070,13084.0,1.0,0,0,4,1700,370.0,1967,0,4707 88th Ave SE,Mercer Island,WA 98040,USA,47,0,-0.0508,-0.0459,-0.1334,0.1616,0.1271
2014-06-05 00:00:00,955000.0,4.0,4.25,5660,193593.0,2.0,0,0,3,4100,1560.0,2001,0,12124 268th Dr NE,Duvall,WA 98019,USA,13,0,3.8646,4.9871,2.7439,2.8201,-1.0154
2014-06-05 00:00:00,725000.0,4.0,2.75,2420,10962.0,1.0,0,0,3,1530,890.0,1977,2004,1301 141st Pl NE,Bellevue,WA 98007,USA,37,1,0.3309,-0.1051,-0.3372,1.3233,-0.209
2014-06-05 00:00:00,335000.0,4.0,2.5,2610,4781.0,2.0,0,0,3,2610,0.0,2009,0,37540 32nd Pl S,Auburn,WA 98001,USA,5,0,0.5381,-0.2774,0.9576,-0.665,-1.2843
2014-06-05 00:00:00,492000.0,4.0,3.75,2810,10840.0,2.0,0,2,4,2070,740.0,1994,0,1410 SW 10th St,North Bend,WA 98045,USA,20,0,0.7563,-0.1085,0.3102,0.9882,-0.7802
2014-06-05 00:00:00,250000.0,3.0,2.5,1510,10384.0,1.0,0,0,2,1030,480.0,1976,0,17732 199th Pl NE,Woodinville,WA 98077,USA,38,0,-0.6616,-0.1212,-0.9366,0.4073,-0.1754
2014-06-05 00:00:00,700000.0,3.0,1.75,1910,4800.0,1.0,0,0,3,1080,830.0,1959,1989,7529 Bagley Ave N,Seattle,WA 98103,USA,55,1,-0.2253,-0.2769,-0.8767,1.1893,0.3959
2014-06-05 00:00:00,545000.0,3.0,1.75,1700,51649.0,1.5,0,0,5,1700,0.0,1931,0,14633 200th Ave SE,Renton,WA 98059,USA,83,0,-0.4544,1.0294,-0.1334,-0.665,1.3368
2014-06-05 00:00:00,555000.0,4.0,2.75,2020,10720.0,1.0,0,0,4,1420,600.0,1976,1992,3005 177th Ave NE,Redmond,WA 98052,USA,38,1,-0.1054,-0.1118,-0.4691,0.6754,-0.1754
2014-06-05 00:00:00,640000.0,3.0,1.75,2340,4206.0,1.0,0,0,5,1170,1170.0,1917,0,2955 36th Ave S,Seattle,WA 98144,USA,97,0,0.2436,-0.2935,-0.7688,1.9488,1.8072
2014-06-05 00:00:00,390000.0,3.0,2.0,1463,7663.0,3.0,0,0,3,1463,0.0,2003,0,7538 Roosevelt Way NE,Seattle,WA 98115,USA,11,0,-0.7129,-0.1971,-0.4175,-0.665,-1.0827
2014-06-05 00:00:00,466500.0,3.0,2.25,1430,3840.0,1.0,0,0,3,950,480.0,1945,2010,7550 19th Ave NW,Seattle,WA 98117,USA,69,1,-0.7489,-0.3037,-1.0325,0.4073,0.8663
2014-06-05 00:00:00,372500.0,3.0,1.5,1180,12324.0,1.0,0,0,3,800,380.0,1981,2013,2522 230th Ave NE,Sammamish,WA 98074,USA,33,1,-1.0215,-0.0671,-1.2124,0.1839,-0.3434
2014-06-05 00:00:00,1800000.0,5.0,4.5,4400,15580.0,2.0,0,0,3,3390,1010.0,2003,0,1404-1418 100th Ave NE,Bellevue,WA 98004,USA,11,0,2.4904,0.0237,1.8927,1.5914,-1.0827
2014-06-05 00:00:00,255000.0,3.0,2.5,1610,6176.0,2.0,0,0,3,1610,0.0,1994,0,26300 127th Ave SE,Kent,WA 98030,USA,20,0,-0.5525,-0.2385,-0.2413,-0.665,-0.7802
2014-06-05 00:00:00,466800.0,3.0,2.5,1480,14250.0,2.0,0,0,3,1480,0.0,1996,0,5811 116th Ave NE,Kirkland,WA 98033,USA,18,0,-0.6943,-0.0134,-0.3971,-0.665,-0.8474
2014-06-05 00:00:00,749000.0,3.0,2.5,2670,10338.0,2.0,0,0,3,2670,0.0,1987,2000,14583 NE 58th St,Bellevue,WA 98007,USA,27,1,0.6036,-0.1225,1.0295,-0.665,-0.545
2014-06-05 00:00:00,610000.0,4.0,1.75,1830,29110.0,2.0,0,0,3,1230,600.0,1990,2009,6194-6470 E Mercer Way,Mercer Island,WA 98040,USA,24,1,-0.3126,0.4009,-0.6968,0.6754,-0.6458
2014-06-05 00:00:00,356000.0,2.0,1.0,920,4095.0,1.0,0,0,4,920,0.0,1914,1945,5968 44th Ave S,Seattle,WA 98118,USA,100,1,-1.3051,-0.2966,-1.0685,-0.665,1.9081
2014-06-05 00:00:00,165000.0,3.0,1.0,1150,19200.0,1.0,0,0,4,1150,0.0,1908,0,36255 52nd Ave S,Auburn,WA 98001,USA,106,0,-1.0542,0.1246,-0.7928,-0.665,2.1097
2014-06-05 00:00:00,229000.0,2.0,1.0,1190,7408.0,1.0,0,0,3,830,360.0,1941,1994,10427 18th Ave S,Seattle,WA 98168,USA,73,1,-1.0106,-0.2042,-1.1764,0.1393,1.0008
2014-06-05 00:00:00,530000.0,4.0,3.25,4160,35654.0,2.0,0,0,3,2760,1400.0,1973,2013,24844 SE Mirrormont Pl,Issaquah,WA 98027,USA,41,1,2.2287,0.5834,1.1374,2.4627,-0.0746
2014-06-05 00:00:00,499950.0,3.0,2.5,2370,12753.0,2.0,0,0,3,2370,0.0,2001,0,26508 NE Kennedy Dr,Duvall,WA 98019,USA,13,0,0.2764,-0.0551,0.6699,-0.665,-1.0154
2014-06-05 00:00:00,619000.0,4.0,1.75,1660,3800.0,1.5,0,0,3,1660,0.0,1926,2003,8054 Brooklyn Ave NE,Seattle,WA 98115,USA,88,1,-0.498,-0.3048,-0.1813,-0.665,1.5048
2014-06-05 00:00:00,547000.0,3.0,2.25,1480,8381.0,1.0,0,0,4,1480,0.0,1968,0,10746 38th Ave NE,Seattle,WA 98125,USA,46,0,-0.6943,-0.1771,-0.3971,-0.665,0.0935
2014-06-05 00:00:00,359800.0,4.0,2.5,2390,6426.0,2.0,0,0,3,2390,0.0,1999,0,5608 Elizabeth Loop SE,Auburn,WA 98092,USA,15,0,0.2982,-0.2316,0.6938,-0.665,-0.9482
2014-06-05 00:00:00,499000.0,3.0,3.5,1690,1432.0,2.0,0,0,3,1360,330.0,2008,0,3427 33rd Ave W,Seattle,WA 98199,USA,6,0,-0.4653,-0.3708,-0.541,0.0722,-1.2507
2014-06-05 00:00:00,189000.0,3.0,1.0,1010,7560.0,1.0,0,0,3,1010,0.0,1958,2004,17026 124th Ave SE,Renton,WA 98058,USA,56,1,-1.2069,-0.1999,-0.9606,-0.665,0.4295
2014-06-05 00:00:00,799000.0,4.0,3.5,3500,8547.0,2.0,0,0,3,2500,1000.0,1994,0,16034 SE 47th Ln,Bellevue,WA 98006,USA,20,0,1.5088,-0.1724,0.8257,1.569,-0.7802
2014-06-05 00:00:00,257000.0,4.0,2.75,2330,7642.0,1.0,0,0,3,1800,530.0,1990,2009,2829 SW 342nd Pl,Federal Way,WA 98023,USA,24,1,0.2327,-0.1977,-0.0135,0.519,-0.6458
2014-06-05 00:00:00,270000.0,3.0,1.5,1890,9450.0,1.0,0,0,3,1090,800.0,1957,2000,13405 5th Ave SW,Burien,WA 98146,USA,57,1,-0.2471,-0.1472,-0.8647,1.1222,0.4631
2014-06-05 00:00:00,453500.0,4.0,1.75,2000,6032.0,1.0,0,2,3,1300,700.0,1959,1989,4404 SW 101st St,Seattle,WA 98146,USA,55,1,-0.1272,-0.2425,-0.6129,0.8988,0.3959
2014-06-05 00:00:00,237000.0,3.0,1.0,1130,10650.0,1.0,0,0,3,1130,0.0,1954,2005,18504 38th Ave S,SeaTac,WA 98188,USA,60,1,-1.0761,-0.1138,-0.8167,-0.665,0.5639
2014-06-05 00:00:00,456000.0,4.0,1.75,1670,9886.0,1.0,0,0,5,1670,0.0,1947,0,13205 39th Ave NE,Seattle,WA 98125,USA,67,0,-0.4871,-0.1351,-0.1693,-0.665,0.7991
2014-06-05 00:00:00,355500.0,3.0,2.5,2600,5540.0,2.0,0,0,3,2600,0.0,2004,2003,28635 226th Ave SE,Maple Valley,WA 98038,USA,10,1,0.5272,-0.2563,0.9456,-0.665,-1.1163
2014-06-05 00:00:00,299950.0,4.0,1.75,1560,31299.0,1.0,0,0,4,1560,0.0,1965,0,13228 SE 294th Pl,Auburn,WA 98092,USA,49,0,-0.6071,0.462,-0.3012,-0.665,0.1943
2014-06-05 00:00:00,335000.0,3.0,2.0,1170,5360.0,1.0,0,0,3,1170,0.0,1919,2001,9432 25th Ave SW,Seattle,WA 98106,USA,95,1,-1.0324,-0.2613,-0.7688,-0.665,1.74
2014-06-05 00:00:00,268500.0,4.0,2.5,2100,4237.0,2.0,0,0,3,2100,0.0,2006,0,12519 SE 236th Pl,Kent,WA 98031,USA,8,0,-0.0181,-0.2926,0.3462,-0.665,-1.1835
2014-06-05 00:00:00,385000.0,3.0,2.25,1710,11500.0,1.0,0,0,3,1210,500.0,1978,0,19215 58th Ave NE,Kenmore,WA 98028,USA,36,0,-0.4435,-0.0901,-0.7208,0.452,-0.2426
2014-06-05 00:00:00,376000.0,4.0,2.75,2420,5773.0,2.0,0,0,3,2420,0.0,2005,0,25025 234th Pl SE,Maple Valley,WA 98038,USA,9,0,0.3309,-0.2498,0.7298,-0.665,-1.1499
2014-06-05 00:00:00,605004.0,4.0,2.0,1370,4000.0,2.0,0,0,3,1370,0.0,1951,1994,2825 W Jameson St,Seattle,WA 98199,USA,63,1,-0.8143,-0.2992,-0.529,-0.665,0.6647
2014-06-05 00:00:00,886000.0,4.0,2.0,2660,3900.0,1.5,0,0,4,1480,1180.0,1923,0,1926 E Lynn St,Seattle,WA 98112,USA,91,0,0.5927,-0.302,-0.3971,1.9712,1.6056
2014-06-05 00:00:00,560000.0,4.0,2.5,2260,3713.0,2.0,0,0,3,2260,0.0,2003,0,13135 NE 139th St,Kirkland,WA 98034,USA,11,0,0.1564,-0.3072,0.538,-0.665,-1.0827
2014-06-05 00:00:00,343000.0,4.0,2.5,2070,4500.0,2.0,0,0,3,2070,0.0,2004,2003,28129 237th Ave SE,Maple Valley,WA 98038,USA,10,1,-0.0508,-0.2853,0.3102,-0.665,-1.1163
2014-06-05 00:00:00,1415000.0,4.0,5.25,4670,43950.0,2.0,0,0,3,4670,0.0,1989,0,6324 160th Pl SE,Bellevue,WA 98006,USA,25,0,2.7849,0.8147,3.4273,-0.665,-0.6122
2014-06-05 00:00:00,270000.0,3.0,1.0,1500,13500.0,1.0,0,0,4,1500,0.0,1968,0,20147 SE 152nd St,Renton,WA 98059,USA,46,0,-0.6725,-0.0343,-0.3732,-0.665,0.0935
2014-06-05 00:00:00,411605.0,4.0,2.5,2658,3960.0,2.0,0,0,3,2658,0.0,2014,0,2723 55th St SE,Auburn,WA 98092,USA,0,0,0.5905,-0.3003,1.0151,-0.665,-1.4523
2014-06-05 00:00:00,550000.0,4.0,2.5,2700,5150.0,2.0,0,0,3,2700,0.0,2007,0,5314 NE 17th Pl,Renton,WA 98059,USA,7,0,0.6363,-0.2671,1.0655,-0.665,-1.2171
2014-06-05 00:00:00,465000.0,3.0,2.25,1530,1245.0,2.0,0,0,3,1050,480.0,2014,0,2716 E Yesler Way,Seattle,WA 98122,USA,0,0,-0.6398,-0.376,-0.9126,0.4073,-1.4523
2014-06-05 00:00:00,584000.0,3.0,2.5,1480,1485.0,2.0,0,0,3,1280,200.0,2007,0,2027 Eastlake Ave E,Seattle,WA 98102,USA,7,0,-0.6943,-0.3693,-0.6369,-0.2182,-1.2171
2014-06-05 00:00:00,275000.0,3.0,3.0,1390,1080.0,2.0,0,0,3,1140,250.0,2006,0,4022 S Bozeman St,Seattle,WA 98118,USA,8,0,-0.7925,-0.3806,-0.8047,-0.1065,-1.1835
2014-06-05 00:00:00,324500.0,3.0,2.5,1660,7663.0,2.0,0,0,3,1660,0.0,2009,0,8132 Wolcott Ave S,Seattle,WA 98118,USA,5,0,-0.498,-0.1971,-0.1813,-0.665,-1.2843
2014-06-05 00:00:00,700000.0,3.0,2.5,2050,4185.0,2.0,0,0,3,2050,0.0,2011,0,8708 12th Ave NW,Seattle,WA 98117,USA,3,0,-0.0726,-0.294,0.2862,-0.665,-1.3515
2014-06-06 00:00:00,385200.0,4.0,1.0,1550,7740.0,1.5,0,0,3,1550,0.0,1954,2005,9014 34th Ave SW,Seattle,WA 98126,USA,60,1,-0.618,-0.1949,-0.3132,-0.665,0.5639
2014-06-06 00:00:00,270000.0,4.0,2.25,1900,8600.0,1.0,0,0,4,1900,0.0,1975,0,32624 39th Pl SW,Federal Way,WA 98023,USA,39,0,-0.2362,-0.1709,0.1064,-0.665,-0.1418
2014-06-06 00:00:00,735000.0,4.0,2.5,2820,6180.0,2.0,0,0,3,2050,770.0,2013,1923,3958 S Lucile St,Seattle,WA 98118,USA,1,1,0.7672,-0.2384,0.2862,1.0552,-1.4187
2014-06-06 00:00:00,389250.0,2.0,1.5,1490,4080.0,1.0,0,0,3,930,560.0,1956,2001,3738 SW Ida St,Seattle,WA 98126,USA,58,1,-0.6834,-0.297,-1.0565,0.5861,0.4967
2014-06-06 00:00:00,315000.0,3.0,1.5,1750,12500.0,1.0,0,0,3,1150,600.0,1954,2005,32901 SE 43rd St,Fall City,WA 98024,USA,60,1,-0.3998,-0.0622,-0.7928,0.6754,0.5639
2014-06-06 00:00:00,545000.0,4.0,2.5,2040,6034.0,2.0,0,0,3,2040,0.0,1990,2009,9106 5th Ave NE,Seattle,WA 98115,USA,24,1,-0.0836,-0.2425,0.2742,-0.665,-0.6458
2014-06-06 00:00:00,550000.0,3.0,1.5,1900,5000.0,1.5,0,0,3,1640,260.0,1926,2003,6810 31st Ave NE,Seattle,WA 98115,USA,88,1,-0.2362,-0.2713,-0.2053,-0.0841,1.5048
2014-06-06 00:00:00,415000.0,3.0,1.75,1910,12596.0,1.0,0,0,3,1340,570.0,1977,2004,15505 180 Ave NE,Woodinville,WA 98072,USA,37,1,-0.2253,-0.0595,-0.565,0.6084,-0.209
2014-06-06 00:00:00,387500.0,3.0,1.0,1560,14333.0,1.0,0,0,4,1560,0.0,1953,1983,18975 Marine View Dr SW,Normandy Park,WA 98166,USA,61,1,-0.6071,-0.0111,-0.3012,-0.665,0.5975
2014-06-06 00:00:00,432000.0,3.0,1.75,1470,6250.0,1.0,0,3,4,1070,400.0,1939,1989,3715 NE 153rd St,Lake Forest Park,WA 98155,USA,75,1,-0.7052,-0.2365,-0.8887,0.2286,1.068
2014-06-06 00:00:00,402000.0,3.0,2.5,2700,9994.0,1.0,0,3,4,1350,1350.0,1959,0,22728 10th Ave S,Des Moines,WA 98198,USA,55,0,0.6363,-0.1321,-0.553,2.351,0.3959
2014-06-06 00:00:00,1035000.0,4.0,3.25,3450,11240.0,2.0,0,3,4,2430,1020.0,1960,2001,Indian Trail,Burien,WA 98166,USA,54,1,1.4543,-0.0973,0.7418,1.6137,0.3623
2014-06-06 00:00:00,294700.0,3.0,2.0,1970,9600.0,1.0,0,0,4,1300,670.0,1967,0,2604 S 357th St,Federal Way,WA 98003,USA,47,0,-0.1599,-0.1431,-0.6129,0.8318,0.1271
2014-06-06 00:00:00,744000.0,3.0,2.5,2670,12187.0,2.0,0,0,3,2670,0.0,1986,0,6935 142nd Ct NE,Redmond,WA 98052,USA,28,0,0.6036,-0.0709,1.0295,-0.665,-0.5114
2014-06-06 00:00:00,715000.0,3.0,2.5,2550,13458.0,2.0,0,0,3,2550,0.0,1990,2009,4967 165th Pl SE,Bellevue,WA 98006,USA,24,1,0.4727,-0.0355,0.8857,-0.665,-0.6458
2014-06-06 00:00:00,500000.0,4.0,1.0,1720,4011.0,1.5,0,0,4,1720,0.0,1904,0,3004 NW 59th St,Seattle,WA 98107,USA,110,0,-0.4326,-0.2989,-0.1094,-0.665,2.2441
2014-06-06 00:00:00,1300000.0,4.0,4.0,4270,6002.0,2.0,0,3,3,3180,0.0,2004,2003,1645 30th Ave NE,Issaquah,WA 98029,USA,10,1,2.3486,-0.2434,1.6409,-0.665,-1.1163
2014-06-06 00:00:00,1150000.0,3.0,1.5,2170,7663.0,1.0,1,2,3,1130,1040.0,1979,2014,2244 West Lake Sammamish Pkwy NE,Redmond,WA 98052,USA,35,1,0.0582,-0.1971,-0.8167,1.6584,-0.2762
2014-06-06 00:00:00,650000.0,4.0,2.5,2840,9354.0,2.0,0,0,3,2840,0.0,1990,2009,1920 224th Pl NE,Sammamish,WA 98074,USA,24,1,0.789,-0.1499,1.2333,-0.665,-0.6458
2014-06-06 00:00:00,435000.0,4.0,2.75,3270,50994.0,2.0,0,0,4,2720,550.0,1983,0,19011 SE 283rd St,Kent,WA 98042,USA,31,0,1.258,1.0111,1.0895,0.5637,-0.4106
2014-06-06 00:00:00,510000.0,3.0,1.75,1480,7040.0,1.0,0,0,3,1480,0.0,1974,0,7517 128th Pl NE,Kirkland,WA 98033,USA,40,0,-0.6943,-0.2144,-0.3971,-0.665,-0.1082
2014-06-06 00:00:00,525000.0,5.0,2.75,2440,8000.0,1.0,0,0,4,1240,1200.0,1972,0,12806 NE 141st Ct,Kirkland,WA 98034,USA,42,0,0.3527,-0.1877,-0.6849,2.0159,-0.0409
2014-06-06 00:00:00,920000.0,4.0,2.75,2880,5750.0,1.5,0,0,5,1710,1170.0,1928,1970,1718 44th Ave SW,Seattle,WA 98116,USA,86,1,0.8326,-0.2504,-0.1214,1.9488,1.4376
2014-06-06 00:00:00,200000.0,2.0,1.0,1730,9610.0,1.0,0,0,3,1380,350.0,1962,2003,34033 39th Ave S,Auburn,WA 98001,USA,52,1,-0.4217,-0.1428,-0.517,0.1169,0.2951
2014-06-06 00:00:00,435000.0,2.0,1.0,1260,4080.0,1.5,0,0,5,1260,0.0,1926,0,802 NE 80th St,Seattle,WA 98115,USA,88,0,-0.9343,-0.297,-0.6609,-0.665,1.5048
2014-06-06 00:00:00,809950.0,4.0,2.0,2230,7663.0,1.5,0,0,5,2230,0.0,1959,0,12519 SE 15th St,Bellevue,WA 98005,USA,55,0,0.1237,-0.1971,0.502,-0.665,0.3959
2014-06-06 00:00:00,1370000.0,2.0,2.25,2460,16940.0,1.5,0,4,4,1930,530.0,1936,0,6827 36th Ave NW,Seattle,WA 98117,USA,78,0,0.3745,0.0616,0.1424,0.519,1.1688
2014-06-06 00:00:00,455000.0,4.0,1.75,2050,94525.0,1.0,0,0,4,1250,800.0,1959,0,17019 193rd Ave SE,Renton,WA 98058,USA,55,0,-0.0726,2.2249,-0.6729,1.1222,0.3959
2014-06-06 00:00:00,471000.0,3.0,2.5,2030,2805.0,2.0,0,0,3,1720,310.0,2001,0,23 Sunset Ct NW,Issaquah,WA 98027,USA,13,0,-0.0945,-0.3325,-0.1094,0.0276,-1.0154
2014-06-06 00:00:00,253500.0,2.0,1.0,810,4800.0,1.0,0,0,3,810,0.0,1948,1994,8850 34th Ave SW,Seattle,WA 98126,USA,66,1,-1.4251,-0.2769,-1.2004,-0.665,0.7655
2014-06-06 00:00:00,185000.0,3.0,1.0,1840,8100.0,1.0,0,0,4,920,0.0,1953,1983,16433 12th Ave SW,Burien,WA 98166,USA,61,1,-0.3017,-0.1849,-1.0685,-0.665,0.5975
2014-06-06 00:00:00,535500.0,3.0,1.5,1730,40250.0,2.0,0,0,4,1730,0.0,1983,0,16718-16726 171st Pl NE,Woodinville,WA 98072,USA,31,0,-0.4217,0.7115,-0.0974,-0.665,-0.4106
2014-06-06 00:00:00,835000.0,2.0,2.0,2280,6815.0,1.0,0,0,3,2280,0.0,2002,0,12439 235th Pl NE,Redmond,WA 98053,USA,12,0,0.1782,-0.2207,0.562,-0.665,-1.049
2014-06-06 00:00:00,589500.0,4.0,2.5,2630,6326.0,2.0,0,0,3,2630,0.0,2008,0,34917 SE Moffat St,Snoqualmie,WA 98065,USA,6,0,0.5599,-0.2343,0.9816,-0.665,-1.2507
2014-06-06 00:00:00,680000.0,3.0,2.25,2270,23900.0,1.0,0,0,3,1820,450.0,1975,0,1023 NW 166th St,Shoreline,WA 98177,USA,39,0,0.1673,0.2557,0.0105,0.3403,-0.1418
2014-06-06 00:00:00,360000.0,3.0,1.75,1020,7020.0,1.5,0,0,4,1020,0.0,1953,1983,1231 NE 148th St,Shoreline,WA 98155,USA,61,1,-1.196,-0.215,-0.9486,-0.665,0.5975
2014-06-06 00:00:00,595000.0,4.0,2.5,1990,2175.0,2.0,0,0,3,1680,310.0,2005,0,1102 NW 56th St,Seattle,WA 98107,USA,9,0,-0.1381,-0.3501,-0.1574,0.0276,-1.1499
2014-06-06 00:00:00,300000.0,4.0,2.5,2680,15508.0,2.0,0,0,3,2680,0.0,1999,0,4620 SW 333rd Ct,Federal Way,WA 98023,USA,15,0,0.6145,0.0217,1.0415,-0.665,-0.9482
2014-06-06 00:00:00,660000.0,3.0,1.75,1980,7663.0,1.5,0,0,4,1140,840.0,1926,1993,6040 27th Ave NE,Seattle,WA 98115,USA,88,1,-0.149,-0.1971,-0.8047,1.2116,1.5048
2014-06-06 00:00:00,570000.0,3.0,2.5,2400,6975.0,2.0,0,0,3,2400,0.0,1993,0,12032-12038 SE 76th St,Newcastle,WA 98056,USA,21,0,0.3091,-0.2163,0.7058,-0.665,-0.7466
2014-06-06 00:00:00,285000.0,2.0,1.0,780,5000.0,1.0,0,0,4,780,0.0,1943,0,10222 18th Ave SW,Seattle,WA 98146,USA,71,0,-1.4578,-0.2713,-1.2363,-0.665,0.9336
2014-06-06 00:00:00,435000.0,3.0,2.0,980,5000.0,1.0,0,0,3,980,0.0,1940,1996,830 Davis Pl S,Seattle,WA 98144,USA,74,1,-1.2397,-0.2713,-0.9966,-0.665,1.0344
2014-06-06 00:00:00,160000.0,3.0,1.0,1210,103237.0,1.0,0,0,2,1210,0.0,1918,1960,20505 Vashon Ave,Vashon,WA 98070,USA,96,1,-0.9888,2.4678,-0.7208,-0.665,1.7736
2014-06-06 00:00:00,805000.0,5.0,2.5,4600,19831.0,1.0,0,3,3,2300,2300.0,1956,2013,18015 15th Ave NW,Shoreline,WA 98177,USA,58,1,2.7085,0.1422,0.5859,4.4733,0.4967
2014-06-06 00:00:00,450000.0,3.0,2.5,1480,1961.0,2.0,0,0,3,1480,0.0,2005,0,2336 NE Park Dr,Issaquah,WA 98029,USA,9,0,-0.6943,-0.3561,-0.3971,-0.665,-1.1499
2014-06-06 00:00:00,510000.0,4.0,1.5,1320,14250.0,1.0,0,0,4,1320,0.0,1954,1979,11240 106th Ave NE,Kirkland,WA 98033,USA,60,1,-0.8688,-0.0134,-0.5889,-0.665,0.5639
2014-06-06 00:00:00,1120000.0,5.0,2.75,4400,18500.0,1.0,0,3,5,2250,2150.0,1963,0,15530-15998 61st Ave NE,Kenmore,WA 98028,USA,51,0,2.4904,0.1051,0.526,4.1382,0.2615
2014-06-06 00:00:00,1280000.0,4.0,3.5,3010,3600.0,2.0,0,0,3,2370,640.0,1999,0,1622 38th Ave E,Seattle,WA 98112,USA,15,0,0.9744,-0.3104,0.6699,0.7648,-0.9482
2014-06-06 00:00:00,539000.0,3.0,2.0,2260,9568.0,1.0,0,0,3,1780,480.0,1985,0,21132 NE 42nd St,Sammamish,WA 98074,USA,29,0,0.1564,-0.144,-0.0375,0.4073,-0.4778
2014-06-06 00:00:00,407193.0,4.0,2.0,1880,14653.0,2.0,0,0,3,1880,0.0,1978,0,31229 NE 111th St,Carnation,WA 98014,USA,36,0,-0.2581,-0.0022,0.0824,-0.665,-0.2426
2014-06-06 00:00:00,320000.0,3.0,1.75,1370,9900.0,1.0,0,0,4,1370,0.0,1983,0,99 17th Ave,Milton,WA 98354,USA,31,0,-0.8143,-0.1347,-0.529,-0.665,-0.4106
2014-06-06 00:00:00,739000.0,4.0,3.0,2720,3800.0,2.0,0,0,5,1800,920.0,1919,1934,6326 20th Ave NE,Seattle,WA 98115,USA,95,1,0.6581,-0.3048,-0.0135,1.3903,1.74
2014-06-06 00:00:00,452000.0,2.0,1.75,1740,5400.0,1.0,0,0,4,990,750.0,1946,1989,9411 44th Pl NE,Seattle,WA 98115,USA,68,1,-0.4107,-0.2602,-0.9846,1.0105,0.8327
2014-06-06 00:00:00,600000.0,4.0,2.5,2560,5593.0,2.0,0,0,3,2560,0.0,2001,0,22801-22899 NE 100th Pl,Redmond,WA 98053,USA,13,0,0.4836,-0.2548,0.8976,-0.665,-1.0154
2014-06-06 00:00:00,279000.0,5.0,2.5,2690,5557.0,2.0,0,0,3,2690,0.0,2012,1912,6421 S 124th St,Seattle,WA 98178,USA,2,1,0.6254,-0.2558,1.0535,-0.665,-1.3851
2014-06-06 00:00:00,895000.0,4.0,3.0,3240,5562.0,2.0,0,0,3,3240,0.0,2013,1923,1852 271st Ave SE,Sammamish,WA 98075,USA,1,1,1.2252,-0.2557,1.7129,-0.665,-1.4187
2014-06-06 00:00:00,585000.0,4.0,2.5,2430,4747.0,2.0,0,0,3,2430,0.0,2008,0,360 SE Bush St,Issaquah,WA 98027,USA,6,0,0.3418,-0.2784,0.7418,-0.665,-1.2507
2014-06-06 00:00:00,405000.0,2.0,2.0,1405,1073.0,2.0,0,0,3,1140,265.0,2007,0,1111 29th Ave,Seattle,WA 98122,USA,7,0,-0.7761,-0.3808,-0.8047,-0.073,-1.2171
2014-06-06 00:00:00,837219.0,5.0,2.75,3030,7663.0,2.0,0,0,3,3030,0.0,2014,0,1855-1899 212th Ave SE,Sammamish,WA 98075,USA,0,0,0.9962,-0.1971,1.4611,-0.665,-1.4523
2014-06-06 00:00:00,969990.0,4.0,2.5,4150,8436.0,2.0,0,0,3,4150,0.0,2014,0,3324 225th Ave SE,Sammamish,WA 98075,USA,0,0,2.2177,-0.1755,2.8038,-0.665,-1.4523
2014-06-07 00:00:00,490000.0,3.0,3.0,1730,2940.0,3.0,0,0,3,1730,0.0,1985,0,2639 NW 86th St,Seattle,WA 98117,USA,29,0,-0.4217,-0.3288,-0.0974,-0.665,-0.4778
2014-06-07 00:00:00,611000.0,6.0,2.5,3820,53173.0,1.0,0,0,4,2040,1780.0,1974,0,820 Idylwood Dr SW,Issaquah,WA 98027,USA,40,0,1.8578,1.0719,0.2742,3.3116,-0.1082
2014-06-07 00:00:00,462000.0,4.0,2.5,3070,6432.0,2.0,0,0,3,3070,0.0,2006,0,3474 Wells Ave S,Renton,WA 98055,USA,8,0,1.0398,-0.2314,1.5091,-0.665,-1.1835
2014-06-08 00:00:00,540000.0,4.0,2.5,1780,4169.0,2.0,0,0,3,1780,0.0,1994,0,25025 SE 42nd St,Issaquah,WA 98029,USA,20,0,-0.3671,-0.2945,-0.0375,-0.665,-0.7802
2014-06-08 00:00:00,260000.0,4.0,2.5,1811,4381.0,2.0,0,0,3,1811,0.0,2007,0,16603 113th Ave SE,Renton,WA 98055,USA,7,0,-0.3333,-0.2886,-0.0003,-0.665,-1.2171
2014-06-08 00:00:00,510000.0,4.0,2.25,2450,62290.0,2.0,0,0,3,2450,0.0,1976,0,18121 197th Pl NE,Woodinville,WA 98077,USA,38,0,0.3636,1.3261,0.7658,-0.665,-0.1754
2014-06-08 00:00:00,567500.0,3.0,2.5,2300,7398.0,2.0,0,0,3,2300,0.0,2001,0,7075-7131 Thompson Ave SE,Snoqualmie,WA 98065,USA,13,0,0.2,-0.2045,0.5859,-0.665,-1.0154
2014-06-08 00:00:00,445000.0,2.0,1.0,1440,3225.0,1.0,0,0,3,960,480.0,1915,0,1608 N 50th St,Seattle,WA 98103,USA,99,0,-0.7379,-0.3208,-1.0205,0.4073,1.8744
2014-06-08 00:00:00,684680.0,4.0,2.25,2370,9360.0,2.0,0,0,4,2370,0.0,1979,0,16314 NE 46th St,Redmond,WA 98052,USA,35,0,0.2764,-0.1498,0.6699,-0.665,-0.2762
2014-06-08 00:00:00,455000.0,3.0,1.0,1300,3550.0,1.5,0,0,3,1300,0.0,1927,2011,5606 8th Ave NE,Seattle,WA 98105,USA,87,1,-0.8906,-0.3118,-0.6129,-0.665,1.4712
2014-06-08 00:00:00,540000.0,5.0,3.0,2870,4369.0,2.0,0,0,3,2090,780.0,2007,0,11175 NE 162nd St,Bothell,WA 98011,USA,7,0,0.8217,-0.2889,0.3342,1.0776,-1.2171
2014-06-08 00:00:00,530000.0,3.0,2.75,3400,7200.0,2.0,0,2,3,2470,930.0,2009,0,353 Bronson Way NE,Renton,WA 98056,USA,5,0,1.3997,-0.21,0.7897,1.4127,-1.2843
2014-06-09 00:00:00,410000.0,3.0,1.0,1410,5060.0,1.0,0,0,4,910,500.0,1956,0,10711 Ashworth Ave N,Seattle,WA 98133,USA,58,0,-0.7707,-0.2696,-1.0805,0.452,0.4967
2014-06-09 00:00:00,450000.0,3.0,1.75,1640,13500.0,1.0,0,0,3,1110,530.0,1940,1996,12016 23rd Ave NE,Seattle,WA 98125,USA,74,1,-0.5198,-0.0343,-0.8407,0.519,1.0344
2014-06-09 00:00:00,609900.0,4.0,2.5,3190,7399.0,2.0,0,0,3,3190,0.0,2006,0,27465 254th Way SE,Maple Valley,WA 98038,USA,8,0,1.1707,-0.2044,1.6529,-0.665,-1.1835
2014-06-09 00:00:00,648000.0,4.0,2.5,2380,13435.0,2.0,0,0,3,2380,0.0,1992,0,3008 233rd Ave SE,Issaquah,WA 98075,USA,22,0,0.2873,-0.0361,0.6818,-0.665,-0.713
2014-06-09 00:00:00,550000.0,3.0,2.5,2260,4165.0,2.0,0,0,3,2260,0.0,2005,0,24811 SE 19th St,Sammamish,WA 98075,USA,9,0,0.1564,-0.2946,0.538,-0.665,-1.1499
2014-06-09 00:00:00,347000.0,3.0,1.75,1240,8050.0,1.0,0,0,4,1240,0.0,1978,2000,22207 Daeila Dr,Sammamish,WA 98074,USA,36,1,-0.9561,-0.1863,-0.6849,-0.665,-0.2426
2014-06-09 00:00:00,1635000.0,5.0,3.5,4220,26784.0,1.0,0,0,3,2110,2110.0,1958,2006,400 Detwiller Ln,Bellevue,WA 98004,USA,56,1,2.2941,0.3361,0.3582,4.0488,0.4295
2014-06-09 00:00:00,1339000.0,4.0,2.5,4250,19387.0,2.0,0,2,4,3260,990.0,1972,0,9426 SE 52nd St,Mercer Island,WA 98040,USA,42,0,2.3268,0.1298,1.7369,1.5467,-0.0409
2014-06-09 00:00:00,288350.0,3.0,1.5,1860,7963.0,1.0,0,0,3,1200,660.0,1963,2008,5162 S 170th St,Tukwila,WA 98188,USA,51,1,-0.2799,-0.1887,-0.7328,0.8095,0.2615
2014-06-09 00:00:00,1150000.0,3.0,2.5,2850,10474.0,1.0,0,0,4,1730,1120.0,1954,1979,9824 NE 13th St,Bellevue,WA 98004,USA,60,1,0.7999,-0.1187,-0.0974,1.8371,0.5639
2014-06-09 00:00:00,525000.0,3.0,3.0,2470,36445.0,2.0,0,0,4,2470,0.0,1980,0,25616 SE 152nd St,Issaquah,WA 98027,USA,34,0,0.3854,0.6054,0.7897,-0.665,-0.3098
2014-06-09 00:00:00,250250.0,3.0,2.25,2210,8000.0,2.0,0,0,4,2210,0.0,1969,0,3652 SW 328th St,Federal Way,WA 98023,USA,45,0,0.1019,-0.1877,0.478,-0.665,0.0599
2014-06-09 00:00:00,341000.0,4.0,1.75,1920,7665.0,1.0,0,0,4,1500,420.0,1975,0,16016 SE 173rd St,Renton,WA 98058,USA,39,0,-0.2144,-0.197,-0.3732,0.2733,-0.1418
2014-06-09 00:00:00,700000.0,4.0,3.0,3150,7778.0,2.0,0,0,3,3150,0.0,2000,0,24012 SE 13th Pl,Sammamish,WA 98075,USA,14,0,1.1271,-0.1939,1.605,-0.665,-0.9818
2014-06-09 00:00:00,390000.0,4.0,1.75,2700,7875.0,1.5,0,0,4,2700,0.0,1968,0,16518-16526 147th Ave SE,Renton,WA 98058,USA,46,0,0.6363,-0.1912,1.0655,-0.665,0.0935
2014-06-09 00:00:00,539950.0,3.0,2.25,2190,7149.0,1.0,0,1,4,1240,950.0,1963,0,3600-3698 Wells Ave N,Renton,WA 98056,USA,51,0,0.08,-0.2114,-0.6849,1.4573,0.2615
2014-06-09 00:00:00,552000.0,2.0,2.5,1380,951.0,3.0,0,0,3,1380,0.0,2006,0,5010 Greenwood Ave N,Seattle,WA 98103,USA,8,0,-0.8034,-0.3842,-0.517,-0.665,-1.1835
2014-06-09 00:00:00,250000.0,5.0,1.5,2520,5753.0,1.5,0,0,4,1510,1010.0,1928,0,2134 Montgomery Ave,Enumclaw,WA 98022,USA,86,0,0.44,-0.2503,-0.3612,1.5914,1.4376
2014-06-09 00:00:00,502000.0,3.0,1.75,1300,8800.0,1.0,0,0,4,1300,0.0,1963,0,16805 NE 12th St,Bellevue,WA 98008,USA,51,0,-0.8906,-0.1654,-0.6129,-0.665,0.2615
2014-06-09 00:00:00,480000.0,4.0,1.75,2220,6500.0,2.0,0,3,4,2220,0.0,1964,0,16905 33rd Ave SW,Burien,WA 98166,USA,50,0,0.1128,-0.2295,0.49,-0.665,0.2279
2014-06-09 00:00:00,378500.0,2.0,1.0,730,7528.0,1.0,0,0,3,730,0.0,1946,0,2048 NE 97th St,Seattle,WA 98115,USA,68,0,-1.5123,-0.2008,-1.2963,-0.665,0.8327
2014-06-09 00:00:00,1350000.0,4.0,3.25,3300,15907.0,2.0,0,0,5,3300,0.0,1985,0,9213 SE 68th St,Mercer Island,WA 98040,USA,29,0,1.2907,0.0328,1.7848,-0.665,-0.4778
2014-06-09 00:00:00,1900000.0,4.0,3.25,4130,112521.0,2.0,0,0,3,4130,0.0,1978,0,13117 NE 33rd St,Bellevue,WA 98005,USA,36,0,2.1959,2.7266,2.7799,-0.665,-0.2426
2014-06-09 00:00:00,605000.0,3.0,2.5,2670,7663.0,2.0,0,3,3,2670,0.0,1981,2013,16901-17007 NE 160th Pl,Woodinville,WA 98072,USA,33,1,0.6036,-0.1971,1.0295,-0.665,-0.3434
2014-06-09 00:00:00,307550.0,4.0,2.5,1980,5909.0,2.0,0,0,3,1980,0.0,2003,0,11717 SE 234th Pl,Kent,WA 98031,USA,11,0,-0.149,-0.246,0.2023,-0.665,-1.0827
2014-06-09 00:00:00,304700.0,2.0,1.0,740,5995.0,1.0,0,0,4,740,0.0,1949,1985,13715 Wallingford Ave N,Seattle,WA 98133,USA,65,1,-1.5014,-0.2436,-1.2843,-0.665,0.7319
2014-06-09 00:00:00,568000.0,3.0,1.75,2050,3520.0,1.0,0,0,4,1070,980.0,1977,0,5404-5410 Beach Dr SW,Seattle,WA 98136,USA,37,0,-0.0726,-0.3126,-0.8887,1.5244,-0.209
2014-06-09 00:00:00,385000.0,3.0,1.75,1230,7500.0,1.0,0,0,3,1230,0.0,1987,2000,14407 88th Ave NE,Kirkland,WA 98034,USA,27,1,-0.967,-0.2016,-0.6968,-0.665,-0.545
2014-06-09 00:00:00,345000.0,3.0,2.5,1210,1420.0,3.0,0,0,3,1210,0.0,2008,0,717 N 95th St,Seattle,WA 98103,USA,6,0,-0.9888,-0.3711,-0.7208,-0.665,-1.2507
2014-06-09 00:00:00,435000.0,3.0,2.25,1890,7200.0,1.0,0,0,4,1230,660.0,1973,0,1021 NE 120th St,Seattle,WA 98125,USA,41,0,-0.2471,-0.21,-0.6968,0.8095,-0.0746
2014-06-09 00:00:00,579000.0,2.0,2.25,1870,6275.0,1.0,0,0,3,1870,0.0,2003,0,12524 231st Ave NE,Redmond,WA 98053,USA,11,0,-0.269,-0.2358,0.0704,-0.665,-1.0827
2014-06-09 00:00:00,236000.0,3.0,1.75,1330,6301.0,1.0,0,0,3,1330,0.0,1998,2006,3802 I Pl NE,Auburn,WA 98002,USA,16,1,-0.8579,-0.235,-0.577,-0.665,-0.9146
2014-06-09 00:00:00,305100.0,3.0,2.0,1590,35988.0,1.0,0,0,4,1590,0.0,1974,0,18429 W Lake Desire Dr SE,Renton,WA 98058,USA,40,0,-0.5743,0.5927,-0.2653,-0.665,-0.1082
2014-06-09 00:00:00,368000.0,3.0,1.75,1710,10800.0,1.0,0,0,4,1710,0.0,1958,1972,15303 75th Ave NE,Kenmore,WA 98028,USA,56,1,-0.4435,-0.1096,-0.1214,-0.665,0.4295
2014-06-09 00:00:00,255000.0,2.0,1.0,1200,9000.0,1.0,0,2,5,1200,0.0,1917,0,22018 8th Pl S,Des Moines,WA 98198,USA,97,0,-0.9997,-0.1598,-0.7328,-0.665,1.8072
2014-06-09 00:00:00,400000.0,2.0,1.0,1140,5100.0,1.0,0,0,3,1140,0.0,1942,1999,3922 SW Kenyon St,Seattle,WA 98136,USA,72,1,-1.0651,-0.2685,-0.8047,-0.665,0.9672
2014-06-09 00:00:00,440000.0,3.0,1.75,2240,8153.0,1.0,0,0,3,1120,1120.0,1948,1994,13749 1st Ave NE,Seattle,WA 98125,USA,66,1,0.1346,-0.1834,-0.8287,1.8371,0.7655
2014-06-09 00:00:00,417000.0,2.0,1.0,920,6600.0,1.0,0,0,3,920,0.0,1919,2003,6321 51st Ave S,Seattle,WA 98118,USA,95,1,-1.3051,-0.2267,-1.0685,-0.665,1.74
2014-06-09 00:00:00,435000.0,2.0,1.0,800,5000.0,1.0,0,0,3,800,0.0,1906,2014,1111 NW 64th St,Seattle,WA 98107,USA,108,1,-1.436,-0.2713,-1.2124,-0.665,2.1769
2014-06-09 00:00:00,475000.0,4.0,2.75,1980,11443.0,1.0,0,0,5,1980,0.0,1952,1998,19523 53rd Ave NE,Lake Forest Park,WA 98155,USA,62,1,-0.149,-0.0917,0.2023,-0.665,0.6311
2014-06-09 00:00:00,563500.0,4.0,2.5,2800,12831.0,2.0,0,0,3,2800,0.0,2001,0,15415 279th Pl NE,Duvall,WA 98019,USA,13,0,0.7454,-0.053,1.1854,-0.665,-1.0154
2014-06-09 00:00:00,285000.0,3.0,2.25,1680,35127.0,2.0,0,0,3,1680,0.0,1987,2000,20615 SE 334th St,Auburn,WA 98092,USA,27,1,-0.4762,0.5687,-0.1574,-0.665,-0.545
2014-06-09 00:00:00,471000.0,4.0,2.5,2330,9928.0,2.0,0,0,3,2330,0.0,1998,2006,275 SE 10th Cir,North Bend,WA 98045,USA,16,1,0.2327,-0.1339,0.6219,-0.665,-0.9146
2014-06-09 00:00:00,500000.0,4.0,1.75,2240,9886.0,1.5,0,0,4,2240,0.0,1965,0,16725 NE 22nd St,Bellevue,WA 98008,USA,49,0,0.1346,-0.1351,0.514,-0.665,0.1943
2014-06-09 00:00:00,640000.0,3.0,2.5,2140,8925.0,2.0,0,0,3,2140,0.0,1991,0,23359 NE 24th Pl,Sammamish,WA 98074,USA,23,0,0.0255,-0.1619,0.3941,-0.665,-0.6794
2014-06-09 00:00:00,442500.0,4.0,2.5,2170,14024.0,2.0,0,0,3,2170,0.0,1992,0,27518 NE 147th Ln,Duvall,WA 98019,USA,22,0,0.0582,-0.0197,0.4301,-0.665,-0.713
2014-06-09 00:00:00,213400.0,3.0,1.5,1150,8686.0,1.0,0,0,4,1150,0.0,1963,0,11002 SE 180th St,Renton,WA 98055,USA,51,0,-1.0542,-0.1685,-0.7928,-0.665,0.2615
2014-06-09 00:00:00,831000.0,4.0,2.5,2030,3905.0,1.5,0,0,4,1630,400.0,1926,1993,3912 Ashworth Ave N,Seattle,WA 98103,USA,88,1,-0.0945,-0.3019,-0.2173,0.2286,1.5048
2014-06-09 00:00:00,325000.0,3.0,2.0,1350,11805.0,1.0,0,0,3,1350,0.0,1986,0,14329 275th Ave NE,Duvall,WA 98019,USA,28,0,-0.8361,-0.0816,-0.553,-0.665,-0.5114
2014-06-09 00:00:00,425000.0,2.0,1.0,910,4635.0,1.0,0,0,4,910,0.0,1905,0,6311-6399 28th Ave NW,Seattle,WA 98107,USA,109,0,-1.316,-0.2815,-1.0805,-0.665,2.2105
2014-06-09 00:00:00,550000.0,4.0,2.5,2700,5100.0,1.0,0,0,4,1440,1260.0,1968,0,3946 SW Portland St,Seattle,WA 98136,USA,46,0,0.6363,-0.2685,-0.4451,2.1499,0.0935
2014-06-09 00:00:00,599950.0,4.0,3.5,3730,15029.0,2.0,0,2,3,2440,1290.0,1991,0,24702 132nd Ct SE,Kent,WA 98042,USA,23,0,1.7597,0.0083,0.7538,2.2169,-0.6794
2014-06-09 00:00:00,1225000.0,4.0,2.5,2740,16007.0,2.0,0,0,3,2740,0.0,1984,0,2557 Medina Cir,Medina,WA 98039,USA,30,0,0.6799,0.0356,1.1134,-0.665,-0.4442
2014-06-09 00:00:00,750000.0,4.0,3.25,2050,5000.0,2.0,0,0,4,1370,680.0,1987,0,427 27th Ave E,Seattle,WA 98112,USA,27,0,-0.0726,-0.2713,-0.529,0.8542,-0.545
2014-06-09 00:00:00,290000.0,4.0,3.0,2390,4500.0,2.0,0,0,3,2390,0.0,1974,0,312 Wells Ave N,Renton,WA 98057,USA,40,0,0.2982,-0.2853,0.6938,-0.665,-0.1082
2014-06-09 00:00:00,270000.0,4.0,2.75,1990,7252.0,1.0,0,0,3,1270,720.0,1999,0,2820 V Ct SE,Auburn,WA 98002,USA,15,0,-0.1381,-0.2085,-0.6489,0.9435,-0.9482
2014-06-09 00:00:00,229950.0,4.0,1.75,1300,21000.0,1.0,0,0,4,1300,0.0,1969,0,32838 38th Ave S,Federal Way,WA 98001,USA,45,0,-0.8906,0.1748,-0.6129,-0.665,0.0599
2014-06-09 00:00:00,234999.0,3.0,1.0,1330,8912.0,1.0,0,0,3,1330,0.0,1948,1994,4725 S 172nd St,SeaTac,WA 98188,USA,66,1,-0.8579,-0.1622,-0.577,-0.665,0.7655
2014-06-09 00:00:00,265000.0,2.0,1.0,1000,31505.0,1.0,0,0,3,1000,0.0,1960,2012,32823 NE 195th St,Duvall,WA 98019,USA,54,1,-1.2178,0.4677,-0.9726,-0.665,0.3623
2014-06-09 00:00:00,367300.0,4.0,2.75,2190,14937.0,2.0,0,0,3,2190,0.0,1993,0,4816 S 277th Pl,Auburn,WA 98001,USA,21,0,0.08,0.0057,0.4541,-0.665,-0.7466
2014-06-09 00:00:00,550000.0,3.0,1.75,1380,3402.0,1.5,0,0,3,1380,0.0,1900,2000,929 24th Ave,Seattle,WA 98122,USA,114,1,-0.8034,-0.3159,-0.517,-0.665,2.3785
2014-06-09 00:00:00,743700.0,4.0,2.5,2610,33206.0,2.0,0,0,3,2610,0.0,1988,2000,21306 NE 69th Ct,Redmond,WA 98053,USA,26,1,0.5381,0.5151,0.9576,-0.665,-0.5786
2014-06-09 00:00:00,352750.0,2.0,1.75,1060,1241.0,2.0,0,0,3,960,0.0,2008,0,323 25th Ave S,Seattle,WA 98144,USA,6,0,-1.1524,-0.3761,-1.0205,-0.665,-1.2507
2014-06-09 00:00:00,403950.0,2.0,1.0,710,1136.0,2.0,0,0,4,710,0.0,1943,0,2360 Fairview Ave E,Seattle,WA 98102,USA,71,0,-1.5341,-0.3791,-1.3203,-0.665,0.9336
2014-06-09 00:00:00,980000.0,4.0,2.5,2730,4800.0,1.5,0,0,5,2230,500.0,1909,1988,2518 1st Ave W,Seattle,WA 98119,USA,105,1,0.669,-0.2769,0.502,0.452,2.0761
2014-06-09 00:00:00,585000.0,4.0,1.75,2470,131790.0,2.0,0,2,3,2470,0.0,1937,1999,18206 McLean Rd SW,Vashon,WA 98070,USA,77,1,0.3854,3.2639,0.7897,-0.665,1.1352
2014-06-09 00:00:00,554000.0,3.0,1.75,1760,10780.0,1.0,0,0,3,1760,0.0,1977,2004,1829 140th Ave SE,Bellevue,WA 98005,USA,37,1,-0.3889,-0.1102,-0.0614,-0.665,-0.209
2014-06-09 00:00:00,546000.0,3.0,2.5,1530,3464.0,2.0,0,0,3,1530,0.0,1998,2006,15004 NE 8th Pl,Bellevue,WA 98007,USA,16,1,-0.6398,-0.3141,-0.3372,-0.665,-0.9146
2014-06-09 00:00:00,280000.0,2.0,1.75,1610,158558.0,1.5,0,0,2,1610,0.0,1948,0,7704 376th Ave SE,Snoqualmie,WA 98065,USA,66,0,-0.5525,4.0103,-0.2413,-0.665,0.7655
2014-06-09 00:00:00,212500.0,2.0,2.0,1030,21712.0,1.0,0,0,4,1030,0.0,1938,0,12450 2nd Ave S,Seattle,WA 98168,USA,76,0,-1.1851,0.1947,-0.9366,-0.665,1.1016
2014-06-09 00:00:00,739000.0,4.0,2.5,2800,246114.0,2.0,0,0,3,2800,0.0,1999,0,6209 284th Way NE,Carnation,WA 98014,USA,15,0,0.7454,6.4516,1.1854,-0.665,-0.9482
2014-06-09 00:00:00,428000.0,3.0,2.0,1310,2550.0,1.0,0,0,3,780,530.0,1986,0,8519 Fremont Ave N,Seattle,WA 98103,USA,28,0,-0.8797,-0.3396,-1.2363,0.519,-0.5114
2014-06-09 00:00:00,965000.0,4.0,2.25,3160,34560.0,1.0,0,0,4,3160,0.0,1981,0,14461 156th Ave NE,Woodinville,WA 98072,USA,33,0,1.138,0.5529,1.617,-0.665,-0.3434
2014-06-09 00:00:00,364900.0,3.0,3.0,2500,8304.0,2.0,0,0,3,2500,0.0,1997,0,13124 SE 223rd Ct,Kent,WA 98031,USA,17,0,0.4182,-0.1792,0.8257,-0.665,-0.881
2014-06-09 00:00:00,559000.0,3.0,1.5,2070,5386.0,1.0,0,0,4,1140,930.0,1948,0,8328 14th Ave NW,Seattle,WA 98117,USA,66,0,-0.0508,-0.2606,-0.8047,1.4127,0.7655
2014-06-09 00:00:00,213000.0,4.0,1.75,1980,9000.0,1.0,0,0,2,1480,500.0,1978,0,32835 38th Ct SW,Federal Way,WA 98023,USA,36,0,-0.149,-0.1598,-0.3971,0.452,-0.2426
2014-06-09 00:00:00,620000.0,3.0,2.5,2590,7237.0,2.0,0,0,3,2590,0.0,2004,2003,11331 19th Ave NE,Seattle,WA 98125,USA,10,1,0.5163,-0.2089,0.9336,-0.665,-1.1163
2014-06-09 00:00:00,240000.0,4.0,1.0,1910,16320.0,1.5,0,0,3,1910,0.0,1934,1978,9817 26th Ave SW,Seattle,WA 98106,USA,80,1,-0.2253,0.0443,0.1184,-0.665,1.236
2014-06-09 00:00:00,852500.0,3.0,2.5,2630,10100.0,1.0,0,0,4,1580,1050.0,1967,0,14008 SE 45th Ct,Bellevue,WA 98006,USA,47,0,0.5599,-0.1291,-0.2772,1.6808,0.1271
2014-06-09 00:00:00,600000.0,3.0,2.5,2630,77972.0,2.0,0,0,3,2630,0.0,2004,2003,31611 NE Cherry Valley Rd,Duvall,WA 98019,USA,10,1,0.5599,1.7633,0.9816,-0.665,-1.1163
2014-06-09 00:00:00,410000.0,3.0,2.5,1960,4400.0,2.0,0,0,3,1960,0.0,2006,0,33823 SE Odell St,Snoqualmie,WA 98065,USA,8,0,-0.1708,-0.2881,0.1783,-0.665,-1.1835
2014-06-09 00:00:00,328000.0,3.0,1.75,1440,45302.0,2.0,0,0,3,1440,0.0,1977,2004,31720 NE 123rd St,Duvall,WA 98019,USA,37,1,-0.7379,0.8524,-0.4451,-0.665,-0.209
2014-06-09 00:00:00,625000.0,3.0,1.75,2210,16200.0,1.0,0,0,3,1390,820.0,1958,2004,2022 123rd Ave SE,Bellevue,WA 98005,USA,56,1,0.1019,0.041,-0.505,1.1669,0.4295
2014-06-09 00:00:00,649950.0,4.0,2.5,2350,63162.0,2.0,0,0,4,2350,0.0,1994,0,21601-21799 NE 175th St,Woodinville,WA 98077,USA,20,0,0.2546,1.3504,0.6459,-0.665,-0.7802
2014-06-09 00:00:00,235000.0,3.0,1.0,1590,13000.0,1.5,0,0,3,1590,0.0,1944,0,13726-13736 8th Ave SW,Burien,WA 98166,USA,70,0,-0.5743,-0.0483,-0.2653,-0.665,0.8999
2014-06-09 00:00:00,489000.0,3.0,3.5,1500,1249.0,2.0,0,0,3,1240,260.0,2004,2003,6008 14th Ave NW,Seattle,WA 98107,USA,10,1,-0.6725,-0.3759,-0.6849,-0.0841,-1.1163
2014-06-09 00:00:00,536000.0,3.0,2.5,1900,6224.0,2.0,0,0,3,1900,0.0,2005,0,1706 251st Pl SE,Sammamish,WA 98075,USA,9,0,-0.2362,-0.2372,0.1064,-0.665,-1.1499
2014-06-09 00:00:00,400000.0,4.0,3.5,2370,3692.0,2.5,0,0,3,2370,0.0,2013,1923,3704 NE 14th St,Renton,WA 98056,USA,1,1,0.2764,-0.3078,0.6699,-0.665,-1.4187
2014-06-09 00:00:00,398000.0,3.0,2.5,1720,1715.0,2.0,0,0,3,1240,480.0,2004,2003,6006 41st Ave SW,Seattle,WA 98136,USA,10,1,-0.4326,-0.3629,-0.6849,0.4073,-1.1163
2014-06-09 00:00:00,379000.0,4.0,1.5,2020,7560.0,1.0,0,0,4,2020,0.0,1960,2001,11303 146th Ave SE,Renton,WA 98059,USA,54,1,-0.1054,-0.1999,0.2503,-0.665,0.3623
2014-06-09 00:00:00,345000.0,2.0,1.5,1340,1210.0,2.0,0,0,3,1120,220.0,2008,0,1718-1748 21st Ave S,Seattle,WA 98144,USA,6,0,-0.847,-0.377,-0.8287,-0.1735,-1.2507
2014-06-09 00:00:00,365000.0,3.0,2.5,1800,2700.0,2.0,0,0,3,1800,0.0,2011,0,2803 SW Bataan St,Seattle,WA 98126,USA,3,0,-0.3453,-0.3355,-0.0135,-0.665,-1.3515
2014-06-09 00:00:00,315000.0,3.0,2.5,1480,1590.0,2.0,0,0,3,1150,330.0,2010,0,2202 SW Elmgrove St,Seattle,WA 98106,USA,4,0,-0.6943,-0.3664,-0.7928,0.0722,-1.3179
2014-06-10 00:00:00,571000.0,4.0,2.0,2750,7807.0,1.5,0,0,5,2250,0.0,1916,0,12042 38th Ave NE,Seattle,WA 98125,USA,98,0,0.6908,-0.1931,0.526,-0.665,1.8408
2014-06-10 00:00:00,1025000.0,5.0,4.0,3760,28040.0,2.0,0,0,3,3760,0.0,1983,2009,4143 118th Ave NE,Kirkland,WA 98033,USA,31,1,1.7924,0.3711,2.3363,-0.665,-0.4106
2014-06-10 00:00:00,695000.0,3.0,2.75,2540,4694.0,2.0,0,0,3,2540,0.0,2005,0,1306 236th Pl NE,Sammamish,WA 98074,USA,9,0,0.4618,-0.2799,0.8737,-0.665,-1.1499
2014-06-10 00:00:00,225000.0,3.0,1.75,1760,26055.0,1.0,0,0,3,920,840.0,1979,2014,18035 SE 262nd Pl,Covington,WA 98042,USA,35,1,-0.3889,0.3157,-1.0685,1.2116,-0.2762
2014-06-10 00:00:00,740000.0,3.0,2.5,3000,25341.0,2.0,0,0,3,3000,0.0,1995,0,7617 245th Way NE,Redmond,WA 98053,USA,19,0,0.9635,0.2958,1.4251,-0.665,-0.8138
2014-06-10 00:00:00,315000.0,4.0,2.5,1930,9643.0,2.0,0,0,4,1930,0.0,1992,0,12108 SE 218th Pl,Kent,WA 98031,USA,22,0,-0.2035,-0.1419,0.1424,-0.665,-0.713
2014-06-10 00:00:00,1230000.0,4.0,2.5,3040,7000.0,2.0,0,0,3,3040,0.0,2001,0,7024 SE 20th St,Mercer Island,WA 98040,USA,13,0,1.0071,-0.2156,1.4731,-0.665,-1.0154
2014-06-10 00:00:00,420000.0,2.0,1.0,860,3880.0,1.0,0,0,4,860,0.0,1916,0,7743 27th Ave NW,Seattle,WA 98117,USA,98,0,-1.3705,-0.3026,-1.1404,-0.665,1.8408
2014-06-10 00:00:00,310000.0,3.0,1.75,1420,7650.0,1.0,0,0,4,1100,320.0,1984,0,2714 NE 4th Ct,Renton,WA 98056,USA,30,0,-0.7598,-0.1974,-0.8527,0.0499,-0.4442
2014-06-10 00:00:00,700000.0,3.0,2.0,2080,3880.0,1.0,0,0,5,1160,920.0,1954,0,7735 27th Ave NW,Seattle,WA 98117,USA,60,0,-0.0399,-0.3026,-0.7808,1.3903,0.5639
2014-06-10 00:00:00,269000.0,3.0,2.5,1560,4200.0,2.0,0,0,3,1560,0.0,2003,0,23620 SE 243rd Pl,Maple Valley,WA 98038,USA,11,0,-0.6071,-0.2936,-0.3012,-0.665,-1.0827
2014-06-10 00:00:00,369990.0,4.0,2.5,1960,7133.0,2.0,0,0,3,1960,0.0,2002,0,2125 NE 6th Cir,Renton,WA 98056,USA,12,0,-0.1708,-0.2118,0.1783,-0.665,-1.049
2014-06-10 00:00:00,800000.0,3.0,2.25,1620,4500.0,2.0,0,0,4,1620,0.0,1926,1993,2565-2599 3rd Ave W,Seattle,WA 98119,USA,88,1,-0.5416,-0.2853,-0.2293,-0.665,1.5048
2014-06-10 00:00:00,569000.0,5.0,3.0,3670,10583.0,1.0,0,0,5,2060,1610.0,1952,1998,5011 NE 180th St,Lake Forest Park,WA 98155,USA,62,1,1.6942,-0.1157,0.2982,2.9318,0.6311
2014-06-10 00:00:00,175000.0,6.0,1.5,1930,8400.0,1.0,0,0,3,1030,900.0,1971,0,416 SW 130th St,Burien,WA 98146,USA,43,0,-0.2035,-0.1765,-0.9366,1.3456,-0.0073
2014-06-10 00:00:00,440000.0,3.0,1.5,1290,1286.0,3.0,0,0,3,1290,0.0,2000,0,4507 Linden Ave N,Seattle,WA 98103,USA,14,0,-0.9015,-0.3749,-0.6249,-0.665,-0.9818
2014-06-10 00:00:00,435000.0,5.0,2.25,1970,15247.0,1.0,0,0,3,1450,520.0,1986,0,4309 327th Pl SE,Fall City,WA 98024,USA,28,0,-0.1599,0.0144,-0.4331,0.4967,-0.5114
2014-06-10 00:00:00,345000.0,3.0,1.75,1540,6909.0,1.0,0,0,4,920,620.0,1955,2009,16000-16098 15th Ave NE,Shoreline,WA 98155,USA,59,1,-0.6289,-0.2181,-1.0685,0.7201,0.5303
2014-06-10 00:00:00,558000.0,4.0,2.0,2180,3870.0,1.0,0,0,3,1020,1160.0,1900,2005,729 23rd Ave,Seattle,WA 98122,USA,114,1,0.0691,-0.3028,-0.9486,1.9265,2.3785
2014-06-10 00:00:00,475000.0,2.0,1.75,1490,224334.0,1.0,0,2,3,1490,0.0,1983,2009,5050-5132 Foster Ave SE,Auburn,WA 98092,USA,31,1,-0.6834,5.8443,-0.3851,-0.665,-0.4106
2014-06-10 00:00:00,490000.0,3.0,2.0,2220,10275.0,2.0,0,0,3,1640,580.0,1980,0,15 Mt Pilchuck Ave NW,Issaquah,WA 98027,USA,34,0,0.1128,-0.1242,-0.2053,0.6307,-0.3098
2014-06-10 00:00:00,335000.0,3.0,1.75,2430,9133.0,1.0,0,0,4,1410,1020.0,1978,2000,4618 NE 22nd Pl,Renton,WA 98059,USA,36,1,0.3418,-0.1561,-0.4811,1.6137,-0.2426
2014-06-10 00:00:00,350000.0,2.0,0.75,1392,43710.0,1.5,0,0,4,1392,0.0,1978,2000,17404 94th Ave SW,Vashon,WA 98070,USA,36,1,-0.7903,0.808,-0.5026,-0.665,-0.2426
2014-06-10 00:00:00,100000.0,4.0,1.0,1120,2685.0,1.0,0,0,3,860,260.0,1939,1969,1006 N 5th St,Renton,WA 98057,USA,75,1,-1.087,-0.3359,-1.1404,-0.0841,1.068
2014-06-10 00:00:00,417500.0,4.0,1.0,1390,10800.0,1.5,0,0,4,1390,0.0,1941,1998,115 NW 132nd St,Seattle,WA 98177,USA,73,1,-0.7925,-0.1096,-0.505,-0.665,1.0008
2014-06-10 00:00:00,253000.0,3.0,1.75,2040,7281.0,1.0,0,0,3,1020,1020.0,1962,2003,4056 S 151st St,Tukwila,WA 98188,USA,52,1,-0.0836,-0.2077,-0.9486,1.6137,0.2951
2014-06-10 00:00:00,1240000.0,5.0,3.0,2830,7500.0,2.0,0,0,3,2460,370.0,1923,1998,4007 48th Ave NE,Seattle,WA 98105,USA,91,1,0.7781,-0.2016,0.7778,0.1616,1.6056
2014-06-10 00:00:00,490000.0,4.0,2.5,3020,8302.0,2.0,0,0,4,3020,0.0,1994,0,26529 161st Ave SE,Covington,WA 98042,USA,20,0,0.9853,-0.1793,1.4491,-0.665,-0.7802
2014-06-10 00:00:00,470000.0,3.0,1.75,2290,14800.0,1.0,0,0,3,1620,670.0,1965,1993,5319 NE 201st Pl,Lake Forest Park,WA 98155,USA,49,1,0.1891,0.0019,-0.2293,0.8318,0.1943
2014-06-10 00:00:00,483300.0,4.0,2.0,1210,11100.0,1.0,0,0,4,1210,0.0,1955,2009,3911 147th Ave SE,Bellevue,WA 98006,USA,59,1,-0.9888,-0.1012,-0.7208,-0.665,0.5303
2014-06-10 00:00:00,659000.0,3.0,2.5,2510,6320.0,2.0,0,0,3,2510,0.0,1996,0,2651 230th Ave SE,Sammamish,WA 98075,USA,18,0,0.4291,-0.2345,0.8377,-0.665,-0.8474
2014-06-10 00:00:00,480000.0,4.0,1.75,2320,4322.0,1.0,0,0,3,1140,1180.0,1910,2006,3149 35th Ave S,Seattle,WA 98144,USA,104,1,0.2218,-0.2902,-0.8047,1.9712,2.0425
2014-06-10 00:00:00,165000.0,3.0,1.0,970,6600.0,1.0,0,0,3,970,0.0,1965,1993,13240 Occidental Ave S,Burien,WA 98168,USA,49,1,-1.2506,-0.2267,-1.0086,-0.665,0.1943
2014-06-10 00:00:00,659500.0,3.0,1.75,1820,5500.0,1.0,0,0,4,1620,200.0,1957,2001,4115 NE 62nd St,Seattle,WA 98115,USA,57,1,-0.3235,-0.2574,-0.2293,-0.2182,0.4631
2014-06-10 00:00:00,219900.0,3.0,1.0,970,7742.0,1.0,0,0,4,970,0.0,1967,0,31716 6th Ave S,Federal Way,WA 98003,USA,47,0,-1.2506,-0.1949,-1.0086,-0.665,0.1271
2014-06-10 00:00:00,315000.0,2.0,1.0,1740,3622.0,1.0,0,0,4,950,790.0,1924,0,5237 Martin Luther King Jr Way S,Seattle,WA 98118,USA,90,0,-0.4107,-0.3097,-1.0325,1.0999,1.572
2014-06-10 00:00:00,250000.0,3.0,1.75,1590,7560.0,1.0,0,0,3,1130,460.0,1984,0,12033 SE 223rd Dr,Kent,WA 98031,USA,30,0,-0.5743,-0.1999,-0.8167,0.3627,-0.4442
2014-06-10 00:00:00,268000.0,2.0,1.0,1380,5000.0,1.0,0,0,3,870,510.0,1943,2002,3010 S Holden St,Seattle,WA 98108,USA,71,1,-0.8034,-0.2713,-1.1284,0.4744,0.9336
2014-06-10 00:00:00,380000.0,4.0,1.5,1680,11123.0,1.0,0,0,3,1130,550.0,1959,1989,236 NW 176th Pl,Shoreline,WA 98177,USA,55,1,-0.4762,-0.1006,-0.8167,0.5637,0.3959
2014-06-10 00:00:00,499000.0,2.0,1.0,1220,3000.0,1.0,0,0,3,920,300.0,1926,2003,637 NW 74th St,Seattle,WA 98117,USA,88,1,-0.9779,-0.3271,-1.0685,0.0052,1.5048
2014-06-10 00:00:00,285000.0,2.0,2.0,1651,18200.0,1.0,0,0,3,1651,0.0,1946,0,15923 Vashon Hwy SW,Vashon,WA 98070,USA,68,0,-0.5078,0.0967,-0.1921,-0.665,0.8327
2014-06-10 00:00:00,183000.0,3.0,1.75,1330,9200.0,1.0,0,0,4,1330,0.0,1973,0,3301 20th St SE,Auburn,WA 98092,USA,41,0,-0.8579,-0.1542,-0.577,-0.665,-0.0746
2014-06-10 00:00:00,1070000.0,3.0,3.0,2940,4622.0,2.0,0,0,4,2230,710.0,1988,0,4814 University View Pl NE,Seattle,WA 98105,USA,26,0,0.898,-0.2819,0.502,0.9212,-0.5786
2014-06-10 00:00:00,429000.0,3.0,3.25,1410,1246.0,3.0,0,0,3,1410,0.0,2005,0,9507 Ashworth Ave N,Seattle,WA 98103,USA,9,0,-0.7707,-0.376,-0.4811,-0.665,-1.1499
2014-06-10 00:00:00,403000.0,2.0,1.0,1100,3598.0,1.0,0,0,4,1100,0.0,1926,1993,3242 15th Ave S,Seattle,WA 98144,USA,88,1,-1.1088,-0.3104,-0.8527,-0.665,1.5048
2014-06-10 00:00:00,375500.0,3.0,1.5,1530,7200.0,1.0,0,0,3,1530,0.0,1975,0,3005 NE 194th St,Lake Forest Park,WA 98155,USA,39,0,-0.6398,-0.21,-0.3372,-0.665,-0.1418
2014-06-10 00:00:00,1795000.0,5.0,3.25,5270,17232.0,2.0,0,1,3,4010,1260.0,1977,2003,5355 84th Pl SE,Mercer Island,WA 98040,USA,37,1,3.4393,0.0697,2.636,2.1499,-0.209
2014-06-10 00:00:00,516200.0,3.0,2.0,2110,5150.0,1.0,0,0,5,1080,1030.0,1919,1934,4836 S Findlay St,Seattle,WA 98118,USA,95,1,-0.0072,-0.2671,-0.8767,1.6361,1.74
2014-06-10 00:00:00,385000.0,4.0,1.75,1720,8750.0,1.0,0,0,3,860,860.0,1971,0,9813 NE 140th St,Kirkland,WA 98034,USA,43,0,-0.4326,-0.1668,-1.1404,1.2563,-0.0073
2014-06-10 00:00:00,515000.0,3.0,2.5,1800,5001.0,2.0,0,0,3,1800,0.0,1996,0,8230 NE 125th Ct,Kirkland,WA 98034,USA,18,0,-0.3453,-0.2713,-0.0135,-0.665,-0.8474
2014-06-10 00:00:00,375000.0,4.0,2.5,2210,9427.0,2.0,0,0,3,2210,0.0,1999,0,475 S 190th St,Burien,WA 98148,USA,15,0,0.1019,-0.1479,0.478,-0.665,-0.9482
2014-06-10 00:00:00,650000.0,4.0,2.25,2560,9731.0,2.0,0,0,4,2560,0.0,1973,0,7014 NE 139th St,Kirkland,WA 98034,USA,41,0,0.4836,-0.1394,0.8976,-0.665,-0.0746
2014-06-10 00:00:00,306888.0,2.0,1.5,1010,7719.0,2.0,0,0,3,1010,0.0,1981,2013,2314 Blaine Ave NE,Renton,WA 98056,USA,33,1,-1.2069,-0.1955,-0.9606,-0.665,-0.3434
2014-06-10 00:00:00,870000.0,4.0,2.5,3340,12248.0,2.0,0,1,3,2470,870.0,1998,2006,1919 Fairmount Ave SW,Seattle,WA 98126,USA,16,1,1.3343,-0.0692,0.7897,1.2786,-0.9146
2014-06-10 00:00:00,310000.0,4.0,1.0,1740,11075.0,1.5,0,0,3,1740,0.0,1965,1993,2109 N 161st Pl,Shoreline,WA 98133,USA,49,1,-0.4107,-0.1019,-0.0854,-0.665,0.1943
2014-06-10 00:00:00,251750.0,3.0,2.0,1320,7663.0,1.0,0,0,5,1320,0.0,1975,0,12526 SE 232nd St,Kent,WA 98031,USA,39,0,-0.8688,-0.1971,-0.5889,-0.665,-0.1418
2014-06-10 00:00:00,366000.0,3.0,1.75,1520,8625.0,1.0,0,0,3,1520,0.0,1976,0,19223 89th Ave NE,Bothell,WA 98011,USA,38,0,-0.6507,-0.1702,-0.3492,-0.665,-0.1754
2014-06-10 00:00:00,429950.0,3.0,1.5,2010,9480.0,1.0,0,0,3,1570,440.0,1951,1994,11049 Sand Point Way NE,Seattle,WA 98125,USA,63,1,-0.1163,-0.1464,-0.2892,0.318,0.6647
2014-06-10 00:00:00,710000.0,3.0,3.5,2440,3427.0,2.0,0,0,3,1990,450.0,2000,0,2469 132nd Ave SE,Bellevue,WA 98005,USA,14,0,0.3527,-0.3152,0.2143,0.3403,-0.9818
2014-06-10 00:00:00,895000.0,5.0,2.5,2550,20875.0,1.0,0,0,4,1610,940.0,1953,1983,11034 NE 26th Pl,Bellevue,WA 98004,USA,61,1,0.4727,0.1713,-0.2413,1.435,0.5975
2014-06-10 00:00:00,149500.0,3.0,2.25,1010,9450.0,1.0,0,0,4,1010,0.0,1959,0,27019 15th Ave S,Des Moines,WA 98198,USA,55,0,-1.2069,-0.1472,-0.9606,-0.665,0.3959
2014-06-10 00:00:00,310000.0,3.0,2.5,1780,7663.0,1.0,0,0,3,1230,550.0,1990,2009,8833 14th Ave SW,Seattle,WA 98106,USA,24,1,-0.3671,-0.1971,-0.6968,0.5637,-0.6458
2014-06-10 00:00:00,555000.0,3.0,2.0,2180,4976.0,1.5,0,2,4,1680,500.0,1930,0,3763 SW Hinds St,Seattle,WA 98126,USA,84,0,0.0691,-0.272,-0.1574,0.452,1.3704
2014-06-10 00:00:00,750000.0,5.0,3.25,2750,7500.0,2.0,0,1,3,2150,600.0,1937,1997,10237 NE 64th St,Kirkland,WA 98033,USA,77,1,0.6908,-0.2016,0.4061,0.6754,1.1352
2014-06-10 00:00:00,745000.0,4.0,3.25,3490,7024.0,2.0,0,0,3,3490,0.0,2006,0,27520 SE 28th Ct,Sammamish,WA 98075,USA,8,0,1.4979,-0.2149,2.0126,-0.665,-1.1835
2014-06-10 00:00:00,695000.0,3.0,2.5,2550,45254.0,2.0,0,0,3,2550,0.0,2001,0,4792-4798 281st Ave NE,Redmond,WA 98053,USA,13,0,0.4727,0.8511,0.8857,-0.665,-1.0154
2014-06-10 00:00:00,433000.0,3.0,1.75,1870,7663.0,1.0,0,0,3,1270,600.0,1959,1989,6811 51st Ave S,Seattle,WA 98118,USA,55,1,-0.269,-0.1971,-0.6489,0.6754,0.3959
2014-06-10 00:00:00,307000.0,4.0,1.0,1150,8184.0,1.5,0,0,3,1150,0.0,1947,2012,15562 9th Ave NE,Shoreline,WA 98155,USA,67,1,-1.0542,-0.1825,-0.7928,-0.665,0.7991
2014-06-10 00:00:00,655275.0,3.0,1.75,2050,11856.0,1.0,0,0,3,1460,590.0,1962,2003,4040 134th Ave SE,Bellevue,WA 98006,USA,52,1,-0.0726,-0.0802,-0.4211,0.6531,0.2951
2014-06-10 00:00:00,392000.0,4.0,2.75,1940,6555.0,2.0,0,0,3,1940,0.0,1990,2009,25804-25810 Lake Wilderness Country Club Dr SE,Maple Valley,WA 98038,USA,24,1,-0.1926,-0.228,0.1543,-0.665,-0.6458
2014-06-10 00:00:00,1180000.0,5.0,3.75,3630,6000.0,1.5,0,0,3,2470,1160.0,2004,2003,810 5th St,Kirkland,WA 98033,USA,10,1,1.6506,-0.2434,0.7897,1.9265,-1.1163
2014-06-10 00:00:00,359950.0,3.0,1.75,1890,9100.0,2.0,0,0,4,1890,0.0,1952,0,1633 N 192nd St,Shoreline,WA 98133,USA,62,0,-0.2471,-0.157,0.0944,-0.665,0.6311
2014-06-10 00:00:00,360000.0,4.0,2.0,1630,10375.0,1.0,0,0,5,1630,0.0,1968,0,17602 197th Pl NE,Woodinville,WA 98077,USA,46,0,-0.5307,-0.1215,-0.2173,-0.665,0.0935
2014-06-10 00:00:00,566000.0,4.0,1.75,2440,5000.0,1.0,0,0,3,1340,1100.0,1954,2005,7328 12th Ave NW,Seattle,WA 98117,USA,60,1,0.3527,-0.2713,-0.565,1.7925,0.5639
2014-06-10 00:00:00,700000.0,5.0,2.75,3100,9825.0,2.0,0,2,4,3100,0.0,1950,1982,4251 NE 125th St,Seattle,WA 98125,USA,64,1,1.0726,-0.1368,1.545,-0.665,0.6983
2014-06-10 00:00:00,415000.0,3.0,2.5,2090,6045.0,2.0,0,0,3,2090,0.0,2000,0,3307 NE 7th St,Renton,WA 98056,USA,14,0,-0.029,-0.2422,0.3342,-0.665,-0.9818
2014-06-10 00:00:00,199500.0,3.0,1.0,920,9812.0,1.0,0,0,4,920,0.0,1962,0,34021 40th Ave S,Auburn,WA 98001,USA,52,0,-1.3051,-0.1372,-1.0685,-0.665,0.2951
2014-06-10 00:00:00,749000.0,3.0,1.0,1580,5000.0,1.5,0,0,3,1580,0.0,1926,2003,7526 Jones Ave NW,Seattle,WA 98117,USA,88,1,-0.5853,-0.2713,-0.2772,-0.665,1.5048
2014-06-10 00:00:00,680000.0,3.0,1.75,1760,8400.0,1.0,0,0,4,1460,300.0,1960,2001,7510 45th Ave SW,Seattle,WA 98136,USA,54,1,-0.3889,-0.1765,-0.4211,0.0052,0.3623
2014-06-10 00:00:00,400000.0,4.0,2.5,2530,7563.0,1.0,0,0,3,1440,1090.0,1978,0,9808 NE 204th Pl,Bothell,WA 98011,USA,36,0,0.4509,-0.1999,-0.4451,1.7701,-0.2426
2014-06-10 00:00:00,608000.0,4.0,2.75,2490,7663.0,1.0,0,0,4,1400,1090.0,1983,0,10500-10598 NE 168th St,Bothell,WA 98011,USA,31,0,0.4072,-0.1971,-0.493,1.7701,-0.4106
2014-06-10 00:00:00,589900.0,4.0,4.5,3870,35889.0,2.0,0,0,3,2530,1340.0,2001,0,24718 SE Mirrormont Dr,Issaquah,WA 98027,USA,13,0,1.9124,0.5899,0.8617,2.3286,-1.0154
2014-06-10 00:00:00,480000.0,5.0,2.5,2732,9500.0,1.0,0,2,4,1870,862.0,1975,0,1006 S 286th Pl,Federal Way,WA 98003,USA,39,0,0.6712,-0.1458,0.0704,1.2607,-0.1418
2014-06-10 00:00:00,1059500.0,5.0,3.25,3230,3825.0,2.0,0,0,3,2480,750.0,2014,0,6729 Earl Ave NW,Seattle,WA 98117,USA,0,0,1.2143,-0.3041,0.8017,1.0105,-1.4523
2014-06-10 00:00:00,915000.0,6.0,3.75,2930,14980.0,2.0,0,3,3,2930,0.0,2013,1923,6478 167th Ln SE,Bellevue,WA 98006,USA,1,1,0.8871,0.0069,1.3412,-0.665,-1.4187
2014-06-10 00:00:00,695000.0,4.0,3.5,3510,9364.0,2.0,0,0,3,3510,0.0,2001,0,34809 SE Garden Ct,Snoqualmie,WA 98065,USA,13,0,1.5197,-0.1496,2.0366,-0.665,-1.0154
2014-06-10 00:00:00,899900.0,4.0,2.5,2580,3909.0,2.0,0,0,3,2580,0.0,2013,1923,1235 Market St,Kirkland,WA 98033,USA,1,1,0.5054,-0.3017,0.9216,-0.665,-1.4187
2014-06-10 00:00:00,499950.0,2.0,2.25,1060,1208.0,2.0,0,0,3,940,120.0,2005,0,2008 Yale Ave E,Seattle,WA 98102,USA,9,0,-1.1524,-0.3771,-1.0445,-0.3969,-1.1499
2014-06-10 00:00:00,533112.0,4.0,2.75,2790,8853.0,2.0,0,0,3,2790,0.0,2013,1923,1030 SE 10th St,North Bend,WA 98045,USA,1,1,0.7344,-0.1639,1.1734,-0.665,-1.4187
2014-06-10 00:00:00,303210.0,4.0,2.5,2009,5000.0,2.0,0,0,3,2009,0.0,2014,0,2411 57th St SE,Auburn,WA 98092,USA,0,0,-0.1174,-0.2713,0.2371,-0.665,-1.4523
2014-06-10 00:00:00,525000.0,5.0,2.25,2880,8364.0,2.0,0,0,3,2880,0.0,2006,0,407 Kitsap Ave NE,Renton,WA 98059,USA,8,0,0.8326,-0.1775,1.2813,-0.665,-1.1835
2014-06-10 00:00:00,399950.0,2.0,1.0,710,1157.0,2.0,0,0,4,710,0.0,1943,0,2358 Fairview Ave E,Seattle,WA 98102,USA,71,0,-1.5341,-0.3785,-1.3203,-0.665,0.9336
2014-06-11 00:00:00,850830.0,3.0,2.5,2070,13241.0,1.5,0,0,5,1270,800.0,1910,0,2505 Boyer Ave E,Seattle,WA 98102,USA,104,0,-0.0508,-0.0415,-0.6489,1.1222,2.0425
2014-06-11 00:00:00,371500.0,3.0,2.0,1370,8336.0,1.0,0,0,5,1370,0.0,1964,0,2320 N 161st St,Shoreline,WA 98133,USA,50,0,-0.8143,-0.1783,-0.529,-0.665,0.2279
2014-06-11 00:00:00,522000.0,3.0,1.75,1730,8400.0,1.0,0,0,4,1400,330.0,1980,0,8605 169th Ct NE,Redmond,WA 98052,USA,34,0,-0.4217,-0.1765,-0.493,0.0722,-0.3098
2014-06-11 00:00:00,588000.0,4.0,2.0,1680,5000.0,1.0,0,0,3,980,700.0,1950,2005,7734 39th Ave NE,Seattle,WA 98115,USA,64,1,-0.4762,-0.2713,-0.9966,0.8988,0.6983
2014-06-11 00:00:00,276900.0,2.0,1.0,1350,10096.0,1.0,0,2,4,1350,0.0,1952,0,428 Orchard Ave NE,North Bend,WA 98045,USA,62,0,-0.8361,-0.1292,-0.553,-0.665,0.6311
2014-06-11 00:00:00,248000.0,5.0,2.25,1510,9078.0,1.0,0,0,4,1510,0.0,1959,0,2052 S 132nd St,SeaTac,WA 98168,USA,55,0,-0.6616,-0.1576,-0.3612,-0.665,0.3959
2014-06-11 00:00:00,280000.0,3.0,2.5,1860,6607.0,2.0,0,0,3,1860,0.0,1989,0,1206 SW 349th St,Federal Way,WA 98023,USA,25,0,-0.2799,-0.2265,0.0584,-0.665,-0.6122
2014-06-11 00:00:00,495000.0,6.0,5.0,3440,4500.0,2.0,0,0,3,3280,160.0,2007,0,321 Hardie Ave NW,Renton,WA 98057,USA,7,0,1.4434,-0.2853,1.7608,-0.3076,-1.2171
2014-06-11 00:00:00,665000.0,6.0,3.0,4250,4400.0,2.5,0,0,4,3020,1230.0,1902,0,3907 S Edmunds St,Seattle,WA 98118,USA,112,0,2.3268,-0.2881,1.4491,2.0829,2.3113
2014-06-11 00:00:00,290300.0,2.0,1.0,860,3874.0,1.0,0,0,4,860,0.0,1931,0,915 N 1st St,Renton,WA 98057,USA,83,0,-1.3705,-0.3027,-1.1404,-0.665,1.3368
2014-06-11 00:00:00,527000.0,2.0,1.75,1640,4080.0,1.0,0,0,3,840,800.0,1921,2000,4746 Thackeray Pl NE,Seattle,WA 98105,USA,93,1,-0.5198,-0.297,-1.1644,1.1222,1.6728
2014-06-11 00:00:00,487028.0,2.0,1.5,1295,1093.0,2.0,0,0,3,1105,190.0,2007,0,2514 E Denny Way,Seattle,WA 98122,USA,7,0,-0.8961,-0.3803,-0.8467,-0.2405,-1.2171
2014-06-11 00:00:00,325000.0,3.0,1.75,1790,27427.0,1.0,0,0,3,1130,660.0,1978,0,43404 SE 76th St,Snoqualmie,WA 98065,USA,36,0,-0.3562,0.354,-0.8167,0.8095,-0.2426
2014-06-11 00:00:00,799000.0,3.0,1.5,2210,6300.0,1.5,0,0,5,2210,0.0,1916,0,1422 33rd Ave S,Seattle,WA 98144,USA,98,0,0.1019,-0.2351,0.478,-0.665,1.8408
2014-06-11 00:00:00,354000.0,3.0,1.0,940,10368.0,1.0,0,0,3,940,0.0,1965,1993,15550 NE 60th St,Redmond,WA 98052,USA,49,1,-1.2833,-0.1216,-1.0445,-0.665,0.1943
2014-06-11 00:00:00,262500.0,3.0,1.5,1160,8906.0,1.0,0,0,3,1160,0.0,1962,2003,7327 33rd Ave S,Seattle,WA 98118,USA,52,1,-1.0433,-0.1624,-0.7808,-0.665,0.2951
2014-06-11 00:00:00,560200.0,3.0,2.5,1990,3984.0,2.0,0,0,3,1990,0.0,2004,2003,24134 SE 20th St,Sammamish,WA 98075,USA,10,1,-0.1381,-0.2997,0.2143,-0.665,-1.1163
2014-06-11 00:00:00,220000.0,3.0,1.0,1050,6300.0,1.0,0,0,3,1050,0.0,1942,1999,10102 33rd Ave SW,Seattle,WA 98146,USA,72,1,-1.1633,-0.2351,-0.9126,-0.665,0.9672
2014-06-11 00:00:00,650000.0,2.0,1.0,1030,5750.0,1.0,0,0,5,1030,0.0,1928,1970,1923 46th Ave SW,Seattle,WA 98116,USA,86,1,-1.1851,-0.2504,-0.9366,-0.665,1.4376
2014-06-11 00:00:00,435000.0,3.0,2.5,1420,2581.0,3.0,0,0,3,1420,0.0,2004,2003,136 N 101st St,Seattle,WA 98133,USA,10,1,-0.7598,-0.3388,-0.4691,-0.665,-1.1163
2014-06-11 00:00:00,800000.0,4.0,2.25,2690,4000.0,2.0,0,3,4,2120,570.0,1909,1989,2537 11th Ave W,Seattle,WA 98119,USA,105,1,0.6254,-0.2992,0.3701,0.6084,2.0761
2014-06-11 00:00:00,1010000.0,4.0,2.5,3760,29224.0,2.0,0,0,3,3760,0.0,1987,2000,15736 NE 134th St,Redmond,WA 98052,USA,27,1,1.7924,0.4041,2.3363,-0.665,-0.545
2014-06-11 00:00:00,200000.0,2.0,1.0,700,4700.0,1.0,0,0,5,700,0.0,1953,0,751 Redmond Ave NE,Renton,WA 98056,USA,61,0,-1.545,-0.2797,-1.3322,-0.665,0.5975
2014-06-11 00:00:00,295000.0,5.0,3.5,2100,5107.0,2.0,0,0,3,1410,690.0,1999,0,10026 61st Ave S,Seattle,WA 98178,USA,15,0,-0.0181,-0.2683,-0.4811,0.8765,-0.9482
2014-06-11 00:00:00,580379.0,4.0,2.75,2240,27820.0,1.5,0,0,4,2240,0.0,1976,1992,21404 SE 19th St,Sammamish,WA 98075,USA,38,1,0.1346,0.365,0.514,-0.665,-0.1754
2014-06-11 00:00:00,875000.0,4.0,2.5,3470,32109.0,2.0,0,0,3,3470,0.0,1995,0,22618 NE 143rd Ct,Woodinville,WA 98077,USA,19,0,1.4761,0.4845,1.9886,-0.665,-0.8138
2014-06-11 00:00:00,515000.0,3.0,2.5,3370,19585.0,2.0,0,0,3,3200,170.0,1951,1994,15043 Densmore Ave N,Shoreline,WA 98133,USA,63,1,1.367,0.1353,1.6649,-0.2852,0.6647
2014-06-11 00:00:00,599000.0,4.0,2.5,2790,230868.0,2.0,0,0,3,2790,0.0,1989,0,18905 240th Ave NE,Woodinville,WA 98077,USA,25,0,0.7344,6.0265,1.1734,-0.665,-0.6122
2014-06-11 00:00:00,285000.0,3.0,2.5,1870,4060.0,2.0,0,0,3,1870,0.0,2005,0,13303 SE 227th St,Kent,WA 98042,USA,9,0,-0.269,-0.2975,0.0704,-0.665,-1.1499
2014-06-11 00:00:00,290000.0,3.0,1.75,1520,15090.0,1.0,0,0,4,1520,0.0,1968,0,28515 SE 228th St,Maple Valley,WA 98038,USA,46,0,-0.6507,0.01,-0.3492,-0.665,0.0935
2014-06-11 00:00:00,355000.0,1.0,1.75,750,20339.0,1.0,0,0,4,550,200.0,1946,1989,14128 W Lake Kathleen Dr SE,Renton,WA 98059,USA,68,1,-1.4905,0.1564,-1.5121,-0.2182,0.8327
2014-06-11 00:00:00,381000.0,3.0,1.5,1460,11407.0,1.0,0,0,3,1460,0.0,1954,2005,16044 33rd Ave NE,Lake Forest Park,WA 98155,USA,60,1,-0.7161,-0.0927,-0.4211,-0.665,0.5639
2014-06-11 00:00:00,571000.0,3.0,2.5,2600,7465.0,2.0,0,0,3,2600,0.0,1988,2000,15201 93rd Pl NE,Bothell,WA 98011,USA,26,1,0.5272,-0.2026,0.9456,-0.665,-0.5786
2014-06-11 00:00:00,852600.0,4.0,2.5,3320,11901.0,2.0,0,0,5,2650,670.0,1977,0,5334-5394 134th Ave SE,Bellevue,WA 98006,USA,37,0,1.3125,-0.0789,1.0055,0.8318,-0.209
2014-06-11 00:00:00,1085000.0,5.0,2.5,2340,6000.0,2.0,0,0,4,2340,0.0,1922,0,3107 37th Pl S,Seattle,WA 98144,USA,92,0,0.2436,-0.2434,0.6339,-0.665,1.6392
2014-06-11 00:00:00,371000.0,3.0,1.0,890,7200.0,1.0,0,0,3,890,0.0,1951,1994,3843 NE 113th St,Seattle,WA 98125,USA,63,1,-1.3378,-0.21,-1.1045,-0.665,0.6647
2014-06-11 00:00:00,514000.0,3.0,2.25,1720,5899.0,1.0,0,1,3,1220,500.0,1986,0,4052 SW Myrtle St,Seattle,WA 98136,USA,28,0,-0.4326,-0.2463,-0.7088,0.452,-0.5114
2014-06-11 00:00:00,386000.0,3.0,1.5,1270,1318.0,2.0,0,0,3,1080,190.0,2004,2003,3613 Gilman Ave W,Seattle,WA 98199,USA,10,1,-0.9234,-0.374,-0.8767,-0.2405,-1.1163
2014-06-11 00:00:00,464000.0,4.0,2.5,2180,7203.0,2.0,0,0,4,2180,0.0,1989,0,5055 NE 23rd St,Renton,WA 98059,USA,25,0,0.0691,-0.2099,0.4421,-0.665,-0.6122
2014-06-11 00:00:00,335000.0,4.0,2.25,2030,13500.0,1.0,0,0,3,1230,800.0,1963,2008,20532 SE 159th St,Renton,WA 98059,USA,51,1,-0.0945,-0.0343,-0.6968,1.1222,0.2615
2014-06-11 00:00:00,740000.0,4.0,2.75,2490,17833.0,2.0,0,2,3,1490,1000.0,1979,2014,12537 41st Ave NE,Seattle,WA 98125,USA,35,1,0.4072,0.0865,-0.3851,1.569,-0.2762
2014-06-11 00:00:00,465000.0,4.0,1.75,1470,5350.0,1.0,0,0,3,980,490.0,1955,2005,10424 12th Ave NE,Seattle,WA 98125,USA,59,1,-0.7052,-0.2616,-0.9966,0.4297,0.5303
2014-06-11 00:00:00,700000.0,3.0,2.75,2500,7378.0,1.0,0,0,5,1390,1110.0,1948,1985,10050 11th Ave NW,Seattle,WA 98177,USA,66,1,0.4182,-0.205,-0.505,1.8148,0.7655
2014-06-11 00:00:00,785000.0,3.0,3.5,4500,21870.0,2.0,0,0,3,4500,0.0,2004,2003,13528 SE 333rd Pl,Auburn,WA 98092,USA,10,1,2.5995,0.1991,3.2234,-0.665,-1.1163
2014-06-11 00:00:00,350000.0,3.0,3.25,1460,1592.0,2.0,0,0,3,1130,330.0,2006,0,6003 Lanham Pl SW,Seattle,WA 98126,USA,8,0,-0.7161,-0.3663,-0.8167,0.0722,-1.1835
2014-06-11 00:00:00,148000.0,1.0,1.0,620,8261.0,1.0,0,0,3,620,0.0,1939,1969,9854 25th Ave SW,Seattle,WA 98106,USA,75,1,-1.6323,-0.1804,-1.4282,-0.665,1.068
2014-06-11 00:00:00,530000.0,3.0,1.75,1550,3680.0,1.0,0,0,3,1050,500.0,1927,2011,209 NW 73rd St,Seattle,WA 98117,USA,87,1,-0.618,-0.3081,-0.9126,0.452,1.4712
2014-06-11 00:00:00,349000.0,3.0,2.5,1430,1002.0,3.0,0,0,3,1430,0.0,2002,0,720 N 95th St,Seattle,WA 98103,USA,12,0,-0.7489,-0.3828,-0.4571,-0.665,-1.049
2014-06-11 00:00:00,240000.0,3.0,1.5,1360,9760.0,1.5,0,0,5,1360,0.0,1984,0,43712 SE 150th St,North Bend,WA 98045,USA,30,0,-0.8252,-0.1386,-0.541,-0.665,-0.4442
2014-06-11 00:00:00,330000.0,3.0,2.5,2210,7557.0,2.0,0,0,3,2210,0.0,1989,0,32739 47th Ave SW,Federal Way,WA 98023,USA,25,0,0.1019,-0.2,0.478,-0.665,-0.6122
2014-06-11 00:00:00,735000.0,4.0,1.75,2460,5100.0,1.5,0,0,5,1450,1010.0,1909,1988,6815 26th Ave NE,Seattle,WA 98115,USA,105,1,0.3745,-0.2685,-0.4331,1.5914,2.0761
2014-06-11 00:00:00,545000.0,3.0,2.5,2180,15693.0,1.0,0,0,4,1850,330.0,1979,0,1801 193rd Ave SE,Sammamish,WA 98075,USA,35,0,0.0691,0.0268,0.0464,0.0722,-0.2762
2014-06-11 00:00:00,214950.0,3.0,1.75,1570,4875.0,1.0,0,0,4,1310,260.0,1977,0,26712 186th Ave SE,Covington,WA 98042,USA,37,0,-0.5962,-0.2748,-0.6009,-0.0841,-0.209
2014-06-11 00:00:00,657500.0,4.0,2.75,4140,24190.0,2.0,0,0,3,4140,0.0,2002,0,32927 143rd Ct SE,Auburn,WA 98092,USA,12,0,2.2068,0.2637,2.7919,-0.665,-1.049
2014-06-11 00:00:00,476000.0,3.0,1.0,1140,5500.0,1.5,0,0,4,1140,0.0,1908,0,4415 29th Ave W,Seattle,WA 98199,USA,106,0,-1.0651,-0.2574,-0.8047,-0.665,2.1097
2014-06-11 00:00:00,110000.0,2.0,1.0,800,15000.0,1.0,0,0,3,800,0.0,1927,2011,12231 14th Ave S,Seattle,WA 98168,USA,87,1,-1.436,0.0075,-1.2124,-0.665,1.4712
2014-06-11 00:00:00,292000.0,4.0,2.75,2414,7693.0,2.0,0,0,3,2414,0.0,2006,0,315 F St SE,Auburn,WA 98002,USA,8,0,0.3244,-0.1962,0.7226,-0.665,-1.1835
2014-06-11 00:00:00,317000.0,3.0,2.25,1160,8813.0,1.0,0,0,3,1160,0.0,1952,2008,13319 1st Ave NE,Seattle,WA 98125,USA,62,1,-1.0433,-0.165,-0.7808,-0.665,0.6311
2014-06-11 00:00:00,455000.0,4.0,2.5,3170,10688.0,2.0,0,2,3,3170,0.0,2001,0,1118 U St NW,Auburn,WA 98001,USA,13,0,1.1489,-0.1127,1.629,-0.665,-1.0154
2014-06-11 00:00:00,1365000.0,5.0,3.5,4210,17258.0,2.0,0,3,3,4210,0.0,1995,0,5564 169th Pl SE,Bellevue,WA 98006,USA,19,0,2.2832,0.0705,2.8758,-0.665,-0.8138
2014-06-11 00:00:00,460000.0,3.0,2.0,2060,4437.0,1.0,0,0,3,1030,1030.0,1929,0,3720 35th Ave SW,Seattle,WA 98126,USA,85,0,-0.0617,-0.287,-0.9366,1.6361,1.404
2014-06-11 00:00:00,405000.0,3.0,2.0,1640,7201.0,1.0,0,0,3,1640,0.0,1948,1994,12711 37th Ave NE,Seattle,WA 98125,USA,66,1,-0.5198,-0.21,-0.2053,-0.665,0.7655
2014-06-11 00:00:00,333000.0,2.0,1.0,720,6686.0,1.0,0,0,3,720,0.0,1942,1999,9716 4th Ave NW,Seattle,WA 98117,USA,72,1,-1.5232,-0.2243,-1.3083,-0.665,0.9672
2014-06-11 00:00:00,427000.0,4.0,1.0,1860,4736.0,1.5,0,0,1,1860,0.0,1901,0,2411-2499 E Roy St,Seattle,WA 98112,USA,113,0,-0.2799,-0.2787,0.0584,-0.665,2.3449
2014-06-11 00:00:00,742000.0,4.0,2.5,2810,10986.0,2.0,0,0,3,2810,0.0,1997,0,1755 268th Pl SE,Sammamish,WA 98075,USA,17,0,0.7563,-0.1044,1.1974,-0.665,-0.881
2014-06-11 00:00:00,465000.0,4.0,2.5,2090,9702.0,1.0,0,0,5,1320,770.0,1965,0,16135 Densmore Ave N,Shoreline,WA 98133,USA,49,0,-0.029,-0.1402,-0.5889,1.0552,0.1943
2014-06-11 00:00:00,809950.0,4.0,2.5,3280,6181.0,2.0,0,0,3,3280,0.0,2001,0,19199 NE 43rd Ct,Sammamish,WA 98074,USA,13,0,1.2689,-0.2384,1.7608,-0.665,-1.0154
2014-06-11 00:00:00,619400.0,4.0,2.0,2090,3610.0,1.5,0,0,5,1790,300.0,1927,0,8044 14th Avenue Northeast,Seattle,WA 98115,USA,87,0,-0.029,-0.3101,-0.0255,0.0052,1.4712
2014-06-11 00:00:00,762400.0,3.0,1.75,2430,14607.0,1.0,0,1,3,1230,1200.0,1949,1970,4854 E Mercer Way,Mercer Island,WA 98040,USA,65,1,0.3418,-0.0035,-0.6968,2.0159,0.7319
2014-06-11 00:00:00,535000.0,5.0,2.25,2520,49222.0,2.0,0,0,4,2520,0.0,1978,2000,20645 SE 123rd St,Issaquah,WA 98027,USA,36,1,0.44,0.9617,0.8497,-0.665,-0.2426
2014-06-11 00:00:00,881000.0,5.0,3.0,2510,4125.0,1.5,0,3,5,1590,920.0,1925,0,540 33rd Ave S,Seattle,WA 98144,USA,89,0,0.4291,-0.2957,-0.2653,1.3903,1.5384
2014-06-11 00:00:00,813000.0,4.0,2.75,3370,6675.0,1.0,0,3,4,1920,1450.0,1948,0,1501 33rd Ave S,Seattle,WA 98144,USA,66,0,1.367,-0.2246,0.1304,2.5744,0.7655
2014-06-11 00:00:00,234000.0,3.0,2.0,1640,5280.0,1.5,0,0,5,1640,0.0,1910,0,28 M St NE,Auburn,WA 98002,USA,104,0,-0.5198,-0.2635,-0.2053,-0.665,2.0425
2014-06-11 00:00:00,308900.0,3.0,2.5,2250,7294.0,2.0,0,0,3,2250,0.0,1994,0,5006 Highland Dr SE,Auburn,WA 98092,USA,20,0,0.1455,-0.2074,0.526,-0.665,-0.7802
2014-06-11 00:00:00,450000.0,4.0,2.5,2300,19250.0,1.0,0,0,4,2300,0.0,1955,2009,13406 423rd Ave SE,North Bend,WA 98045,USA,59,1,0.2,0.126,0.5859,-0.665,0.5303
2014-06-11 00:00:00,547500.0,3.0,3.5,1650,2262.0,3.0,0,0,3,1650,0.0,2010,0,769 N 74th St,Seattle,WA 98103,USA,4,0,-0.5089,-0.3477,-0.1933,-0.665,-1.3179
2014-06-11 00:00:00,399950.0,2.0,1.0,710,1131.0,2.0,0,0,4,710,0.0,1943,0,2358 Fairview Ave E,Seattle,WA 98102,USA,71,0,-1.5341,-0.3792,-1.3203,-0.665,0.9336
2014-06-11 00:00:00,516000.0,4.0,3.5,2550,8698.0,2.0,0,0,3,2550,0.0,2007,0,8816 Venn Ave SE,Snoqualmie,WA 98065,USA,7,0,0.4727,-0.1682,0.8857,-0.665,-1.2171
2014-06-11 00:00:00,250000.0,2.0,1.5,982,846.0,2.0,0,0,3,806,176.0,2006,0,10217 Aurora Ave N,Seattle,WA 98133,USA,8,0,-1.2375,-0.3871,-1.2052,-0.2718,-1.1835
2014-06-11 00:00:00,475000.0,3.0,2.25,1630,2520.0,2.0,0,0,3,1630,0.0,2005,0,2009 25th Ave NE,Issaquah,WA 98029,USA,9,0,-0.5307,-0.3405,-0.2173,-0.665,-1.1499
2014-06-11 00:00:00,415000.0,4.0,2.5,2550,4500.0,2.0,0,0,3,2550,0.0,2009,0,564 Field Pl NE,Renton,WA 98059,USA,5,0,0.4727,-0.2853,0.8857,-0.665,-1.2843
2014-06-11 00:00:00,545000.0,2.0,1.25,1240,2150.0,2.0,0,0,3,1240,0.0,2014,0,8050 14th Ave NW,Seattle,WA 98117,USA,0,0,-0.9561,-0.3508,-0.6849,-0.665,-1.4523
2014-06-11 00:00:00,329950.0,3.0,2.5,2456,7566.0,2.0,0,0,3,2456,0.0,2012,1912,33800-33998 12th Pl SW,Federal Way,WA 98023,USA,2,1,0.3702,-0.1998,0.773,-0.665,-1.3851
2014-06-12 00:00:00,1325000.0,5.0,2.25,3200,20158.0,1.0,0,0,3,1600,1600.0,1965,1993,2154-2398 94th Ave NE,Clyde Hill,WA 98004,USA,49,1,1.1816,0.1513,-0.2533,2.9095,0.1943
2014-06-12 00:00:00,784000.0,3.0,3.5,3950,111078.0,1.5,0,0,3,2460,1490.0,1989,0,19851 NE Redmond Rd,Redmond,WA 98053,USA,25,0,1.9996,2.6864,0.7778,2.6637,-0.6122
2014-06-12 00:00:00,610750.0,4.0,2.25,2180,7297.0,2.0,0,0,3,2180,0.0,1984,0,21132 NE 42nd St,Sammamish,WA 98074,USA,30,0,0.0691,-0.2073,0.4421,-0.665,-0.4442
2014-06-12 00:00:00,578000.0,4.0,2.5,3140,9225.0,1.0,0,2,5,1770,1370.0,1966,0,540 Raymond Pl NW,Renton,WA 98057,USA,48,0,1.1162,-0.1535,-0.0495,2.3956,0.1607
2014-06-12 00:00:00,1485000.0,4.0,3.75,4030,10800.0,2.0,0,0,3,4030,0.0,2006,0,619 9th Ave,Kirkland,WA 98033,USA,8,0,2.0869,-0.1096,2.66,-0.665,-1.1835
2014-06-12 00:00:00,501000.0,3.0,1.75,1970,7972.0,1.0,0,3,5,1370,600.0,1976,0,8600-8604 NW 5th St,Renton,WA 98057,USA,38,0,-0.1599,-0.1885,-0.529,0.6754,-0.1754
2014-06-12 00:00:00,465250.0,5.0,2.0,1940,7642.0,1.5,0,0,3,1940,0.0,1957,2000,20028 18th Ave NW,Shoreline,WA 98177,USA,57,1,-0.1926,-0.1977,0.1543,-0.665,0.4631
2014-06-12 00:00:00,2250000.0,5.0,4.25,4860,9453.0,1.5,0,1,5,3100,1760.0,1905,0,173 37th Ave E,Seattle,WA 98112,USA,109,0,2.9921,-0.1472,1.545,3.2669,2.2105
2014-06-12 00:00:00,1095000.0,0.0,0.0,3064,4764.0,3.5,0,2,3,3064,0.0,1990,2009,814 E Howe St,Seattle,WA 98102,USA,24,1,1.0333,-0.2779,1.5019,-0.665,-0.6458
2014-06-12 00:00:00,315000.0,2.0,1.0,970,5665.0,1.0,0,0,4,970,0.0,1908,0,4726 S Orcas St,Seattle,WA 98118,USA,106,0,-1.2506,-0.2528,-1.0086,-0.665,2.1097
2014-06-12 00:00:00,900000.0,4.0,2.25,2460,44431.0,1.0,0,0,4,2460,0.0,1957,2001,539 145th Ave SE,Bellevue,WA 98007,USA,57,1,0.3745,0.8281,0.7778,-0.665,0.4631
2014-06-12 00:00:00,789500.0,4.0,2.5,3010,6100.0,2.0,0,0,3,3010,0.0,2005,0,6466 195th Pl NE,Redmond,WA 98052,USA,9,0,0.9744,-0.2407,1.4371,-0.665,-1.1499
2014-06-12 00:00:00,678500.0,3.0,2.0,2460,6600.0,1.0,0,2,4,1370,1090.0,1952,0,9108 40th Ave SW,Seattle,WA 98136,USA,62,0,0.3745,-0.2267,-0.529,1.7701,0.6311
2014-06-12 00:00:00,342500.0,3.0,2.0,2080,11375.0,1.0,0,0,3,2080,0.0,2002,0,3322 261st Pl SE,Enumclaw,WA 98022,USA,12,0,-0.0399,-0.0936,0.3222,-0.665,-1.049
2014-06-12 00:00:00,860000.0,4.0,3.25,3960,7012.0,2.0,0,0,3,3960,0.0,2005,0,19454 SE 27th Pl,Sammamish,WA 98075,USA,9,0,2.0105,-0.2152,2.5761,-0.665,-1.1499
2014-06-12 00:00:00,306000.0,4.0,2.5,2490,8124.0,2.0,0,0,3,2490,0.0,2001,0,29742 129th Pl SE,Auburn,WA 98092,USA,13,0,0.4072,-0.1842,0.8137,-0.665,-1.0154
2014-06-12 00:00:00,580000.0,5.0,2.0,2060,6000.0,2.0,0,0,3,2060,0.0,1903,2005,2107 NE 55th St,Seattle,WA 98105,USA,111,1,-0.0617,-0.2434,0.2982,-0.665,2.2777
2014-06-12 00:00:00,405000.0,3.0,1.0,1330,15678.0,1.0,0,0,3,900,430.0,1984,0,3009 229th Pl NE,Sammamish,WA 98074,USA,30,0,-0.8579,0.0264,-1.0925,0.2956,-0.4442
2014-06-12 00:00:00,510000.0,3.0,1.75,1600,19200.0,1.0,0,0,4,1600,0.0,1967,0,13304 69th Ave NE,Kirkland,WA 98034,USA,47,0,-0.5634,0.1246,-0.2533,-0.665,0.1271
2014-06-12 00:00:00,173000.0,2.0,1.0,820,10450.0,1.0,0,0,4,820,0.0,1965,0,10635 SE 196th St,Renton,WA 98055,USA,49,0,-1.4142,-0.1194,-1.1884,-0.665,0.1943
2014-06-12 00:00:00,210000.0,4.0,1.75,1200,7680.0,1.0,0,0,3,1200,0.0,1968,1997,32113 112th Pl SE,Auburn,WA 98092,USA,46,1,-0.9997,-0.1966,-0.7328,-0.665,0.0935
2014-06-12 00:00:00,445000.0,3.0,1.0,1050,5664.0,1.0,0,0,4,910,140.0,1947,1988,8244 40th Ave NE,Seattle,WA 98115,USA,67,1,-1.1633,-0.2528,-1.0805,-0.3522,0.7991
2014-06-12 00:00:00,585000.0,3.0,2.5,1910,1501.0,2.5,0,0,3,1530,0.0,2007,0,2637 22nd Ave W,Seattle,WA 98199,USA,7,0,-0.2253,-0.3689,-0.3372,-0.665,-1.2171
2014-06-12 00:00:00,381000.0,3.0,1.75,1800,6000.0,1.0,0,0,5,900,900.0,1950,0,1115 NE 168th St,Shoreline,WA 98155,USA,64,0,-0.3453,-0.2434,-1.0925,1.3456,0.6983
2014-06-12 00:00:00,890000.0,3.0,2.25,2060,8640.0,1.0,0,0,4,2060,0.0,1966,0,4810 109th Ave NE,Kirkland,WA 98033,USA,48,0,-0.0617,-0.1698,0.2982,-0.665,0.1607
2014-06-12 00:00:00,235000.0,3.0,1.75,1840,9697.0,1.0,0,0,4,1500,340.0,1985,0,12034 SE 252 Pl,Kent,WA 98030,USA,29,0,-0.3017,-0.1404,-0.3732,0.0946,-0.4778
2014-06-12 00:00:00,480000.0,3.0,2.5,1250,1103.0,3.0,0,2,3,1250,0.0,2005,0,513 N 46th St,Seattle,WA 98103,USA,9,0,-0.9452,-0.38,-0.6729,-0.665,-1.1499
2014-06-12 00:00:00,575000.0,2.0,1.0,1510,4032.0,1.5,0,0,3,1310,200.0,1935,1974,2002 28th Ave W,Seattle,WA 98199,USA,79,1,-0.6616,-0.2983,-0.6009,-0.2182,1.2024
2014-06-12 00:00:00,350000.0,4.0,2.25,2300,4600.0,1.5,0,0,4,1340,960.0,1904,0,1517 17th Ave S,Seattle,WA 98144,USA,110,0,0.2,-0.2825,-0.565,1.4797,2.2441
2014-06-12 00:00:00,259000.0,4.0,1.5,1490,7560.0,2.0,0,0,3,1490,0.0,1966,1963,25923 13th Ave S,Des Moines,WA 98198,USA,48,1,-0.6834,-0.1999,-0.3851,-0.665,0.1607
2014-06-12 00:00:00,599000.0,5.0,2.75,2820,4608.0,1.0,0,0,3,1450,1370.0,1967,2011,306 NW 82nd St,Seattle,WA 98117,USA,47,1,0.7672,-0.2823,-0.4331,2.3956,0.1271
2014-06-12 00:00:00,210000.0,4.0,1.5,1130,7840.0,1.0,0,0,4,1130,0.0,1970,0,33818 35th Ave SW,Federal Way,WA 98023,USA,44,0,-1.0761,-0.1921,-0.8167,-0.665,0.0263
2014-06-12 00:00:00,1184000.0,4.0,2.5,3200,7500.0,1.5,0,1,5,1860,1340.0,1948,1985,7344 50th Ave NE,Seattle,WA 98115,USA,66,1,1.1816,-0.2016,0.0584,2.3286,0.7655
2014-06-12 00:00:00,545000.0,3.0,1.0,1510,5000.0,1.5,0,0,3,1510,0.0,1909,2004,5726 28th Ave NE,Seattle,WA 98105,USA,105,1,-0.6616,-0.2713,-0.3612,-0.665,2.0761
2014-06-12 00:00:00,299995.0,3.0,2.5,1970,7500.0,2.0,0,0,3,1970,0.0,1988,2000,4809 Mill Pond Loop,Auburn,WA 98092,USA,26,1,-0.1599,-0.2016,0.1903,-0.665,-0.5786
2014-06-12 00:00:00,440000.0,3.0,2.25,1210,5750.0,1.5,0,0,4,1210,0.0,1910,0,7006 46th Ave SW,Seattle,WA 98136,USA,104,0,-0.9888,-0.2504,-0.7208,-0.665,2.0425
2014-06-12 00:00:00,699000.0,4.0,2.5,3280,27441.0,2.0,0,0,3,3280,0.0,1996,0,7435 245th Way NE,Redmond,WA 98053,USA,18,0,1.2689,0.3544,1.7608,-0.665,-0.8474
2014-06-12 00:00:00,795000.0,3.0,2.0,2420,17859.0,1.0,0,1,5,1500,920.0,1979,0,7215 NE 119th Pl,Kirkland,WA 98034,USA,35,0,0.3309,0.0872,-0.3732,1.3903,-0.2762
2014-06-12 00:00:00,445000.0,5.0,1.75,2460,6846.0,1.5,0,0,5,1340,1120.0,1911,1984,6444 Carleton Ave S,Seattle,WA 98108,USA,103,1,0.3745,-0.2199,-0.565,1.8371,2.0089
2014-06-12 00:00:00,397990.0,3.0,1.0,1180,11862.0,1.0,0,0,4,1180,0.0,1948,0,11739 4th Ave NW,Seattle,WA 98177,USA,66,0,-1.0215,-0.08,-0.7568,-0.665,0.7655
2014-06-12 00:00:00,706000.0,3.0,2.75,1900,6400.0,1.0,0,0,5,1410,490.0,1942,0,4324 NE 56th St,Seattle,WA 98105,USA,72,0,-0.2362,-0.2323,-0.4811,0.4297,0.9672
2014-06-12 00:00:00,363000.0,3.0,3.25,1651,1779.0,2.0,0,0,3,1341,310.0,2008,0,10734 Whitman Ave N,Seattle,WA 98133,USA,6,0,-0.5078,-0.3611,-0.5638,0.0276,-1.2507
2014-06-12 00:00:00,850000.0,4.0,2.25,2130,11843.0,2.0,0,0,4,2130,0.0,1972,0,7490 85th Ave SE,Mercer Island,WA 98040,USA,42,0,0.0146,-0.0805,0.3821,-0.665,-0.0409
2014-06-12 00:00:00,620000.0,2.0,1.0,1430,3000.0,1.5,0,0,3,1300,130.0,1929,0,2215 E Miller St,Seattle,WA 98112,USA,85,0,-0.7489,-0.3271,-0.6129,-0.3746,1.404
2014-06-12 00:00:00,1228000.0,4.0,2.5,5730,44947.0,2.0,0,4,3,4280,1450.0,1991,0,20709 SE 4th St,Sammamish,WA 98074,USA,23,0,3.941,0.8425,2.9597,2.5744,-0.6794
2014-06-12 00:00:00,333000.0,4.0,2.5,1910,9244.0,1.0,0,0,4,1910,0.0,1963,0,5811 NE 6th St,Renton,WA 98059,USA,51,0,-0.2253,-0.153,0.1184,-0.665,0.2615
2014-06-12 00:00:00,743000.0,3.0,1.75,2110,11250.0,1.0,0,0,4,2110,0.0,1961,2001,9201-9231 SE 70th Pl,Mercer Island,WA 98040,USA,53,1,-0.0072,-0.0971,0.3582,-0.665,0.3287
2014-06-12 00:00:00,448000.0,2.0,1.5,1630,3780.0,1.0,0,0,4,890,740.0,1940,2001,3441 NW 59th St,Seattle,WA 98107,USA,74,1,-0.5307,-0.3053,-1.1045,0.9882,1.0344
2014-06-12 00:00:00,485000.0,4.0,2.5,2470,35073.0,2.0,0,0,3,2470,0.0,1989,0,17435 SE 329th St,Auburn,WA 98092,USA,25,0,0.3854,0.5672,0.7897,-0.665,-0.6122
2014-06-12 00:00:00,489950.0,4.0,2.25,2640,31941.0,1.0,0,0,4,2640,0.0,1986,0,16915 SE 325th Pl,Auburn,WA 98092,USA,28,0,0.5708,0.4799,0.9936,-0.665,-0.5114
2014-06-12 00:00:00,498500.0,5.0,2.75,2990,7420.0,2.0,0,0,3,2990,0.0,1996,0,4304 NE 7th St,Renton,WA 98059,USA,18,0,0.9526,-0.2038,1.4132,-0.665,-0.8474
2014-06-12 00:00:00,531000.0,3.0,2.5,2120,9736.0,2.0,0,0,3,2120,0.0,1988,2000,15102 91st Pl NE,Bothell,WA 98011,USA,26,1,0.0037,-0.1393,0.3701,-0.665,-0.5786
2014-06-12 00:00:00,670000.0,3.0,2.5,2050,6420.0,1.0,0,3,3,1730,320.0,1956,2001,5625 SW Orleans St,Seattle,WA 98116,USA,58,1,-0.0726,-0.2317,-0.0974,0.0499,0.4967
2014-06-12 00:00:00,310000.0,5.0,3.0,1880,5000.0,1.0,0,0,3,1100,780.0,1997,0,6343 23rd Ave SW,Seattle,WA 98106,USA,17,0,-0.2581,-0.2713,-0.8527,1.0776,-0.881
2014-06-12 00:00:00,835000.0,3.0,3.0,2790,12523.0,2.0,1,4,4,1600,1190.0,1977,0,27231 8th Ave S,Des Moines,WA 98198,USA,37,0,0.7344,-0.0616,-0.2533,1.9935,-0.209
2014-06-12 00:00:00,1688000.0,4.0,2.5,3000,7500.0,2.0,0,0,3,3000,0.0,1937,1994,3907 48th Ave NE,Seattle,WA 98105,USA,77,1,0.9635,-0.2016,1.4251,-0.665,1.1352
2014-06-12 00:00:00,495000.0,4.0,2.5,2140,7245.0,2.0,0,0,3,2140,0.0,2003,0,633 N 138th St,Seattle,WA 98133,USA,11,0,0.0255,-0.2087,0.3941,-0.665,-1.0827
2014-06-12 00:00:00,495000.0,3.0,2.0,1769,9300.0,1.0,0,0,4,1769,0.0,1955,2009,531 SW 181st St,Normandy Park,WA 98166,USA,59,1,-0.3791,-0.1514,-0.0507,-0.665,0.5303
2014-06-12 00:00:00,440000.0,3.0,1.0,1710,6556.0,1.5,0,0,4,1200,510.0,1926,1993,12220 Phinney Ave N,Seattle,WA 98133,USA,88,1,-0.4435,-0.2279,-0.7328,0.4744,1.5048
2014-06-12 00:00:00,280000.0,1.0,0.75,420,6720.0,1.0,0,0,3,420,0.0,1922,2008,5550 17th Ave S,Seattle,WA 98108,USA,92,1,-1.8504,-0.2234,-1.6679,-0.665,1.6392
2014-06-12 00:00:00,1070000.0,4.0,2.5,3270,35445.0,2.0,0,0,3,3270,0.0,1989,0,6040 164th Ave SE,Bellevue,WA 98006,USA,25,0,1.258,0.5776,1.7488,-0.665,-0.6122
2014-06-12 00:00:00,1034500.0,4.0,2.5,2370,10858.0,2.0,0,0,3,2370,0.0,2003,0,11034 NE 26th Pl,Bellevue,WA 98004,USA,11,0,0.2764,-0.108,0.6699,-0.665,-1.0827
2014-06-12 00:00:00,248000.0,4.0,2.5,1770,5855.0,2.0,0,0,3,1770,0.0,2003,0,21620 SE 283rd St,Maple Valley,WA 98038,USA,11,0,-0.378,-0.2475,-0.0495,-0.665,-1.0827
2014-06-12 00:00:00,294000.0,4.0,2.5,2210,8465.0,1.0,0,0,3,1490,720.0,1990,2009,512 47th St SE,Auburn,WA 98092,USA,24,1,0.1019,-0.1747,-0.3851,0.9435,-0.6458
2014-06-12 00:00:00,561000.0,3.0,2.25,1710,4140.0,2.0,0,0,3,1710,0.0,2004,2003,2037 Larchmount Dr NE,Issaquah,WA 98029,USA,10,1,-0.4435,-0.2953,-0.1214,-0.665,-1.1163
2014-06-12 00:00:00,656500.0,4.0,2.0,2710,4750.0,1.0,0,0,4,1460,1250.0,1919,1985,6326 21st Ave NE,Seattle,WA 98115,USA,95,1,0.6472,-0.2783,-0.4211,2.1276,1.74
2014-06-12 00:00:00,660000.0,3.0,3.0,2340,2970.0,2.0,0,0,5,2160,180.0,1925,0,743 N 80th St,Seattle,WA 98103,USA,89,0,0.2436,-0.3279,0.4181,-0.2629,1.5384
2014-06-12 00:00:00,370000.0,2.0,1.0,1220,17172.0,1.0,0,0,4,1220,0.0,1947,1988,13314 NE 104th St,Kirkland,WA 98033,USA,67,1,-0.9779,0.0681,-0.7088,-0.665,0.7991
2014-06-12 00:00:00,349950.0,3.0,1.0,1060,9525.0,1.0,0,0,3,1060,0.0,1966,1963,17129 NE 95th St,Redmond,WA 98052,USA,48,1,-1.1524,-0.1452,-0.9007,-0.665,0.1607
2014-06-12 00:00:00,223000.0,2.0,1.0,910,9869.0,1.0,0,0,3,910,0.0,1957,2000,11644 SE 163rd St,Renton,WA 98058,USA,57,1,-1.316,-0.1356,-1.0805,-0.665,0.4631
2014-06-12 00:00:00,560000.0,4.0,1.75,1880,3880.0,1.5,0,0,4,1090,790.0,1944,0,325 NW 48th St,Seattle,WA 98107,USA,70,0,-0.2581,-0.3026,-0.8647,1.0999,0.8999
2014-06-12 00:00:00,594000.0,4.0,1.75,1870,5200.0,2.0,0,0,4,1200,670.0,1937,0,7542 42nd Ave NE,Seattle,WA 98115,USA,77,0,-0.269,-0.2657,-0.7328,0.8318,1.1352
2014-06-12 00:00:00,600000.0,3.0,2.25,1480,5400.0,2.0,0,0,4,1480,0.0,1914,1945,816 Martin Luther King Jr Way,Seattle,WA 98122,USA,100,1,-0.6943,-0.2602,-0.3971,-0.665,1.9081
2014-06-12 00:00:00,315000.0,3.0,2.5,1880,7000.0,2.0,0,0,3,1880,0.0,1993,0,11718 SE 203rd St,Kent,WA 98031,USA,21,0,-0.2581,-0.2156,0.0824,-0.665,-0.7466
2014-06-12 00:00:00,430000.0,4.0,1.75,1890,6000.0,1.0,0,0,4,1110,780.0,1947,1988,13524 22nd Ave NE,Seattle,WA 98125,USA,67,1,-0.2471,-0.2434,-0.8407,1.0776,0.7991
2014-06-12 00:00:00,440000.0,3.0,2.75,1560,7392.0,1.0,0,0,5,1030,530.0,1972,0,15118 119th Ave NE,Kirkland,WA 98034,USA,42,0,-0.6071,-0.2046,-0.9366,0.519,-0.0409
2014-06-12 00:00:00,312500.0,2.0,1.5,1070,1200.0,2.0,0,0,3,1070,0.0,1999,0,9404 Linden Ave N,Seattle,WA 98103,USA,15,0,-1.1415,-0.3773,-0.8887,-0.665,-0.9482
2014-06-12 00:00:00,1240000.0,5.0,4.0,4410,14380.0,2.0,0,0,3,4410,0.0,2006,0,16416 NE 40th St,Redmond,WA 98052,USA,8,0,2.5013,-0.0098,3.1155,-0.665,-1.1835
2014-06-12 00:00:00,300000.0,3.0,3.25,1470,1235.0,2.0,0,0,3,1180,290.0,2008,0,5338 15th Ave S,Seattle,WA 98108,USA,6,0,-0.7052,-0.3763,-0.7568,-0.0171,-1.2507
2014-06-12 00:00:00,680000.0,3.0,2.5,2570,3600.0,2.5,0,0,3,2570,0.0,2007,0,1474-1476 29th Pl NE,Issaquah,WA 98029,USA,7,0,0.4945,-0.3104,0.9096,-0.665,-1.2171
2014-06-12 00:00:00,336750.0,2.0,2.25,1170,1011.0,2.0,0,0,3,1170,0.0,2009,0,2277 NW Hidden Ln,Issaquah,WA 98027,USA,5,0,-1.0324,-0.3825,-0.7688,-0.665,-1.2843
2014-06-13 00:00:00,822500.0,5.0,3.5,2320,4960.0,2.0,0,0,5,1720,600.0,1926,0,512 N 65th St,Seattle,WA 98103,USA,88,0,0.2218,-0.2724,-0.1094,0.6754,1.5048
2014-06-13 00:00:00,589000.0,4.0,3.0,2440,9600.0,2.0,0,0,5,2440,0.0,1961,0,11611 106th Ave NE,Kirkland,WA 98034,USA,53,0,0.3527,-0.1431,0.7538,-0.665,0.3287
2014-06-13 00:00:00,863000.0,4.0,2.5,4120,22370.0,2.0,0,0,3,4120,0.0,1997,0,1571 237th Ct NE,Sammamish,WA 98074,USA,17,0,2.185,0.213,2.7679,-0.665,-0.881
2014-06-13 00:00:00,210000.0,2.0,1.75,1440,5680.0,1.0,0,0,4,1440,0.0,1978,2000,24429 12th Ave S,Des Moines,WA 98198,USA,36,1,-0.7379,-0.2524,-0.4451,-0.665,-0.2426
2014-06-13 00:00:00,206135.0,3.0,1.0,1340,11070.0,1.0,0,0,4,1340,0.0,1978,2000,12129 SE 277th Pl,Kent,WA 98030,USA,36,1,-0.847,-0.1021,-0.565,-0.665,-0.2426
2014-06-13 00:00:00,1125000.0,6.0,3.75,3010,4360.0,2.0,0,0,3,2000,1010.0,2014,0,8016 Meridian Ave N,Seattle,WA 98103,USA,0,0,0.9744,-0.2892,0.2263,1.5914,-1.4523
2014-06-13 00:00:00,285000.0,3.0,1.75,1840,8601.0,1.0,0,0,3,920,920.0,1905,2014,7339 46th Ave S,Seattle,WA 98118,USA,109,1,-0.3017,-0.1709,-1.0685,1.3903,2.2105
2014-06-13 00:00:00,230000.0,2.0,1.0,930,7550.0,1.0,0,0,3,930,0.0,1986,0,13008 23rd Ave S,SeaTac,WA 98168,USA,28,0,-1.2942,-0.2002,-1.0565,-0.665,-0.5114
2014-06-13 00:00:00,845000.0,4.0,2.75,4070,115434.0,2.0,0,0,3,4070,0.0,2002,0,12810 440th Pl SE,North Bend,WA 98045,USA,12,0,2.1305,2.8079,2.7079,-0.665,-1.049
2014-06-13 00:00:00,350000.0,3.0,1.75,1820,9545.0,1.0,0,0,3,1230,590.0,1976,0,3037 NE 205th St,Lake Forest Park,WA 98155,USA,38,0,-0.3235,-0.1446,-0.6968,0.6531,-0.1754
2014-06-13 00:00:00,304000.0,3.0,1.0,1280,8184.0,1.5,0,0,4,1280,0.0,1947,1988,16225 10th Ave NE,Shoreline,WA 98155,USA,67,1,-0.9125,-0.1825,-0.6369,-0.665,0.7991
2014-06-13 00:00:00,370000.0,2.0,1.0,900,4600.0,1.0,0,0,3,900,0.0,1951,1994,307 NW 87th St,Seattle,WA 98117,USA,63,1,-1.3269,-0.2825,-1.0925,-0.665,0.6647
2014-06-13 00:00:00,810000.0,3.0,1.75,1980,13503.0,1.0,0,2,4,1320,660.0,1952,0,2622 W Lake Sammamish Pkwy SE,Bellevue,WA 98008,USA,62,0,-0.149,-0.0342,-0.5889,0.8095,0.6311
2014-06-13 00:00:00,440000.0,4.0,2.25,2010,7575.0,1.0,0,0,3,1220,790.0,1974,0,14450 105th Ct NE,Kirkland,WA 98034,USA,40,0,-0.1163,-0.1995,-0.7088,1.0999,-0.1082
2014-06-13 00:00:00,1030000.0,4.0,2.5,2750,4800.0,2.0,0,0,3,1960,790.0,1905,2005,5700-5798 Wallingford Ave N,Seattle,WA 98103,USA,109,1,0.6908,-0.2769,0.1783,1.0999,2.2105
2014-06-13 00:00:00,775000.0,4.0,2.0,3140,10875.0,1.0,0,1,3,1940,1200.0,1939,1969,3704 W Lawton St,Seattle,WA 98199,USA,75,1,1.1162,-0.1075,0.1543,2.0159,1.068
2014-06-13 00:00:00,1335000.0,5.0,2.25,4200,5800.0,2.5,0,0,4,2910,1290.0,1906,1990,1024 15th Ave E,Seattle,WA 98112,USA,108,1,2.2723,-0.249,1.3172,2.2169,2.1769
2014-06-13 00:00:00,235000.0,3.0,1.75,1900,8540.0,1.0,0,0,3,950,950.0,1980,0,13002 23rd Ave S,SeaTac,WA 98168,USA,34,0,-0.2362,-0.1726,-1.0325,1.4573,-0.3098
2014-06-13 00:00:00,499950.0,3.0,1.0,1830,3000.0,1.5,0,0,3,1430,400.0,1926,2003,611 N 46th St,Seattle,WA 98103,USA,88,1,-0.3126,-0.3271,-0.4571,0.2286,1.5048
2014-06-13 00:00:00,622500.0,5.0,2.75,3320,23760.0,2.0,0,0,4,2190,1130.0,1975,0,14523 NE 169th St,Woodinville,WA 98072,USA,39,0,1.3125,0.2518,0.4541,1.8595,-0.1418
2014-06-13 00:00:00,300000.0,4.0,2.5,2700,10814.0,1.0,0,0,4,1560,1140.0,1966,0,12235 SE 259th Pl,Kent,WA 98030,USA,48,0,0.6363,-0.1092,-0.3012,1.8818,0.1607
2014-06-13 00:00:00,205000.0,3.0,1.0,1290,6566.0,1.0,0,0,5,1290,0.0,1976,0,33601-33799 35th Ave SW,Federal Way,WA 98023,USA,38,0,-0.9015,-0.2277,-0.6249,-0.665,-0.1754
2014-06-13 00:00:00,435000.0,3.0,1.75,1500,8173.0,1.0,0,0,3,1500,0.0,1997,0,8528 NE 142nd St,Kirkland,WA 98034,USA,17,0,-0.6725,-0.1829,-0.3732,-0.665,-0.881
2014-06-13 00:00:00,697000.0,4.0,2.75,3650,48351.0,1.5,0,0,4,3650,0.0,1978,2000,18534 186th Pl NE,Woodinville,WA 98077,USA,36,1,1.6724,0.9374,2.2044,-0.665,-0.2426
2014-06-13 00:00:00,153000.0,3.0,1.0,1270,6405.0,1.5,0,0,3,1270,0.0,1944,0,12015 75th Ave S,Seattle,WA 98178,USA,70,0,-0.9234,-0.2321,-0.6489,-0.665,0.8999
2014-06-13 00:00:00,454000.0,4.0,2.25,2630,39000.0,2.0,0,0,3,2630,0.0,1979,2014,14404 SE 216th St,Kent,WA 98042,USA,35,1,0.5599,0.6767,0.9816,-0.665,-0.2762
2014-06-13 00:00:00,345000.0,2.0,1.5,1800,26615.0,1.0,0,0,5,1240,560.0,1987,0,33336-33412 E Lake Holm Dr SE,Auburn,WA 98092,USA,27,0,-0.3453,0.3314,-0.6849,0.5861,-0.545
2014-06-13 00:00:00,585000.0,3.0,1.0,1870,2807.0,1.5,0,0,4,1580,290.0,1927,0,111 NW 53rd St,Seattle,WA 98107,USA,87,0,-0.269,-0.3325,-0.2772,-0.0171,1.4712
2014-06-13 00:00:00,380000.0,4.0,2.5,2540,6365.0,2.0,0,0,3,1870,670.0,2000,0,2107 Davis Ave S,Renton,WA 98055,USA,14,0,0.4618,-0.2333,0.0704,0.8318,-0.9818
2014-06-13 00:00:00,250600.0,4.0,2.5,1930,8660.0,1.0,0,0,3,1120,810.0,1981,2013,2025 W St NW,Auburn,WA 98001,USA,33,1,-0.2035,-0.1693,-0.8287,1.1446,-0.3434
2014-06-13 00:00:00,890000.0,4.0,2.25,2770,13500.0,2.0,0,0,3,2770,0.0,1974,0,6701 81st Ave SE,Mercer Island,WA 98040,USA,40,0,0.7126,-0.0343,1.1494,-0.665,-0.1082
2014-06-13 00:00:00,370000.0,4.0,2.5,2220,5338.0,2.0,0,0,3,2220,0.0,2001,0,5127 NE 4th Pl,Renton,WA 98059,USA,13,0,0.1128,-0.2619,0.49,-0.665,-1.0154
2014-06-13 00:00:00,369500.0,3.0,1.5,1650,9957.0,1.0,0,0,4,1100,550.0,1961,2001,14001 28th Ave NE,Seattle,WA 98125,USA,53,1,-0.5089,-0.1331,-0.8527,0.5637,0.3287
2014-06-13 00:00:00,883000.0,4.0,2.5,3670,54450.0,2.0,0,0,3,3670,0.0,1999,0,1227 243rd Ave NE,Sammamish,WA 98074,USA,15,0,1.6942,1.1075,2.2284,-0.665,-0.9482
2014-06-13 00:00:00,950000.0,4.0,2.5,3770,35081.0,2.0,0,0,3,3770,0.0,1989,0,10326 216th Ct NE,Redmond,WA 98053,USA,25,0,1.8033,0.5674,2.3483,-0.665,-0.6122
2014-06-13 00:00:00,615000.0,3.0,1.75,2350,20820.0,1.0,0,0,4,1800,550.0,1978,2000,7-19 210th Pl NE,Sammamish,WA 98074,USA,36,1,0.2546,0.1698,-0.0135,0.5637,-0.2426
2014-06-13 00:00:00,305000.0,3.0,1.5,1210,5240.0,1.0,0,0,4,610,0.0,1983,0,5445 17th Ave SW,Seattle,WA 98106,USA,31,0,-0.9888,-0.2646,-1.4401,-0.665,-0.4106
2014-06-13 00:00:00,590000.0,4.0,2.5,2010,7972.0,2.0,0,0,4,2010,0.0,1989,0,3419 241st Pl SE,Issaquah,WA 98029,USA,25,0,-0.1163,-0.1885,0.2383,-0.665,-0.6122
2014-06-13 00:00:00,485000.0,3.0,2.5,1580,6065.0,2.0,0,0,3,1580,0.0,1985,0,24025 SE 42nd St,Issaquah,WA 98029,USA,29,0,-0.5853,-0.2416,-0.2772,-0.665,-0.4778
2014-06-13 00:00:00,215000.0,2.0,1.0,710,7200.0,1.0,0,0,3,710,0.0,1943,2002,7027 S 125th St,Seattle,WA 98178,USA,71,1,-1.5341,-0.21,-1.3203,-0.665,0.9336
2014-06-13 00:00:00,430000.0,3.0,2.0,1910,5040.0,1.5,0,0,3,1910,0.0,1971,0,2415 209th Ave NE,Sammamish,WA 98074,USA,43,0,-0.2253,-0.2702,0.1184,-0.665,-0.0073
2014-06-13 00:00:00,324900.0,4.0,2.5,1880,7965.0,2.0,0,0,3,1880,0.0,2000,0,21661 SE 265th Way,Maple Valley,WA 98038,USA,14,0,-0.2581,-0.1886,0.0824,-0.665,-0.9818
2014-06-13 00:00:00,849900.0,2.0,2.0,2280,641203.0,2.0,0,0,3,2280,0.0,1990,2009,9326 SW 216th St,Vashon,WA 98070,USA,24,1,0.1782,17.4677,0.562,-0.665,-0.6458
2014-06-13 00:00:00,975000.0,5.0,2.75,3100,10014.0,1.0,0,2,4,1660,1440.0,1973,0,9340 Mercerwood Dr,Mercer Island,WA 98040,USA,41,0,1.0726,-0.1315,-0.1813,2.552,-0.0746
2014-06-13 00:00:00,910000.0,5.0,2.5,2350,4000.0,2.0,0,0,3,2350,0.0,1993,0,2807 E Aloha St,Seattle,WA 98112,USA,21,0,0.2546,-0.2992,0.6459,-0.665,-0.7466
2014-06-13 00:00:00,459950.0,3.0,1.75,1850,6869.0,1.0,0,2,5,1100,750.0,1919,1934,2221 SW 154th St,Burien,WA 98166,USA,95,1,-0.2908,-0.2192,-0.8527,1.0105,1.74
2014-06-13 00:00:00,325000.0,3.0,2.5,2070,8337.0,2.0,0,0,3,2070,0.0,1997,0,26300-26398 124th Ave SE,Kent,WA 98030,USA,17,0,-0.0508,-0.1783,0.3102,-0.665,-0.881
2014-06-13 00:00:00,513000.0,4.0,2.75,2020,7070.0,1.0,0,0,5,1010,1010.0,1958,0,9226 36th Ave SW,Seattle,WA 98126,USA,56,0,-0.1054,-0.2136,-0.9606,1.5914,0.4295
2014-06-13 00:00:00,475000.0,3.0,2.25,1580,12177.0,1.0,0,0,3,1200,380.0,1981,2013,22013 NE 18th St,Sammamish,WA 98074,USA,33,1,-0.5853,-0.0712,-0.7328,0.1839,-0.3434
2014-06-13 00:00:00,419000.0,4.0,2.5,2690,7947.0,2.0,0,0,3,2690,0.0,1993,0,14114 SE 198th St,Renton,WA 98058,USA,21,0,0.6254,-0.1892,1.0535,-0.665,-0.7466
2014-06-13 00:00:00,760000.0,4.0,2.5,2420,10285.0,1.0,0,4,3,1700,720.0,1958,2004,12849 Shorecrest Dr SW,Burien,WA 98146,USA,56,1,0.3309,-0.124,-0.1334,0.9435,0.4295
2014-06-13 00:00:00,1120000.0,5.0,1.5,2540,6660.0,2.0,0,3,4,2340,200.0,1954,1979,9827 47th Ave SW,Seattle,WA 98136,USA,60,1,0.4618,-0.225,0.6339,-0.2182,0.5639
2014-06-13 00:00:00,129000.0,2.0,1.0,1150,7663.0,1.0,0,0,3,1150,0.0,1950,2005,17029 106th Ave SE,Renton,WA 98055,USA,64,1,-1.0542,-0.1971,-0.7928,-0.665,0.6983
2014-06-13 00:00:00,725000.0,5.0,2.5,3210,12000.0,1.0,0,0,4,1830,1380.0,1968,0,14404 NE 11th Pl,Bellevue,WA 98007,USA,46,0,1.1925,-0.0761,0.0225,2.418,0.0935
2014-06-13 00:00:00,580000.0,3.0,2.5,2040,4627.0,2.0,0,0,3,2040,0.0,1992,0,17422 NE 28th St,Redmond,WA 98052,USA,22,0,-0.0836,-0.2817,0.2742,-0.665,-0.713
2014-06-13 00:00:00,385000.0,3.0,2.25,1920,4833.0,1.0,0,0,4,1060,860.0,1921,0,10559 Evanston Ave N,Seattle,WA 98133,USA,93,0,-0.2144,-0.276,-0.9007,1.2563,1.6728
2014-06-13 00:00:00,265000.0,4.0,1.75,1900,10588.0,1.0,0,0,5,1900,0.0,1958,0,1310 22nd St SE,Auburn,WA 98002,USA,56,0,-0.2362,-0.1155,0.1064,-0.665,0.4295
2014-06-13 00:00:00,1735000.0,3.0,2.5,4310,32093.0,1.5,0,4,5,2510,0.0,1982,0,18401 17th Ave NW,Shoreline,WA 98177,USA,32,0,2.3923,0.4841,0.8377,-0.665,-0.377
2014-06-13 00:00:00,330000.0,3.0,2.5,1070,1155.0,2.0,0,0,3,720,350.0,2005,0,4536 42nd Ave SW,Seattle,WA 98116,USA,9,0,-1.1415,-0.3785,-1.3083,0.1169,-1.1499
2014-06-13 00:00:00,665000.0,4.0,2.5,2790,43091.0,2.0,0,0,4,2790,0.0,1989,0,20324 194th Pl NE,Woodinville,WA 98077,USA,25,0,0.7344,0.7908,1.1734,-0.665,-0.6122
2014-06-13 00:00:00,799000.0,3.0,2.5,2860,4442.0,2.0,0,0,3,2860,0.0,2000,0,4432 30th Ave W,Seattle,WA 98199,USA,14,0,0.8108,-0.2869,1.2573,-0.665,-0.9818
2014-06-13 00:00:00,589000.0,3.0,2.0,2250,8800.0,1.0,0,0,4,1250,1000.0,1925,1968,3406 60th Ave SW,Seattle,WA 98116,USA,89,1,0.1455,-0.1654,-0.6729,1.569,1.5384
2014-06-13 00:00:00,1695000.0,2.0,2.25,3170,3000.0,2.0,0,2,5,1990,1180.0,1900,0,308 Prospect St,Seattle,WA 98109,USA,114,0,1.1489,-0.3271,0.2143,1.9712,2.3785
2014-06-13 00:00:00,538000.0,3.0,1.0,1460,7200.0,1.0,0,0,3,1260,200.0,1906,2014,8018 Wallingford Ave N,Seattle,WA 98103,USA,108,1,-0.7161,-0.21,-0.6609,-0.2182,2.1769
2014-06-13 00:00:00,530100.0,3.0,1.0,1540,3399.0,1.5,0,0,3,1200,340.0,1926,2003,123 NW 78th St,Seattle,WA 98117,USA,88,1,-0.6289,-0.316,-0.7328,0.0946,1.5048
2014-06-13 00:00:00,718500.0,3.0,2.0,2910,6600.0,2.0,0,0,4,1920,990.0,1900,1988,3959 S Ferdinand St,Seattle,WA 98118,USA,114,1,0.8653,-0.2267,0.1304,1.5467,2.3785
2014-06-13 00:00:00,299000.0,3.0,1.75,1180,13927.0,1.0,0,0,5,1180,0.0,1962,0,18438 SE 135th St,Renton,WA 98059,USA,52,0,-1.0215,-0.0224,-0.7568,-0.665,0.2951
2014-06-13 00:00:00,556000.0,3.0,1.75,1640,7437.0,1.0,0,0,3,1090,550.0,1948,1994,7736 38th Ave SW,Seattle,WA 98126,USA,66,1,-0.5198,-0.2034,-0.8647,0.5637,0.7655
2014-06-13 00:00:00,171000.0,4.0,2.0,1520,19672.0,1.0,0,0,3,1020,500.0,1920,1979,15014 42nd Ave S,Tukwila,WA 98188,USA,94,1,-0.6507,0.1378,-0.9486,0.452,1.7064
2014-06-13 00:00:00,540000.0,5.0,3.0,3610,9775.0,2.0,0,0,3,3610,0.0,2003,0,24760 SE 276th Pl,Maple Valley,WA 98038,USA,11,0,1.6288,-0.1382,2.1565,-0.665,-1.0827
2014-06-13 00:00:00,250000.0,3.0,2.25,1400,3814.0,2.0,0,0,3,1400,0.0,2012,1912,19521 SE 271st Pl,Covington,WA 98042,USA,2,1,-0.7816,-0.3044,-0.493,-0.665,-1.3851
2014-06-13 00:00:00,795000.0,4.0,3.5,3200,3250.0,2.0,0,0,3,2670,530.0,2007,0,2500 22nd Ct NE,Issaquah,WA 98029,USA,7,0,1.1816,-0.3201,1.0295,0.519,-1.2171
2014-06-13 00:00:00,575000.0,3.0,3.0,1384,1287.0,2.0,0,0,3,1144,240.0,2006,0,1128 10th Ave E,Seattle,WA 98102,USA,8,0,-0.799,-0.3748,-0.7999,-0.1288,-1.1835
2014-06-13 00:00:00,379500.0,3.0,2.25,1410,1287.0,2.0,0,0,3,1290,120.0,2005,0,2082 NW Boulder Way Dr,Issaquah,WA 98027,USA,9,0,-0.7707,-0.3748,-0.6249,-0.3969,-1.1499
2014-06-13 00:00:00,385000.0,4.0,2.5,2050,5276.0,2.0,0,0,3,2050,0.0,2006,0,5115 NE 5th Pl,Renton,WA 98059,USA,8,0,-0.0726,-0.2636,0.2862,-0.665,-1.1835
2014-06-13 00:00:00,415500.0,4.0,2.5,1750,4779.0,2.0,0,0,3,1750,0.0,2009,0,8019 NE 183rd St,Kenmore,WA 98028,USA,5,0,-0.3998,-0.2775,-0.0734,-0.665,-1.2843
2014-06-14 00:00:00,397500.0,3.0,2.0,1510,6710.0,1.0,0,0,3,1070,440.0,1972,2002,9325 NE 133rd St,Kirkland,WA 98034,USA,42,1,-0.6616,-0.2236,-0.8887,0.318,-0.0409
2014-06-14 00:00:00,530000.0,3.0,2.5,1930,7214.0,2.0,0,0,3,1930,0.0,2005,0,1901 NE 125th St,Seattle,WA 98125,USA,9,0,-0.2035,-0.2096,0.1424,-0.665,-1.1499
2014-06-14 00:00:00,883000.0,4.0,2.5,2960,41656.0,2.0,0,0,3,2960,0.0,1985,0,14369 155th Ave NE,Woodinville,WA 98072,USA,29,0,0.9199,0.7507,1.3772,-0.665,-0.4778
2014-06-14 00:00:00,850000.0,5.0,2.75,2920,11880.0,1.0,0,0,5,1660,1260.0,1968,0,1498 Hillside Dr SE,Issaquah,WA 98027,USA,46,0,0.8762,-0.0795,-0.1813,2.1499,0.0935
2014-06-14 00:00:00,496752.0,2.0,1.0,1980,5000.0,1.0,0,0,4,1090,0.0,1923,0,1908 29th Ave S,Seattle,WA 98144,USA,91,0,-0.149,-0.2713,-0.8647,-0.665,1.6056
2014-06-14 00:00:00,330000.0,3.0,1.75,1430,8865.0,1.0,0,0,3,1430,0.0,1950,2005,2704 NE 144th St,Seattle,WA 98125,USA,64,1,-0.7489,-0.1636,-0.4571,-0.665,0.6983
2014-06-14 00:00:00,735000.0,4.0,2.75,2450,4187.0,2.0,0,2,3,2450,0.0,2010,0,1750 10th Ave NE,Issaquah,WA 98029,USA,4,0,0.3636,-0.294,0.7658,-0.665,-1.3179
2014-06-14 00:00:00,525000.0,4.0,2.75,2360,4924.0,2.0,0,0,3,2360,0.0,2008,0,20012 79th Ave NE,Kenmore,WA 98028,USA,6,0,0.2655,-0.2734,0.6579,-0.665,-1.2507
2014-06-15 00:00:00,269950.0,3.0,2.5,1890,4838.0,2.0,0,0,3,1730,160.0,2002,0,4295 S 137th St,Tukwila,WA 98168,USA,12,0,-0.2471,-0.2758,-0.0974,-0.3076,-1.049
2014-06-15 00:00:00,650000.0,3.0,1.75,2140,9484.0,1.0,0,0,3,1290,850.0,1953,0,1411 112th Ave NE,Bellevue,WA 98004,USA,61,0,0.0255,-0.1463,-0.6249,1.2339,0.5975
2014-06-15 00:00:00,520500.0,3.0,2.0,1900,8100.0,1.0,0,0,4,950,950.0,1940,2001,834 NE 97th St,Seattle,WA 98115,USA,74,1,-0.2362,-0.1849,-1.0325,1.4573,1.0344
2014-06-15 00:00:00,652500.0,4.0,2.5,2700,9122.0,2.0,0,0,3,2700,0.0,1990,2009,25956 SE 37th Way,Issaquah,WA 98029,USA,24,1,0.6363,-0.1564,1.0655,-0.665,-0.6458
2014-06-15 00:00:00,506000.0,5.0,3.0,2430,8000.0,1.0,0,0,4,1370,1060.0,1957,2001,16437 SE 8th St,Bellevue,WA 98008,USA,57,1,0.3418,-0.1877,-0.529,1.7031,0.4631
2014-06-15 00:00:00,416000.0,3.0,1.0,1110,12150.0,1.0,0,0,4,1110,0.0,1957,2001,717 164th Ave SE,Bellevue,WA 98008,USA,57,1,-1.0979,-0.072,-0.8407,-0.665,0.4631
2014-06-16 00:00:00,500000.0,4.0,2.75,2280,15347.0,1.0,0,0,5,2280,0.0,1960,0,9007 132nd Pl SE,Newcastle,WA 98059,USA,54,0,0.1782,0.0172,0.562,-0.665,0.3623
2014-06-16 00:00:00,460000.0,3.0,1.75,1550,4708.0,1.0,0,0,4,860,690.0,1949,1985,6503 39th Ave NE,Seattle,WA 98115,USA,65,1,-0.618,-0.2795,-1.1404,0.8765,0.7319
2014-06-16 00:00:00,371025.0,3.0,2.0,1530,8925.0,1.0,0,0,3,1530,0.0,1977,2004,10536 NE 148th Ct,Bothell,WA 98011,USA,37,1,-0.6398,-0.1619,-0.3372,-0.665,-0.209
2014-06-16 00:00:00,576000.0,4.0,2.5,2440,28405.0,2.0,0,0,3,2440,0.0,2002,0,15125 78th Ave NE,Kenmore,WA 98028,USA,12,0,0.3527,0.3813,0.7538,-0.665,-1.049
2014-06-16 00:00:00,353500.0,4.0,2.25,1760,9602.0,2.0,0,0,3,1760,0.0,1987,2000,13738 SE 199th Pl,Renton,WA 98058,USA,27,1,-0.3889,-0.143,-0.0614,-0.665,-0.545
2014-06-16 00:00:00,1735000.0,4.0,2.25,3040,5000.0,2.0,0,3,4,2080,960.0,1926,1993,3907 47th Ave NE,Seattle,WA 98105,USA,88,1,1.0071,-0.2713,0.3222,1.4797,1.5048
2014-06-16 00:00:00,183000.0,3.0,1.75,1070,8100.0,1.0,0,0,4,1070,0.0,1957,2001,704 26th St SE,Auburn,WA 98002,USA,57,1,-1.1415,-0.1849,-0.8887,-0.665,0.4631
2014-06-16 00:00:00,763101.0,3.0,1.75,1990,5560.0,1.0,0,0,4,1100,890.0,1939,1989,4811-4815 38th Ave NE,Seattle,WA 98105,USA,75,1,-0.1381,-0.2557,-0.8527,1.3233,1.068
2014-06-16 00:00:00,460000.0,2.0,1.5,1090,4000.0,1.0,0,0,3,970,120.0,1951,1994,2646 48th Ave SW,Seattle,WA 98116,USA,63,1,-1.1197,-0.2992,-1.0086,-0.3969,0.6647
2014-06-16 00:00:00,825000.0,4.0,1.5,1890,6938.0,1.5,0,0,3,1890,0.0,1919,2001,1529 45th Ave SW,Seattle,WA 98116,USA,95,1,-0.2471,-0.2173,0.0944,-0.665,1.74
2014-06-16 00:00:00,265000.0,3.0,1.0,1000,9150.0,1.0,0,0,3,1000,0.0,1969,2010,16206 SE 134th St,Renton,WA 98059,USA,45,1,-1.2178,-0.1556,-0.9726,-0.665,0.0599
2014-06-16 00:00:00,295000.0,3.0,1.75,1770,8235.0,1.0,0,0,3,1030,740.0,1960,2012,455 S 190th St,Burien,WA 98148,USA,54,1,-0.378,-0.1811,-0.9366,0.9882,0.3623
2014-06-16 00:00:00,418000.0,4.0,3.0,2360,6250.0,1.0,0,2,3,1460,900.0,1960,2012,9957 Rainier Ave S,Seattle,WA 98118,USA,54,1,0.2655,-0.2365,-0.4211,1.3456,0.3623
2014-06-16 00:00:00,554000.0,3.0,3.5,3380,108900.0,2.0,0,0,3,2700,680.0,1999,0,19000 196th Ave SE,Renton,WA 98058,USA,15,0,1.3779,2.6257,1.0655,0.8542,-0.9482
2014-06-16 00:00:00,534500.0,3.0,2.5,1700,3150.0,2.0,0,0,3,1700,0.0,2005,0,2493 NE Laurel Crest Ln,Issaquah,WA 98029,USA,9,0,-0.4544,-0.3229,-0.1334,-0.665,-1.1499
2014-06-16 00:00:00,690000.0,2.0,1.75,1600,4000.0,1.0,0,0,5,850,750.0,1918,0,2505 E Calhoun St,Seattle,WA 98112,USA,96,0,-0.5634,-0.2992,-1.1524,1.0105,1.7736
2014-06-16 00:00:00,530000.0,4.0,2.5,2050,6360.0,2.0,0,0,3,2050,0.0,1988,2000,24610 SE 45th Way,Issaquah,WA 98029,USA,26,1,-0.0726,-0.2334,0.2862,-0.665,-0.5786
2014-06-16 00:00:00,357186.0,2.0,1.75,1210,1040.0,2.0,0,0,3,1210,0.0,2014,0,2520 Mulberry Walk NE,Issaquah,WA 98029,USA,0,0,-0.9888,-0.3817,-0.7208,-0.665,-1.4523
2014-06-16 00:00:00,300000.0,5.0,3.0,1940,6355.0,1.0,0,0,3,1200,740.0,2007,0,11720 8th Ave S,Seattle,WA 98168,USA,7,0,-0.1926,-0.2335,-0.7328,0.9882,-1.2171
2014-06-16 00:00:00,304000.0,4.0,2.0,1810,8750.0,1.0,0,0,2,1110,700.0,1967,0,12727 SE 191st Pl,Renton,WA 98058,USA,47,0,-0.3344,-0.1668,-0.8407,0.8988,0.1271
2014-06-16 00:00:00,385000.0,4.0,1.75,1690,4080.0,1.0,0,0,4,870,820.0,1984,0,3405 35th Ave S,Seattle,WA 98144,USA,30,0,-0.4653,-0.297,-1.1284,1.1669,-0.4442
2014-06-16 00:00:00,415000.0,4.0,2.0,1800,2970.0,1.0,0,0,4,1000,800.0,1923,0,7502 15th Ave NE,Seattle,WA 98115,USA,91,0,-0.3453,-0.3279,-0.9726,1.1222,1.6056
2014-06-16 00:00:00,963000.0,4.0,3.5,3280,6603.0,2.0,0,0,3,3280,0.0,2007,0,16030 SE 45th Pl,Bellevue,WA 98006,USA,7,0,1.2689,-0.2266,1.7608,-0.665,-1.2171
2014-06-16 00:00:00,792500.0,4.0,2.5,4290,175421.0,2.0,0,0,3,4290,0.0,2004,2003,26735 SE 271st St,Ravensdale,WA 98051,USA,10,1,2.3704,4.4805,2.9717,-0.665,-1.1163
2014-06-16 00:00:00,309212.0,3.0,2.25,1150,9600.0,1.0,0,0,3,1150,0.0,1979,2014,42511 SE 175th Pl,North Bend,WA 98045,USA,35,1,-1.0542,-0.1431,-0.7928,-0.665,-0.2762
2014-06-16 00:00:00,235000.0,2.0,1.5,880,1805.0,2.0,0,0,3,880,0.0,1999,0,10546 Stone Ave N,Seattle,WA 98133,USA,15,0,-1.3487,-0.3604,-1.1165,-0.665,-0.9482
2014-06-16 00:00:00,667000.0,3.0,1.5,1720,8100.0,2.0,0,0,3,1720,0.0,1907,1983,3239 NW 64th St,Seattle,WA 98107,USA,107,1,-0.4326,-0.1849,-0.1094,-0.665,2.1433
2014-06-16 00:00:00,470000.0,3.0,1.5,1510,8000.0,1.0,0,0,4,1510,0.0,1956,0,2559 155th Ave SE,Bellevue,WA 98007,USA,58,0,-0.6616,-0.1877,-0.3612,-0.665,0.4967
2014-06-16 00:00:00,375000.0,4.0,2.0,1240,3000.0,1.0,0,0,3,1040,200.0,1908,1988,549 27th Ave,Seattle,WA 98122,USA,106,1,-0.9561,-0.3271,-0.9246,-0.2182,2.1097
2014-06-16 00:00:00,410000.0,4.0,2.0,1580,9581.0,1.0,0,0,3,1580,0.0,1953,0,10221 132nd Ave NE,Kirkland,WA 98033,USA,61,0,-0.5853,-0.1436,-0.2772,-0.665,0.5975
2014-06-16 00:00:00,566000.0,4.0,2.25,2170,7737.0,2.0,0,0,3,2170,0.0,1987,2000,23238 NE 29th Ct,Sammamish,WA 98074,USA,27,1,0.0582,-0.195,0.4301,-0.665,-0.545
2014-06-16 00:00:00,680000.0,4.0,2.75,2500,4950.0,2.0,0,0,3,2500,0.0,2010,0,11000 243rd Ave NE,Redmond,WA 98053,USA,4,0,0.4182,-0.2727,0.8257,-0.665,-1.3179
2014-06-16 00:00:00,332000.0,1.0,1.0,960,2640.0,1.0,0,0,3,760,200.0,1908,1988,2919 E Harrison St,Seattle,WA 98112,USA,106,1,-1.2615,-0.3371,-1.2603,-0.2182,2.1097
2014-06-16 00:00:00,902000.0,4.0,2.5,3030,8507.0,2.0,0,0,3,3030,0.0,2003,0,6909 123rd Ave NE,Kirkland,WA 98033,USA,11,0,0.9962,-0.1735,1.4611,-0.665,-1.0827
2014-06-16 00:00:00,500000.0,3.0,1.75,1540,10800.0,1.0,0,0,5,770,770.0,1947,0,3718 88th Ave SE,Mercer Island,WA 98040,USA,67,0,-0.6289,-0.1096,-1.2483,1.0552,0.7991
2014-06-16 00:00:00,445000.0,3.0,1.75,1890,32340.0,1.5,0,3,3,1890,0.0,1976,0,21236 Tramp Harbor Rd SW,Vashon,WA 98070,USA,38,0,-0.2471,0.491,0.0944,-0.665,-0.1754
2014-06-16 00:00:00,825000.0,4.0,2.5,2810,9800.0,1.0,0,0,4,1710,1100.0,1973,0,14312 SE 45th St,Bellevue,WA 98006,USA,41,0,0.7563,-0.1375,-0.1214,1.7925,-0.0746
2014-06-16 00:00:00,1095000.0,4.0,4.0,3530,8400.0,2.0,0,0,5,2630,900.0,1958,0,2420 30th Ave W,Seattle,WA 98199,USA,56,0,1.5415,-0.1765,0.9816,1.3456,0.4295
2014-06-16 00:00:00,277000.0,3.0,1.0,1100,8536.0,1.0,0,0,4,1100,0.0,1957,2001,9615 58th Ave S,Seattle,WA 98118,USA,57,1,-1.1088,-0.1727,-0.8527,-0.665,0.4631
2014-06-16 00:00:00,545000.0,3.0,2.5,1940,9775.0,1.0,0,2,3,1440,500.0,1975,0,12710 89th Pl NE,Kirkland,WA 98034,USA,39,0,-0.1926,-0.1382,-0.4451,0.452,-0.1418
2014-06-16 00:00:00,435000.0,3.0,2.5,2300,9521.0,2.0,0,0,3,2300,0.0,2003,0,16023 271st Pl NE,Duvall,WA 98019,USA,11,0,0.2,-0.1453,0.5859,-0.665,-1.0827
2014-06-16 00:00:00,638000.0,3.0,2.5,2110,3600.0,2.0,0,0,3,2110,0.0,2005,0,6533 193rd Pl NE,Redmond,WA 98052,USA,9,0,-0.0072,-0.3104,0.3582,-0.665,-1.1499
2014-06-16 00:00:00,418000.0,4.0,1.5,1220,10580.0,1.0,0,0,3,1220,0.0,1965,1993,1212 168th Ave NE,Bellevue,WA 98008,USA,49,1,-0.9779,-0.1157,-0.7088,-0.665,0.1943
2014-06-16 00:00:00,499000.0,3.0,1.75,1750,12325.0,1.0,0,0,4,1470,280.0,1968,0,16618 NE 91st St,Redmond,WA 98052,USA,46,0,-0.3998,-0.0671,-0.4091,-0.0395,0.0935
2014-06-16 00:00:00,150000.0,3.0,1.5,1230,8056.0,1.0,0,0,4,1230,0.0,1949,1985,1432 S 129th St,Burien,WA 98168,USA,65,1,-0.967,-0.1861,-0.6968,-0.665,0.7319
2014-06-16 00:00:00,759950.0,3.0,2.5,3100,23790.0,2.0,0,0,3,3100,0.0,2002,0,2328 246th Ave SE,Sammamish,WA 98075,USA,12,0,1.0726,0.2526,1.545,-0.665,-1.049
2014-06-16 00:00:00,427000.0,3.0,2.5,1830,65340.0,1.0,0,0,3,1520,310.0,1991,0,44218 SE 161st Pl,North Bend,WA 98045,USA,23,0,-0.3126,1.4111,-0.3492,0.0276,-0.6794
2014-06-16 00:00:00,632500.0,5.0,2.5,2640,7096.0,2.0,0,0,3,2640,0.0,2003,0,9181 226th Pl NE,Redmond,WA 98053,USA,11,0,0.5708,-0.2129,0.9936,-0.665,-1.0827
2014-06-16 00:00:00,660000.0,6.0,1.75,1840,2774.0,1.0,0,0,3,1060,780.0,1900,2005,220 17th Ave,Seattle,WA 98122,USA,114,1,-0.3017,-0.3334,-0.9007,1.0776,2.3785
2014-06-16 00:00:00,862000.0,4.0,2.5,3190,14565.0,2.0,0,0,3,3190,0.0,1990,2009,12623 198th Dr NE,Woodinville,WA 98077,USA,24,1,1.1707,-0.0046,1.6529,-0.665,-0.6458
2014-06-16 00:00:00,524000.0,2.0,1.0,1120,2000.0,1.5,0,0,3,1120,0.0,1910,2006,159 Fulton St,Seattle,WA 98109,USA,104,1,-1.087,-0.355,-0.8287,-0.665,2.0425
2014-06-16 00:00:00,470000.0,3.0,1.5,1760,6723.0,1.0,0,0,3,1160,600.0,1958,2004,5624 Wilson Ave S,Seattle,WA 98118,USA,56,1,-0.3889,-0.2233,-0.7808,0.6754,0.4295
2014-06-16 00:00:00,385000.0,3.0,2.0,1590,9912.0,2.0,0,0,3,1590,0.0,2000,0,7612 SW 258th Ct,Vashon,WA 98070,USA,14,0,-0.5743,-0.1344,-0.2653,-0.665,-0.9818
2014-06-16 00:00:00,575000.0,4.0,2.5,2120,9603.0,2.0,0,0,3,2120,0.0,1985,0,460 Indigo Pl NW,Issaquah,WA 98027,USA,29,0,0.0037,-0.143,0.3701,-0.665,-0.4778
2014-06-16 00:00:00,220000.0,4.0,2.5,2240,9826.0,1.0,0,0,4,1370,870.0,1988,0,2410 SW 323rd St,Federal Way,WA 98023,USA,26,0,0.1346,-0.1368,-0.529,1.2786,-0.5786
2014-06-16 00:00:00,460000.0,2.0,1.0,890,2100.0,1.0,0,0,4,760,130.0,1919,1985,4008 2nd Ave NW,Seattle,WA 98107,USA,95,1,-1.3378,-0.3522,-1.2603,-0.3746,1.74
2014-06-16 00:00:00,1712500.0,3.0,3.25,2940,5432.0,3.0,0,3,4,2440,500.0,1978,2000,150 Highland Dr,Seattle,WA 98109,USA,36,1,0.898,-0.2593,0.7538,0.452,-0.2426
2014-06-16 00:00:00,175000.0,3.0,1.5,1220,7300.0,1.0,0,0,3,1220,0.0,1973,2013,4342 S 299th St,Auburn,WA 98001,USA,41,1,-0.9779,-0.2072,-0.7088,-0.665,-0.0746
2014-06-16 00:00:00,465000.0,3.0,2.25,2670,7500.0,1.0,0,0,4,1640,1030.0,1966,0,15800-15898 15th Ave SW,Burien,WA 98166,USA,48,0,0.6036,-0.2016,-0.2053,1.6361,0.1607
2014-06-16 00:00:00,552000.0,3.0,1.0,1120,2300.0,1.0,0,0,4,820,300.0,1912,1989,7002 22nd Ave NW,Seattle,WA 98117,USA,102,1,-1.087,-0.3466,-1.1884,0.0052,1.9753
2014-06-16 00:00:00,565000.0,4.0,2.75,3130,139392.0,2.0,0,0,4,3130,0.0,1981,0,27705 114th Ave SE,Kent,WA 98030,USA,33,0,1.1053,3.4759,1.581,-0.665,-0.3434
2014-06-16 00:00:00,518000.0,4.0,2.5,1740,7500.0,1.0,0,0,4,1220,0.0,1976,1992,10342 162nd Pl NE,Redmond,WA 98052,USA,38,1,-0.4107,-0.2016,-0.7088,-0.665,-0.1754
2014-06-16 00:00:00,899950.0,4.0,3.5,3290,5414.0,2.0,0,1,3,2360,930.0,2006,0,11672 91st Pl NE,Kirkland,WA 98034,USA,8,0,1.2798,-0.2598,0.6579,1.4127,-1.1835
2014-06-16 00:00:00,373000.0,3.0,1.0,1770,5720.0,1.5,0,0,4,1140,630.0,1926,1993,5232 36th Ave SW,Seattle,WA 98126,USA,88,1,-0.378,-0.2512,-0.8047,0.7425,1.5048
2014-06-16 00:00:00,385000.0,4.0,2.5,2960,5054.0,2.0,0,0,3,2960,0.0,2006,0,26920 229th Pl SE,Maple Valley,WA 98038,USA,8,0,0.9199,-0.2698,1.3772,-0.665,-1.1835
2014-06-16 00:00:00,245000.0,2.0,1.0,1200,4880.0,1.0,0,0,3,980,220.0,1943,2002,8421 8th Ave SW,Seattle,WA 98106,USA,71,1,-0.9997,-0.2747,-0.9966,-0.1735,0.9336
2014-06-16 00:00:00,375000.0,4.0,2.0,2400,6000.0,2.0,0,0,3,2400,0.0,1913,1945,9801-9999 NE 183rd St,Bothell,WA 98011,USA,101,1,0.3091,-0.2434,0.7058,-0.665,1.9417
2014-06-16 00:00:00,699850.0,4.0,3.5,2690,6164.0,2.0,0,0,3,2690,0.0,2002,0,1010 274th Way SE,Sammamish,WA 98075,USA,12,0,0.6254,-0.2389,1.0535,-0.665,-1.049
2014-06-16 00:00:00,450000.0,6.0,2.25,3550,11780.0,1.0,0,0,4,2960,590.0,1948,0,12722 15th Ave NE,Seattle,WA 98125,USA,66,0,1.5633,-0.0823,1.3772,0.6531,0.7655
2014-06-16 00:00:00,455000.0,2.0,2.25,1310,12196.0,1.5,0,0,3,1310,0.0,1970,2014,16326 NE 43rd Ct,Redmond,WA 98052,USA,44,1,-0.8797,-0.0707,-0.6009,-0.665,0.0263
2014-06-16 00:00:00,650000.0,4.0,2.75,2610,4160.0,3.0,0,0,5,1910,700.0,1910,0,118 N 84th St,Seattle,WA 98103,USA,104,0,0.5381,-0.2947,0.1184,0.8988,2.0425
2014-06-16 00:00:00,378000.0,5.0,2.5,2760,8015.0,1.0,0,0,4,1600,1160.0,1960,2001,13327 30th Ave NE,Seattle,WA 98125,USA,54,1,0.7017,-0.1873,-0.2533,1.9265,0.3623
2014-06-16 00:00:00,220000.0,3.0,2.0,1410,7998.0,1.0,0,0,4,1410,0.0,1940,2001,11851 44th Pl S,Tukwila,WA 98178,USA,74,1,-0.7707,-0.1877,-0.4811,-0.665,1.0344
2014-06-16 00:00:00,285500.0,4.0,1.75,1960,7950.0,1.0,0,0,4,1960,0.0,1967,0,32500-32514 35th Ave SW,Federal Way,WA 98023,USA,47,0,-0.1708,-0.1891,0.1783,-0.665,0.1271
2014-06-16 00:00:00,340000.0,3.0,2.5,1212,1174.0,3.0,0,0,3,1212,0.0,2004,2003,11716 16th Ave NE,Seattle,WA 98125,USA,10,1,-0.9866,-0.378,-0.7184,-0.665,-1.1163
2014-06-16 00:00:00,921000.0,4.0,1.5,2220,9496.0,1.0,0,0,4,1490,730.0,1954,1979,1431 102nd Ave NE,Bellevue,WA 98004,USA,60,1,0.1128,-0.146,-0.3851,0.9659,0.5639
2014-06-16 00:00:00,375000.0,4.0,2.5,2040,109336.0,1.5,0,0,4,2040,0.0,1973,0,20404 289th Ave SE,Maple Valley,WA 98038,USA,41,0,-0.0836,2.6378,0.2742,-0.665,-0.0746
2014-06-16 00:00:00,999000.0,4.0,2.75,2800,19168.0,2.0,0,0,3,2800,0.0,1992,0,2010 227th Ave SE,Sammamish,WA 98075,USA,22,0,0.7454,0.1237,1.1854,-0.665,-0.713
2014-06-16 00:00:00,335000.0,3.0,1.5,2040,6000.0,1.0,0,0,3,1340,700.0,1957,2000,9055 37th Ave S,Seattle,WA 98118,USA,57,1,-0.0836,-0.2434,-0.565,0.8988,0.4631
2014-06-16 00:00:00,1920000.0,4.0,2.5,3070,34412.0,1.0,0,3,4,2070,1000.0,1950,1983,3257 Evergreen Point Rd,Medina,WA 98039,USA,64,1,1.0398,0.5488,0.3102,1.569,0.6983
2014-06-16 00:00:00,385000.0,2.0,1.0,830,26329.0,1.0,1,3,4,830,0.0,1928,0,7310 SW Maury Park Rd,Vashon,WA 98070,USA,86,0,-1.4033,0.3234,-1.1764,-0.665,1.4376
2014-06-16 00:00:00,850000.0,4.0,3.5,4140,7089.0,2.0,0,0,3,3160,980.0,2003,0,11721 106th Ave NE,Kirkland,WA 98034,USA,11,0,2.2068,-0.2131,1.617,1.5244,-1.0827
2014-06-16 00:00:00,429000.0,5.0,2.5,2340,4500.0,2.0,0,0,3,2340,0.0,2009,0,526 Elma Pl NE,Renton,WA 98059,USA,5,0,0.2436,-0.2853,0.6339,-0.665,-1.2843
2014-06-16 00:00:00,523950.0,3.0,2.25,1420,1282.0,3.0,0,0,3,1420,0.0,2006,0,3817-3821 Whitman Ave N,Seattle,WA 98103,USA,8,0,-0.7598,-0.375,-0.4691,-0.665,-1.1835
2014-06-16 00:00:00,798800.0,3.0,2.75,2670,3738.0,1.0,0,0,3,1720,950.0,2013,1923,1009-1225 N 41st Pl,Renton,WA 98056,USA,1,1,0.6036,-0.3065,-0.1094,1.4573,-1.4187
2014-06-16 00:00:00,284000.0,3.0,2.5,1880,6008.0,2.0,0,0,3,1880,0.0,2009,0,29700 217th Pl SE,Kent,WA 98042,USA,5,0,-0.2581,-0.2432,0.0824,-0.665,-1.2843
2014-06-16 00:00:00,852880.0,4.0,3.25,3450,6184.0,2.0,0,0,3,3450,0.0,2014,0,120 214th Pl SE,Sammamish,WA 98074,USA,0,0,1.4543,-0.2383,1.9646,-0.665,-1.4523
2014-06-16 00:00:00,320000.0,3.0,2.25,1200,1400.0,3.0,0,0,3,1200,0.0,2005,0,10401 Holman Rd NW,Seattle,WA 98133,USA,9,0,-0.9997,-0.3717,-0.7328,-0.665,-1.1499
2014-06-16 00:00:00,749995.0,4.0,3.25,3430,9870.0,2.0,0,0,3,3430,0.0,2014,0,20417 126th Ave NE,Bothell,WA 98011,USA,0,0,1.4325,-0.1355,1.9407,-0.665,-1.4523
2014-06-16 00:00:00,468500.0,3.0,2.5,1350,1186.0,2.0,0,0,3,1120,230.0,2007,0,6724 Alonzo Ave NW,Seattle,WA 98117,USA,7,0,-0.8361,-0.3777,-0.8287,-0.1512,-1.2171
2014-06-16 00:00:00,492500.0,5.0,2.5,2570,9962.0,2.0,0,0,3,2570,0.0,2006,0,14206 284th Pl NE,Duvall,WA 98019,USA,8,0,0.4945,-0.133,0.9096,-0.665,-1.1835
2014-06-16 00:00:00,685000.0,4.0,3.5,2840,4637.0,3.0,0,0,3,2840,0.0,2008,0,546 NE 103rd St,Seattle,WA 98125,USA,6,0,0.789,-0.2814,1.2333,-0.665,-1.2507
2014-06-16 00:00:00,542525.0,4.0,2.5,2650,5600.0,2.0,0,0,3,2650,0.0,2014,0,13516 164th Ave SE,Renton,WA 98059,USA,0,0,0.5818,-0.2546,1.0055,-0.665,-1.4523
2014-06-16 00:00:00,435000.0,3.0,2.0,1980,2674.0,3.0,0,0,3,1980,0.0,2007,0,5451 Fauntleroy Way SW,Seattle,WA 98136,USA,7,0,-0.149,-0.3362,0.2023,-0.665,-1.2171
2014-06-17 00:00:00,242000.0,3.0,1.75,1280,7524.0,1.5,0,0,4,1280,0.0,1988,0,11431 SE 229th St,Kent,WA 98031,USA,26,0,-0.9125,-0.2009,-0.6369,-0.665,-0.5786
2014-06-17 00:00:00,325000.0,4.0,2.5,2610,7091.0,2.0,0,0,3,2610,0.0,1987,2000,33439 11th Pl SW,Federal Way,WA 98023,USA,27,1,0.5381,-0.213,0.9576,-0.665,-0.545
2014-06-17 00:00:00,837700.0,5.0,2.75,3010,12611.0,2.0,0,0,3,3010,0.0,1994,0,10717 179th Ct NE,Redmond,WA 98052,USA,20,0,0.9744,-0.0591,1.4371,-0.665,-0.7802
2014-06-17 00:00:00,210000.0,1.0,1.0,930,7129.0,1.0,0,0,3,930,0.0,1948,1994,2126 N 130th St,Seattle,WA 98133,USA,66,1,-1.2942,-0.212,-1.0565,-0.665,0.7655
2014-06-17 00:00:00,187500.0,3.0,1.5,1180,7000.0,1.0,0,0,4,1180,0.0,1977,0,34016 33rd Ave SW,Federal Way,WA 98023,USA,37,0,-1.0215,-0.2156,-0.7568,-0.665,-0.209
2014-06-17 00:00:00,560000.0,5.0,1.0,1710,9100.0,1.5,0,0,4,1320,390.0,1926,1993,7226 36th Ave SW,Seattle,WA 98126,USA,88,1,-0.4435,-0.157,-0.5889,0.2063,1.5048
2014-06-17 00:00:00,272000.0,3.0,2.0,1380,7476.0,1.0,0,0,3,1380,0.0,1989,0,5002 S 299th Pl,Auburn,WA 98001,USA,25,0,-0.8034,-0.2023,-0.517,-0.665,-0.6122
2014-06-17 00:00:00,235000.0,3.0,1.75,1190,7280.0,1.0,0,0,4,1190,0.0,1968,0,11234 SE 320th Pl,Auburn,WA 98092,USA,46,0,-1.0106,-0.2077,-0.7448,-0.665,0.0935
2014-06-17 00:00:00,259000.0,3.0,2.0,1870,5909.0,1.0,0,0,3,1270,600.0,1986,0,11834 SE 263rd Ct,Kent,WA 98030,USA,28,0,-0.269,-0.246,-0.6489,0.6754,-0.5114
2014-06-17 00:00:00,866059.0,5.0,3.5,3130,4797.0,2.0,0,0,3,2570,560.0,2014,0,15845 SE 44th Ct,Bellevue,WA 98006,USA,0,0,1.1053,-0.277,0.9096,0.5861,-1.4523
2014-06-17 00:00:00,473000.0,2.0,1.0,900,5100.0,1.0,0,0,4,900,0.0,1909,1989,7029 16th Ave NW,Seattle,WA 98117,USA,105,1,-1.3269,-0.2685,-1.0925,-0.665,2.0761
2014-06-17 00:00:00,405000.0,3.0,1.5,1880,7400.0,1.0,0,0,3,1480,400.0,1968,1997,5471 NE 200th Pl,Lake Forest Park,WA 98155,USA,46,1,-0.2581,-0.2044,-0.3971,0.2286,0.0935
2014-06-17 00:00:00,870000.0,4.0,4.25,3010,4887.0,2.0,0,3,4,1940,1070.0,1951,1996,8770 Sand Point Way NE,Seattle,WA 98115,USA,63,1,0.9744,-0.2745,0.1543,1.7254,0.6647
2014-06-17 00:00:00,475000.0,3.0,2.25,2280,5750.0,1.0,0,1,4,1150,1130.0,1985,0,4420 48th Ave SW,Seattle,WA 98116,USA,29,0,0.1782,-0.2504,-0.7928,1.8595,-0.4778
2014-06-17 00:00:00,499500.0,3.0,2.5,2970,21907.0,2.0,0,0,3,2970,0.0,1998,2006,14239 183rd Ave SE,Renton,WA 98059,USA,16,1,0.9308,0.2001,1.3892,-0.665,-0.9146
2014-06-17 00:00:00,386000.0,2.0,2.5,1620,7663.0,2.0,0,0,3,1620,0.0,2008,0,9225-9305 Mitten Ave SE,Snoqualmie,WA 98065,USA,6,0,-0.5416,-0.1971,-0.2293,-0.665,-1.2507
2014-06-17 00:00:00,458000.0,4.0,1.5,1550,3000.0,1.5,0,0,3,1350,200.0,1918,0,4402 4th Ave NE,Seattle,WA 98105,USA,96,0,-0.618,-0.3271,-0.553,-0.2182,1.7736
2014-06-17 00:00:00,550000.0,3.0,1.75,2240,78225.0,2.0,0,0,5,2240,0.0,1976,0,15639 115th Ave SW,Vashon,WA 98070,USA,38,0,0.1346,1.7704,0.514,-0.665,-0.1754
2014-06-17 00:00:00,605500.0,3.0,2.5,2830,6536.0,2.0,0,0,3,2830,0.0,1989,0,12504 NE 163rd St,Woodinville,WA 98072,USA,25,0,0.7781,-0.2285,1.2213,-0.665,-0.6122
2014-06-17 00:00:00,421000.0,3.0,2.5,2890,21780.0,2.0,0,0,3,2890,0.0,2000,0,3717 S 189th Pl,SeaTac,WA 98188,USA,14,0,0.8435,0.1965,1.2933,-0.665,-0.9818
2014-06-17 00:00:00,536000.0,4.0,2.25,1990,5948.0,2.0,0,0,3,1990,0.0,1991,0,4002 258th Way SE,Issaquah,WA 98029,USA,23,0,-0.1381,-0.2449,0.2143,-0.665,-0.6794
2014-06-17 00:00:00,247200.0,3.0,1.75,1370,8719.0,1.0,0,0,3,1370,0.0,1982,0,26303 191st Pl SE,Covington,WA 98042,USA,32,0,-0.8143,-0.1676,-0.529,-0.665,-0.377
2014-06-17 00:00:00,250000.0,2.0,1.5,1088,1360.0,2.0,0,0,3,1088,0.0,1983,2009,9603 NE 121st Ln,Kirkland,WA 98034,USA,31,1,-1.1219,-0.3728,-0.8671,-0.665,-0.4106
2014-06-17 00:00:00,204950.0,4.0,1.75,1740,9344.0,1.0,0,0,3,1180,560.0,1978,0,5108 SW 316th Pl,Federal Way,WA 98023,USA,36,0,-0.4107,-0.1502,-0.7568,0.5861,-0.2426
2014-06-17 00:00:00,430000.0,3.0,2.0,1730,9000.0,1.0,0,0,3,1370,360.0,1978,0,975-1005 Greenwood Blvd SW,Issaquah,WA 98027,USA,36,0,-0.4217,-0.1598,-0.529,0.1393,-0.2426
2014-06-17 00:00:00,250000.0,4.0,2.5,1800,8100.0,2.0,0,0,3,1800,0.0,1998,2006,22028 SE 269th St,Maple Valley,WA 98038,USA,16,1,-0.3453,-0.1849,-0.0135,-0.665,-0.9146
2014-06-17 00:00:00,260000.0,3.0,1.75,1440,12888.0,1.0,0,2,3,1090,350.0,1958,2004,14710 57th Ave S,Tukwila,WA 98168,USA,56,1,-0.7379,-0.0514,-0.8647,0.1169,0.4295
2014-06-17 00:00:00,547000.0,4.0,1.0,1720,2800.0,1.5,0,0,4,1200,520.0,1926,1993,6211 27th Ave NE,Seattle,WA 98115,USA,88,1,-0.4326,-0.3327,-0.7328,0.4967,1.5048
2014-06-17 00:00:00,379900.0,5.0,3.5,2800,7350.0,2.0,0,0,3,2800,0.0,1995,0,8430 8th Ave SW,Seattle,WA 98106,USA,19,0,0.7454,-0.2058,1.1854,-0.665,-0.8138
2014-06-17 00:00:00,738500.0,3.0,2.5,2300,6009.0,1.0,0,0,3,2300,0.0,2005,0,12115 Big Leaf Way NE,Redmond,WA 98053,USA,9,0,0.2,-0.2432,0.5859,-0.665,-1.1499
2014-06-17 00:00:00,545000.0,4.0,2.25,2030,11585.0,1.0,0,0,4,1590,440.0,1967,0,15703 NE 54th Way,Redmond,WA 98052,USA,47,0,-0.0945,-0.0877,-0.2653,0.318,0.1271
2014-06-17 00:00:00,342000.0,2.0,2.25,740,6180.0,1.0,0,0,3,740,0.0,1948,1994,4813 S Findlay St,Seattle,WA 98118,USA,66,1,-1.5014,-0.2384,-1.2843,-0.665,0.7655
2014-06-17 00:00:00,170000.0,4.0,1.0,1920,13787.0,1.0,0,0,4,1220,700.0,1966,0,17104 Military Rd S,SeaTac,WA 98188,USA,48,0,-0.2144,-0.0263,-0.7088,0.8988,0.1607
2014-06-17 00:00:00,616000.0,4.0,2.5,2490,12929.0,2.0,0,0,3,2490,0.0,1983,2009,24106 NE 6th Pl,Sammamish,WA 98074,USA,31,1,0.4072,-0.0502,0.8137,-0.665,-0.4106
2014-06-17 00:00:00,640000.0,3.0,2.0,1380,4800.0,1.0,0,0,3,1380,0.0,1948,1994,3415 9th Ave W,Seattle,WA 98119,USA,66,1,-0.8034,-0.2769,-0.517,-0.665,0.7655
2014-06-17 00:00:00,332000.0,3.0,2.5,1530,9406.0,1.0,0,0,3,1270,260.0,1993,0,4214 NE 2nd St,Renton,WA 98059,USA,21,0,-0.6398,-0.1485,-0.6489,-0.0841,-0.7466
2014-06-17 00:00:00,1010000.0,3.0,3.25,2420,1923.0,2.0,0,2,3,1840,580.0,2006,0,2010 8th Ave N,Seattle,WA 98109,USA,8,0,0.3309,-0.3571,0.0345,0.6307,-1.1835
2014-06-17 00:00:00,380000.0,4.0,2.5,2150,37647.0,2.0,0,0,3,2150,0.0,1991,0,19504 SE 324th St,Kent,WA 98042,USA,23,0,0.0364,0.639,0.4061,-0.665,-0.6794
2014-06-17 00:00:00,415000.0,4.0,2.0,1610,9600.0,1.0,0,0,5,1610,0.0,1967,0,7815 116th Ave SE,Newcastle,WA 98056,USA,47,0,-0.5525,-0.1431,-0.2413,-0.665,0.1271
2014-06-17 00:00:00,1008000.0,4.0,3.5,2650,3060.0,2.0,0,0,3,2060,590.0,2001,0,2133 N 62nd St,Seattle,WA 98103,USA,13,0,0.5818,-0.3254,0.2982,0.6531,-1.0154
2014-06-17 00:00:00,669000.0,4.0,2.75,2700,35362.0,2.0,0,0,5,2700,0.0,1976,0,18222 NE 186th St,Woodinville,WA 98077,USA,38,0,0.6363,0.5753,1.0655,-0.665,-0.1754
2014-06-17 00:00:00,260000.0,3.0,1.5,1270,20700.0,1.0,0,0,2,1150,120.0,1948,0,3029 NE 178th St,Lake Forest Park,WA 98155,USA,66,0,-0.9234,0.1664,-0.7928,-0.3969,0.7655
2014-06-17 00:00:00,854000.0,4.0,2.75,3150,38865.0,1.0,0,0,3,2480,670.0,1986,0,14302-14314 174th Ave NE,Redmond,WA 98052,USA,28,0,1.1271,0.6729,0.8017,0.8318,-0.5114
2014-06-17 00:00:00,605000.0,3.0,2.25,2010,10760.0,2.0,0,0,3,2010,0.0,1985,0,14150 176th Ave NE,Redmond,WA 98052,USA,29,0,-0.1163,-0.1107,0.2383,-0.665,-0.4778
2014-06-17 00:00:00,320000.0,3.0,1.0,860,7663.0,1.5,0,0,3,860,0.0,1927,2011,10537 Interlake Ave N,Seattle,WA 98133,USA,87,1,-1.3705,-0.1971,-1.1404,-0.665,1.4712
2014-06-17 00:00:00,229950.0,3.0,2.0,1410,7466.0,1.0,0,0,3,1410,0.0,1983,2009,14609 SE 195th Pl,Renton,WA 98058,USA,31,1,-0.7707,-0.2026,-0.4811,-0.665,-0.4106
2014-06-17 00:00:00,255000.0,3.0,1.75,1700,7532.0,1.0,0,0,3,1700,0.0,1987,2000,27456-27498 124th Ave SE,Kent,WA 98030,USA,27,1,-0.4544,-0.2007,-0.1334,-0.665,-0.545
2014-06-17 00:00:00,1170000.0,4.0,2.5,2570,6251.0,2.0,0,0,3,2570,0.0,2000,0,1915 107th Ave SE,Bellevue,WA 98004,USA,14,0,0.4945,-0.2364,0.9096,-0.665,-0.9818
2014-06-17 00:00:00,479000.0,2.0,2.25,1230,932.0,2.0,0,0,3,1020,210.0,2004,2003,106 24th Ave E,Seattle,WA 98112,USA,10,1,-0.967,-0.3847,-0.9486,-0.1958,-1.1163
2014-06-17 00:00:00,1200000.0,4.0,3.5,4170,9748.0,2.0,0,0,3,4170,0.0,2004,2003,8264 154th Ave SE,Newcastle,WA 98059,USA,10,1,2.2396,-0.1389,2.8278,-0.665,-1.1163
2014-06-17 00:00:00,472000.0,3.0,2.5,1180,1262.0,3.0,0,0,3,1180,0.0,2010,0,2050 14th Ave W,Seattle,WA 98119,USA,4,0,-1.0215,-0.3755,-0.7568,-0.665,-1.3179
2014-06-17 00:00:00,198000.0,3.0,1.5,1430,7347.0,1.0,0,0,3,820,610.0,1980,0,2711 SW 344th Pl,Federal Way,WA 98023,USA,34,0,-0.7489,-0.2059,-1.1884,0.6978,-0.3098
2014-06-17 00:00:00,440000.0,4.0,2.0,1450,8400.0,1.5,0,0,4,1450,0.0,1962,0,14114 75th Ave NE,Kirkland,WA 98034,USA,52,0,-0.727,-0.1765,-0.4331,-0.665,0.2951
2014-06-17 00:00:00,506000.0,3.0,1.75,2180,7700.0,1.0,0,0,3,1480,700.0,1961,2004,17922 3rd Ave NW,Shoreline,WA 98177,USA,53,1,0.0691,-0.196,-0.3971,0.8988,0.3287
2014-06-17 00:00:00,382500.0,4.0,2.5,2210,7079.0,2.0,0,0,3,2210,0.0,1993,0,11824 SE 203rd St,Kent,WA 98031,USA,21,0,0.1019,-0.2134,0.478,-0.665,-0.7466
2014-06-17 00:00:00,269500.0,2.0,1.5,1480,7276.0,1.0,0,0,4,940,540.0,1978,2000,680 Shelton Ave NE,Renton,WA 98056,USA,36,1,-0.6943,-0.2079,-1.0445,0.5414,-0.2426
2014-06-17 00:00:00,560000.0,3.0,2.0,2340,3477.0,1.0,0,1,5,1170,1170.0,1971,0,5200 S Frontenac St,Seattle,WA 98118,USA,43,0,0.2436,-0.3138,-0.7688,1.9488,-0.0073
2014-06-17 00:00:00,840000.0,4.0,3.5,3860,18334.0,2.0,0,0,3,3120,740.0,1996,0,12237 198th Ave NE,Woodinville,WA 98077,USA,18,0,1.9015,0.1005,1.569,0.9882,-0.8474
2014-06-17 00:00:00,479500.0,3.0,2.75,2300,4637.0,2.0,0,0,3,2300,0.0,2008,0,34623 SE Leitz St,Snoqualmie,WA 98065,USA,6,0,0.2,-0.2814,0.5859,-0.665,-1.2507
2014-06-17 00:00:00,402000.0,3.0,1.5,1450,7375.0,1.0,0,0,3,1010,440.0,1968,1997,13420 121st Ave NE,Kirkland,WA 98034,USA,46,1,-0.727,-0.2051,-0.9606,0.318,0.0935
2014-06-17 00:00:00,549000.0,2.0,2.5,1380,953.0,3.0,0,0,3,1380,0.0,2006,0,5010 Greenwood Ave N,Seattle,WA 98103,USA,8,0,-0.8034,-0.3842,-0.517,-0.665,-1.1835
2014-06-17 00:00:00,449950.0,4.0,2.5,2470,3811.0,2.0,0,0,3,2470,0.0,1999,0,7206 Douglas Ave SE,Snoqualmie,WA 98065,USA,15,0,0.3854,-0.3045,0.7897,-0.665,-0.9482
2014-06-17 00:00:00,493000.0,4.0,1.75,2030,18295.0,1.5,0,0,4,2030,0.0,1975,0,12039 NE 145th St,Kirkland,WA 98034,USA,39,0,-0.0945,0.0994,0.2622,-0.665,-0.1418
2014-06-17 00:00:00,142500.0,4.0,0.75,1440,13300.0,1.0,0,0,3,1440,0.0,1948,1994,209 SW 142nd St,Burien,WA 98166,USA,66,1,-0.7379,-0.0399,-0.4451,-0.665,0.7655
2014-06-17 00:00:00,250000.0,3.0,1.75,1160,6134.0,1.0,0,0,3,1160,0.0,1998,2006,3812 I Pl NE,Auburn,WA 98002,USA,16,1,-1.0433,-0.2397,-0.7808,-0.665,-0.9146
2014-06-17 00:00:00,729000.0,3.0,1.0,1580,3840.0,2.0,0,0,3,1580,0.0,1908,1988,112 10th Ave E,Seattle,WA 98102,USA,106,1,-0.5853,-0.3037,-0.2772,-0.665,2.1097
2014-06-17 00:00:00,465000.0,2.0,2.75,1430,1425.0,2.0,0,0,3,995,435.0,2006,0,224 26th Ave E,Seattle,WA 98112,USA,8,0,-0.7489,-0.371,-0.9786,0.3068,-1.1835
2014-06-17 00:00:00,465000.0,2.0,2.0,1494,19271.0,2.0,1,4,3,1494,0.0,1943,1997,12533 SW 148th St,Vashon,WA 98070,USA,71,1,-0.6791,0.1266,-0.3803,-0.665,0.9336
2014-06-17 00:00:00,280000.0,4.0,2.25,1930,7207.0,1.0,0,0,4,1360,570.0,1988,0,25011 119th Pl SE,Kent,WA 98030,USA,26,0,-0.2035,-0.2098,-0.541,0.6084,-0.5786
2014-06-17 00:00:00,675000.0,6.0,1.75,2740,6360.0,1.0,0,3,3,1370,1370.0,1953,0,10721 Marine View Dr SW,Seattle,WA 98146,USA,61,0,0.6799,-0.2334,-0.529,2.3956,0.5975
2014-06-17 00:00:00,667500.0,3.0,2.0,1880,3800.0,1.0,0,0,5,1030,850.0,1927,0,7535 18th Ave NE,Seattle,WA 98115,USA,87,0,-0.2581,-0.3048,-0.9366,1.2339,1.4712
2014-06-17 00:00:00,809000.0,3.0,2.5,2590,7663.0,2.0,0,0,3,2590,0.0,1988,2000,14575 NE 57th St,Bellevue,WA 98007,USA,26,1,0.5163,-0.1971,0.9336,-0.665,-0.5786
2014-06-17 00:00:00,400000.0,3.0,2.25,2140,11266.0,2.0,0,0,3,2140,0.0,1986,0,27818 NE 141st St,Duvall,WA 98019,USA,28,0,0.0255,-0.0966,0.3941,-0.665,-0.5114
2014-06-17 00:00:00,310000.0,4.0,2.0,1870,6000.0,1.5,0,0,3,1870,0.0,1956,2001,11750 12th Ave NE,Seattle,WA 98125,USA,58,1,-0.269,-0.2434,0.0704,-0.665,0.4967
2014-06-17 00:00:00,435000.0,2.0,1.0,1230,3800.0,1.0,0,0,3,1230,0.0,1928,1954,3306 NE 70th St,Seattle,WA 98115,USA,86,1,-0.967,-0.3048,-0.6968,-0.665,1.4376
2014-06-17 00:00:00,465950.0,4.0,2.5,2340,6896.0,2.0,0,0,3,2340,0.0,2001,0,463 Pasco Pl NE,Renton,WA 98059,USA,13,0,0.2436,-0.2185,0.6339,-0.665,-1.0154
2014-06-17 00:00:00,1538000.0,3.0,2.25,2880,7599.0,1.0,0,2,3,1710,1170.0,1958,2002,1806 10th Pl W,Kirkland,WA 98033,USA,56,1,0.8326,-0.1989,-0.1214,1.9488,0.4295
2014-06-17 00:00:00,253000.0,3.0,1.5,880,6600.0,1.0,0,0,5,880,0.0,1945,0,11457 70th Pl S,Seattle,WA 98178,USA,69,0,-1.3487,-0.2267,-1.1165,-0.665,0.8663
2014-06-17 00:00:00,330000.0,3.0,2.5,3040,7232.0,2.0,0,0,3,3040,0.0,2003,0,29678 130th Way SE,Auburn,WA 98092,USA,11,0,1.0071,-0.2091,1.4731,-0.665,-1.0827
2014-06-17 00:00:00,554000.0,4.0,1.0,1120,7104.0,1.5,0,0,3,1120,0.0,1946,0,1212 NW 105th St,Seattle,WA 98177,USA,68,0,-1.087,-0.2127,-0.8287,-0.665,0.8327
2014-06-17 00:00:00,350000.0,3.0,2.0,1380,3600.0,3.0,0,0,3,1380,0.0,2013,1923,600 21st Ave,Seattle,WA 98122,USA,1,1,-0.8034,-0.3104,-0.517,-0.665,-1.4187
2014-06-17 00:00:00,294999.0,4.0,2.5,1660,9760.0,2.0,0,0,3,1660,0.0,1994,0,11400-11616 SE 266th St,Kent,WA 98030,USA,20,0,-0.498,-0.1386,-0.1813,-0.665,-0.7802
2014-06-17 00:00:00,1185001.0,3.0,2.75,2500,5568.0,2.0,0,0,5,2500,0.0,1905,0,723 16th Ave E,Seattle,WA 98112,USA,109,0,0.4182,-0.2555,0.8257,-0.665,2.2105
2014-06-17 00:00:00,752000.0,4.0,2.5,2940,10382.0,2.0,0,0,4,2940,0.0,1991,0,14214 SE 77th St,Newcastle,WA 98059,USA,23,0,0.898,-0.1213,1.3532,-0.665,-0.6794
2014-06-17 00:00:00,451000.0,4.0,2.5,1670,3315.0,2.0,0,0,3,1670,0.0,2005,0,2319 NE Marion Ln,Issaquah,WA 98029,USA,9,0,-0.4871,-0.3183,-0.1693,-0.665,-1.1499
2014-06-17 00:00:00,725000.0,4.0,2.75,2630,7505.0,2.0,0,0,3,2630,0.0,1994,0,13221 NE 93rd St,Redmond,WA 98052,USA,20,0,0.5599,-0.2015,0.9816,-0.665,-0.7802
2014-06-17 00:00:00,345000.0,4.0,2.75,2250,7412.0,1.0,0,0,4,1480,770.0,1975,0,15801 SE 175th Pl,Renton,WA 98058,USA,39,0,0.1455,-0.2041,-0.3971,1.0552,-0.1418
2014-06-17 00:00:00,206000.0,3.0,1.0,1320,7000.0,1.0,0,0,4,1320,0.0,1967,0,1812 33rd St SE,Auburn,WA 98002,USA,47,0,-0.8688,-0.2156,-0.5889,-0.665,0.1271
2014-06-17 00:00:00,2027000.0,4.0,3.75,4100,22798.0,1.5,0,3,5,2540,1560.0,1934,1979,4520 E Mercer Way,Mercer Island,WA 98040,USA,80,1,2.1632,0.2249,0.8737,2.8201,1.236
2014-06-17 00:00:00,1728000.0,4.0,3.0,3700,20570.0,1.0,0,0,4,1850,1850.0,1976,1992,1206 86th Ave NE,Bellevue,WA 98004,USA,38,1,1.7269,0.1628,0.0464,3.468,-0.1754
2014-06-17 00:00:00,580000.0,5.0,2.0,2700,10875.0,1.0,0,0,4,1540,1160.0,1962,0,620 151st Pl NE,Bellevue,WA 98007,USA,52,0,0.6363,-0.1075,-0.3252,1.9265,0.2951
2014-06-17 00:00:00,430000.0,3.0,1.0,980,7663.0,1.0,0,0,4,980,0.0,1950,1983,3609 49th Ave SW,Seattle,WA 98116,USA,64,1,-1.2397,-0.1971,-0.9966,-0.665,0.6983
2014-06-17 00:00:00,720000.0,4.0,2.5,2650,11520.0,2.0,0,0,3,2110,540.0,1988,2000,11433 NE 91st St,Kirkland,WA 98033,USA,26,1,0.5818,-0.0895,0.3582,0.5414,-0.5786
2014-06-17 00:00:00,824000.0,7.0,4.25,3670,4000.0,2.0,0,1,3,2800,870.0,1964,2000,2341 W Crockett St,Seattle,WA 98199,USA,50,1,1.6942,-0.2992,1.1854,1.2786,0.2279
2014-06-17 00:00:00,936000.0,3.0,2.25,2960,12420.0,1.0,0,2,4,1480,1480.0,1952,0,3267 57th Ave SW,Seattle,WA 98116,USA,62,0,0.9199,-0.0644,-0.3971,2.6414,0.6311
2014-06-17 00:00:00,535000.0,4.0,2.75,3070,7201.0,2.0,0,0,3,3070,0.0,2006,0,5351 NE 4th Ct,Renton,WA 98059,USA,8,0,1.0398,-0.21,1.5091,-0.665,-1.1835
2014-06-17 00:00:00,286800.0,3.0,2.5,1413,3600.0,2.0,0,0,3,1413,0.0,2011,0,20130 110th Terrace SE,Kent,WA 98031,USA,3,0,-0.7674,-0.3104,-0.4775,-0.665,-1.3515
2014-06-17 00:00:00,350000.0,2.0,2.5,1260,1347.0,3.0,0,0,3,1260,0.0,2005,0,9553 Interlake Ave N,Seattle,WA 98103,USA,9,0,-0.9343,-0.3732,-0.6609,-0.665,-1.1499
2014-06-17 00:00:00,345000.0,3.0,2.5,1680,2229.0,2.0,0,0,3,1680,0.0,2007,0,611 NE 165th St,Shoreline,WA 98155,USA,7,0,-0.4762,-0.3486,-0.1574,-0.665,-1.2171
2014-06-17 00:00:00,435000.0,3.0,2.25,1230,1238.0,2.0,0,0,3,1080,150.0,2009,0,3465 21st Ave W,Seattle,WA 98199,USA,5,0,-0.967,-0.3762,-0.8767,-0.3299,-1.2843
2014-06-17 00:00:00,1555000.0,3.0,3.5,4360,6240.0,2.0,0,3,3,2960,1400.0,2008,0,6812 Phinney Ave N,Seattle,WA 98103,USA,6,0,2.4468,-0.2367,1.3772,2.4627,-1.2507
2014-06-17 00:00:00,1325000.0,4.0,4.0,4420,16526.0,2.0,0,0,3,4420,0.0,2013,1923,SE 21st Ct,Sammamish,WA 98075,USA,1,1,2.5122,0.0501,3.1275,-0.665,-1.4187
2014-06-18 00:00:00,461000.0,3.0,3.25,2770,6278.0,2.0,0,0,3,1980,790.0,2006,0,3419 Meadow Ave N,Renton,WA 98056,USA,8,0,0.7126,-0.2357,0.2023,1.0999,-1.1835
2014-06-18 00:00:00,770000.0,3.0,2.25,2910,10204.0,2.0,0,0,3,2910,0.0,1990,2009,18322 NE 99th Way,Redmond,WA 98052,USA,24,1,0.8653,-0.1262,1.3172,-0.665,-0.6458
2014-06-18 00:00:00,1384000.0,4.0,3.25,4290,12103.0,1.0,0,3,3,2690,1600.0,1997,0,17892 SE 58th Pl,Bellevue,WA 98006,USA,17,0,2.3704,-0.0733,1.0535,2.9095,-0.881
2014-06-18 00:00:00,330000.0,3.0,2.5,1600,26977.0,2.0,0,0,3,1600,0.0,2005,0,32702 NE 202nd St,Duvall,WA 98019,USA,9,0,-0.5634,0.3415,-0.2533,-0.665,-1.1499
2014-06-18 00:00:00,322500.0,4.0,2.5,1820,6753.0,2.0,0,0,3,1820,0.0,1994,0,24223 232nd Pl SE,Maple Valley,WA 98038,USA,20,0,-0.3235,-0.2224,0.0105,-0.665,-0.7802
2014-06-18 00:00:00,1600000.0,6.0,5.0,6050,230652.0,2.0,0,3,3,6050,0.0,2001,0,29236 SE 5th St,Fall City,WA 98024,USA,13,0,4.29,6.0205,5.0817,-0.665,-1.0154
2014-06-18 00:00:00,475000.0,3.0,1.75,1700,8432.0,1.0,0,0,3,1230,470.0,1977,2004,1027B NE 130th St,Seattle,WA 98125,USA,37,1,-0.4544,-0.1756,-0.6968,0.385,-0.209
2014-06-18 00:00:00,250275.0,2.0,1.0,790,11234.0,1.0,0,0,4,790,0.0,1942,1982,17941 Riviera Pl SW,Normandy Park,WA 98166,USA,72,1,-1.4469,-0.0975,-1.2243,-0.665,0.9672
2014-06-18 00:00:00,274500.0,3.0,2.25,1720,9000.0,1.0,0,0,4,1320,400.0,1969,0,3924 SW 316th St,Federal Way,WA 98023,USA,45,0,-0.4326,-0.1598,-0.5889,0.2286,0.0599
2014-06-18 00:00:00,284950.0,3.0,1.0,990,10723.0,1.0,0,0,5,990,0.0,1960,0,12654 156th Ave SE,Renton,WA 98059,USA,54,0,-1.2287,-0.1117,-0.9846,-0.665,0.3623
2014-06-18 00:00:00,264950.0,4.0,1.75,1770,9011.0,1.0,0,0,5,1050,720.0,1983,0,26418 199th Pl SE,Covington,WA 98042,USA,31,0,-0.378,-0.1595,-0.9126,0.9435,-0.4106
2014-06-18 00:00:00,242000.0,3.0,2.0,1260,8092.0,1.0,0,0,3,1260,0.0,1986,0,21611 SE 266th St,Maple Valley,WA 98038,USA,28,0,-0.9343,-0.1851,-0.6609,-0.665,-0.5114
2014-06-18 00:00:00,913000.0,4.0,2.5,3640,10576.0,2.0,0,0,3,3640,0.0,1999,0,26966 SE 22nd Way,Sammamish,WA 98075,USA,15,0,1.6615,-0.1158,2.1924,-0.665,-0.9482
2014-06-18 00:00:00,555000.0,3.0,1.75,2040,6000.0,1.0,0,0,5,1120,920.0,1958,0,3850 51st Ave SW,Seattle,WA 98116,USA,56,0,-0.0836,-0.2434,-0.8287,1.3903,0.4295
2014-06-18 00:00:00,711000.0,4.0,1.75,1980,10800.0,1.0,0,0,5,990,990.0,1948,1985,3712 88th Ave SE,Mercer Island,WA 98040,USA,66,1,-0.149,-0.1096,-0.9846,1.5467,0.7655
2014-06-18 00:00:00,403500.0,5.0,2.5,3600,17300.0,1.0,0,0,4,2410,1190.0,1968,0,427 SW 174th St,Normandy Park,WA 98166,USA,46,0,1.6179,0.0716,0.7178,1.9935,0.0935
2014-06-18 00:00:00,975000.0,4.0,2.5,4270,43386.0,1.0,0,0,3,2680,1590.0,1991,0,21502 NE 103rd St,Redmond,WA 98053,USA,23,0,2.3486,0.799,1.0415,2.8871,-0.6794
2014-06-18 00:00:00,253779.0,4.0,2.0,2030,7663.0,1.5,0,0,3,1430,600.0,1947,2012,4821 S 175th St,SeaTac,WA 98188,USA,67,1,-0.0945,-0.1971,-0.4571,0.6754,0.7991
2014-06-18 00:00:00,384400.0,3.0,2.25,1689,1388.0,3.0,0,0,3,1689,0.0,2008,0,1021 NE 123rd St,Seattle,WA 98125,USA,6,0,-0.4664,-0.372,-0.1466,-0.665,-1.2507
2014-06-18 00:00:00,646000.0,5.0,2.75,2870,4461.0,1.0,0,0,3,1650,1220.0,1976,0,6316 26th Ave NW,Seattle,WA 98107,USA,38,0,0.8217,-0.2864,-0.1933,2.0605,-0.1754
2014-06-18 00:00:00,415000.0,3.0,1.75,1270,4800.0,1.0,0,0,3,1270,0.0,1952,2014,7340 35th Ave SW,Seattle,WA 98126,USA,62,1,-0.9234,-0.2769,-0.6489,-0.665,0.6311
2014-06-18 00:00:00,764000.0,4.0,2.5,2790,7938.0,2.0,0,0,3,2790,0.0,1997,0,23319 NE 15th St,Sammamish,WA 98074,USA,17,0,0.7344,-0.1894,1.1734,-0.665,-0.881
2014-06-18 00:00:00,507000.0,5.0,3.25,3850,16249.0,2.0,0,2,3,3030,820.0,2002,0,12975-12983 SE 301st St,Auburn,WA 98092,USA,12,0,1.8905,0.0423,1.4611,1.1669,-1.049
2014-06-18 00:00:00,545500.0,3.0,2.5,1560,9361.0,1.5,0,0,4,1360,200.0,1936,0,2930 S Edmunds St,Seattle,WA 98108,USA,78,0,-0.6071,-0.1497,-0.541,-0.2182,1.1688
2014-06-18 00:00:00,450000.0,3.0,1.75,1180,4080.0,1.0,0,0,4,760,420.0,1928,0,7341 27th Ave NW,Seattle,WA 98117,USA,86,0,-1.0215,-0.297,-1.2603,0.2733,1.4376
2014-06-18 00:00:00,264000.0,4.0,1.75,1820,8118.0,1.0,0,0,4,1080,740.0,1980,0,12632 SE 214th St,Kent,WA 98031,USA,34,0,-0.3235,-0.1844,-0.8767,0.9882,-0.3098
2014-06-18 00:00:00,650000.0,5.0,1.75,1260,4500.0,1.5,0,0,3,1260,0.0,1926,2003,830 W Armour St,Seattle,WA 98119,USA,88,1,-0.9343,-0.2853,-0.6609,-0.665,1.5048
2014-06-18 00:00:00,365000.0,3.0,2.5,2640,6715.0,2.0,0,0,3,1680,960.0,1991,0,17917 162nd Pl SE,Renton,WA 98058,USA,23,0,0.5708,-0.2235,-0.1574,1.4797,-0.6794
2014-06-18 00:00:00,343566.0,2.0,1.0,1100,4200.0,1.0,0,0,3,1100,0.0,1954,2005,8005 46th Ave SW,Seattle,WA 98136,USA,60,1,-1.1088,-0.2936,-0.8527,-0.665,0.5639
2014-06-18 00:00:00,375000.0,3.0,2.5,1950,6871.0,2.0,0,0,3,1950,0.0,1997,0,2475 NE 182nd Ct,Shoreline,WA 98155,USA,17,0,-0.1817,-0.2192,0.1663,-0.665,-0.881
2014-06-18 00:00:00,295000.0,3.0,2.0,1380,8682.0,1.0,0,0,4,1380,0.0,1966,0,19807-19813 10th Pl S,Des Moines,WA 98148,USA,48,0,-0.8034,-0.1687,-0.517,-0.665,0.1607
2014-06-18 00:00:00,325000.0,3.0,2.75,2200,7000.0,1.0,0,0,4,1280,920.0,1977,0,16304 128th Pl SE,Renton,WA 98058,USA,37,0,0.091,-0.2156,-0.6369,1.3903,-0.209
2014-06-18 00:00:00,265000.0,4.0,1.5,2050,7100.0,1.0,0,0,3,1050,1000.0,1963,2008,29140 43rd Ave S,Auburn,WA 98001,USA,51,1,-0.0726,-0.2128,-0.9126,1.569,0.2615
2014-06-18 00:00:00,562000.0,5.0,3.0,2795,15101.0,2.0,0,0,3,2795,0.0,1996,0,14308 274th Pl NE,Duvall,WA 98019,USA,18,0,0.7399,0.0103,1.1794,-0.665,-0.8474
2014-06-18 00:00:00,540000.0,4.0,2.5,2050,34222.0,2.0,0,0,4,2050,0.0,1989,0,17912 236th Pl NE,Woodinville,WA 98077,USA,25,0,-0.0726,0.5435,0.2862,-0.665,-0.6122
2014-06-18 00:00:00,279950.0,5.0,1.75,2150,7171.0,1.0,0,0,4,1460,690.0,1970,0,23103 125th Ave SE,Kent,WA 98031,USA,44,0,0.0364,-0.2108,-0.4211,0.8765,0.0263
2014-06-18 00:00:00,540000.0,3.0,1.75,1970,8200.0,1.0,0,0,5,1420,550.0,1963,0,416 NW 181st St,Shoreline,WA 98177,USA,51,0,-0.1599,-0.1821,-0.4691,0.5637,0.2615
2014-06-18 00:00:00,310000.0,4.0,2.5,2660,12672.0,1.0,0,0,4,1740,920.0,1960,2001,820 S 300th St,Federal Way,WA 98003,USA,54,1,0.5927,-0.0574,-0.0854,1.3903,0.3623
2014-06-18 00:00:00,190000.0,1.0,1.0,720,4800.0,1.0,0,0,3,720,0.0,1914,1996,8044-8112 Rainier Ave S,Seattle,WA 98118,USA,100,1,-1.5232,-0.2769,-1.3083,-0.665,1.9081
2014-06-18 00:00:00,440000.0,4.0,2.5,2410,4780.0,2.0,0,0,3,2410,0.0,2000,0,34604 Cottonwood Dr SE,Snoqualmie,WA 98065,USA,14,0,0.32,-0.2775,0.7178,-0.665,-0.9818
2014-06-18 00:00:00,1400000.0,3.0,2.0,2020,5500.0,1.5,0,3,3,1790,230.0,1937,1999,2340 Magnolia Blvd W,Seattle,WA 98199,USA,77,1,-0.1054,-0.2574,-0.0255,-0.1512,1.1352
2014-06-18 00:00:00,230000.0,2.0,1.0,1080,9435.0,1.0,0,0,3,1080,0.0,1958,2004,11915 SE 161st St,Renton,WA 98058,USA,56,1,-1.1306,-0.1477,-0.8767,-0.665,0.4295
2014-06-18 00:00:00,455000.0,3.0,1.75,1180,14292.0,1.0,0,0,3,1180,0.0,1981,2013,45506 SE Tanner Rd,North Bend,WA 98045,USA,33,1,-1.0215,-0.0122,-0.7568,-0.665,-0.3434
2014-06-18 00:00:00,175000.0,2.0,1.0,660,5000.0,1.0,0,0,3,660,0.0,1915,0,4100 25th Ave SW,Seattle,WA 98106,USA,99,0,-1.5887,-0.2713,-1.3802,-0.665,1.8744
2014-06-18 00:00:00,650000.0,3.0,1.75,2920,9370.0,1.0,0,0,4,1620,1300.0,1981,0,14245 SE 60th St,Bellevue,WA 98006,USA,33,0,0.8762,-0.1495,-0.2293,2.2393,-0.3434
2014-06-18 00:00:00,192500.0,3.0,1.0,1080,8580.0,1.5,0,0,3,1080,0.0,1900,2005,14490 57th Ave S,Tukwila,WA 98168,USA,114,1,-1.1306,-0.1715,-0.8767,-0.665,2.3785
2014-06-18 00:00:00,239950.0,3.0,1.75,1670,6900.0,1.0,0,0,3,1170,500.0,1978,0,33838 37th Ave SW,Federal Way,WA 98023,USA,36,0,-0.4871,-0.2183,-0.7688,0.452,-0.2426
2014-06-18 00:00:00,175000.0,6.0,1.0,1370,5080.0,1.5,0,0,3,1120,250.0,1931,0,8828 12th Ave SW,Seattle,WA 98106,USA,83,0,-0.8143,-0.2691,-0.8287,-0.1065,1.3368
2014-06-18 00:00:00,850000.0,5.0,3.5,3450,28324.0,1.0,0,0,5,2350,1100.0,1972,0,11010 108th Ave NE,Kirkland,WA 98033,USA,42,0,1.4543,0.379,0.6459,1.7925,-0.0409
2014-06-18 00:00:00,410000.0,4.0,2.0,1970,10500.0,1.0,0,0,3,1820,150.0,1961,2004,13666 17th Ave SW,Burien,WA 98166,USA,53,1,-0.1599,-0.118,0.0105,-0.3299,0.3287
2014-06-18 00:00:00,570000.0,4.0,2.5,2290,6738.0,2.0,0,0,3,2290,0.0,1996,0,4029-4035 252nd Ave SE,Issaquah,WA 98029,USA,18,0,0.1891,-0.2229,0.574,-0.665,-0.8474
2014-06-18 00:00:00,469000.0,5.0,2.5,2240,7543.0,1.0,0,0,3,1140,1100.0,1966,1963,20216 12th Ave NW,Shoreline,WA 98177,USA,48,1,0.1346,-0.2004,-0.8047,1.7925,0.1607
2014-06-18 00:00:00,559000.0,2.0,1.0,1240,6400.0,1.0,0,1,4,1060,180.0,1938,0,5927 35th Ave SW,Seattle,WA 98126,USA,76,0,-0.9561,-0.2323,-0.9007,-0.2629,1.1016
2014-06-18 00:00:00,739888.0,3.0,2.5,2420,43177.0,2.0,0,4,4,1690,730.0,1989,0,4280 E Lake Sammamish Pkwy SE,Sammamish,WA 98075,USA,25,0,0.3309,0.7932,-0.1454,0.9659,-0.6122
2014-06-18 00:00:00,568450.0,5.0,3.5,3260,58806.0,2.0,0,0,4,3260,0.0,1969,0,25806 136th Ave SE,Kent,WA 98042,USA,45,0,1.2471,1.2289,1.7369,-0.665,0.0599
2014-06-18 00:00:00,240000.0,2.0,1.0,670,10920.0,1.0,0,0,3,670,0.0,1942,1999,10025-10037 31st Ave SW,Seattle,WA 98146,USA,72,1,-1.5778,-0.1063,-1.3682,-0.665,0.9672
2014-06-18 00:00:00,574950.0,5.0,3.25,3160,10000.0,2.0,0,0,4,3160,0.0,1980,0,1010 Greenwood Blvd SW,Issaquah,WA 98027,USA,34,0,1.138,-0.1319,1.617,-0.665,-0.3098
2014-06-18 00:00:00,180000.0,3.0,2.25,1990,6350.0,2.0,0,0,3,1990,0.0,1967,2011,24433 14th Ave S,Des Moines,WA 98198,USA,47,1,-0.1381,-0.2337,0.2143,-0.665,0.1271
2014-06-18 00:00:00,1160000.0,4.0,3.5,4680,9700.0,2.0,0,0,3,3360,1320.0,2005,0,13128 SE Newport Way,Bellevue,WA 98006,USA,9,0,2.7958,-0.1403,1.8567,2.2839,-1.1499
2014-06-18 00:00:00,300000.0,3.0,2.5,1700,3575.0,2.0,0,0,3,1700,0.0,2000,0,6729 Shaffer Ave S,Seattle,WA 98108,USA,14,0,-0.4544,-0.3111,-0.1334,-0.665,-0.9818
2014-06-18 00:00:00,630000.0,4.0,2.5,2807,9430.0,2.0,0,0,3,2807,0.0,1996,0,8820 NE 160th Pl,Kenmore,WA 98028,USA,18,0,0.753,-0.1478,1.1938,-0.665,-0.8474
2014-06-18 00:00:00,507000.0,4.0,1.75,1770,9375.0,1.0,0,0,4,1170,600.0,1968,0,10415 171st Ave NE,Redmond,WA 98052,USA,46,0,-0.378,-0.1493,-0.7688,0.6754,0.0935
2014-06-18 00:00:00,287500.0,4.0,2.5,2570,9000.0,1.0,0,0,4,1590,980.0,1979,0,33749 29th Ct SW,Federal Way,WA 98023,USA,35,0,0.4945,-0.1598,-0.2653,1.5244,-0.2762
2014-06-18 00:00:00,688000.0,3.0,3.0,3450,16200.0,2.0,0,0,3,3450,0.0,1983,2009,22401 NE 25th Way,Sammamish,WA 98074,USA,31,1,1.4543,0.041,1.9646,-0.665,-0.4106
2014-06-18 00:00:00,424000.0,3.0,2.0,1670,7700.0,1.0,0,0,3,1170,500.0,1972,2002,10526 NE 139th St,Kirkland,WA 98034,USA,42,1,-0.4871,-0.196,-0.7688,0.452,-0.0409
2014-06-18 00:00:00,400000.0,3.0,1.75,1050,6150.0,1.5,0,0,4,950,100.0,1928,0,3617 48th Ave SW,Seattle,WA 98116,USA,86,0,-1.1633,-0.2393,-1.0325,-0.4416,1.4376
2014-06-18 00:00:00,620000.0,4.0,2.5,1910,7683.0,2.0,0,0,3,1910,0.0,1987,2000,4513 186th Ave SE,Issaquah,WA 98027,USA,27,1,-0.2253,-0.1965,0.1184,-0.665,-0.545
2014-06-18 00:00:00,300000.0,3.0,1.0,910,7700.0,1.0,0,0,4,910,0.0,1971,0,14200-14230 77th Ave NE,Kirkland,WA 98034,USA,43,0,-1.316,-0.196,-1.0805,-0.665,-0.0073
2014-06-18 00:00:00,615000.0,5.0,2.25,2480,12070.0,2.0,0,0,3,2480,0.0,1978,0,2206 Sahalee Dr E,Sammamish,WA 98074,USA,36,0,0.3963,-0.0742,0.8017,-0.665,-0.2426
2014-06-18 00:00:00,206000.0,2.0,1.5,1820,8867.0,2.0,0,0,3,1820,0.0,1921,2000,5206 S 142nd St,Tukwila,WA 98168,USA,93,1,-0.3235,-0.1635,0.0105,-0.665,1.6728
2014-06-18 00:00:00,515500.0,4.0,2.5,2920,7700.0,2.0,0,0,3,2920,0.0,2003,0,14821 272nd Pl NE,Duvall,WA 98019,USA,11,0,0.8762,-0.196,1.3292,-0.665,-1.0827
2014-06-18 00:00:00,554000.0,5.0,2.25,1870,11411.0,1.0,0,0,4,1170,700.0,1961,2001,15871 37th Ave NE,Lake Forest Park,WA 98155,USA,53,1,-0.269,-0.0926,-0.7688,0.8988,0.3287
2014-06-18 00:00:00,825000.0,4.0,3.5,3810,9792.0,2.0,0,0,3,3810,0.0,1938,2013,11229 37th Ave SW,Seattle,WA 98146,USA,76,1,1.8469,-0.1377,2.3962,-0.665,1.1016
2014-06-18 00:00:00,855000.0,4.0,2.25,2190,4080.0,2.0,0,0,3,1800,390.0,1918,0,2536 1st Ave W,Seattle,WA 98119,USA,96,0,0.08,-0.297,-0.0135,0.2063,1.7736
2014-06-18 00:00:00,315000.0,3.0,2.5,1730,6368.0,2.0,0,0,3,1730,0.0,1993,0,28001 232nd Pl SE,Maple Valley,WA 98038,USA,21,0,-0.4217,-0.2332,-0.0974,-0.665,-0.7466
2014-06-18 00:00:00,299000.0,5.0,2.5,2220,9360.0,1.0,0,0,4,1110,1110.0,1968,0,18820 129th Pl SE,Renton,WA 98058,USA,46,0,0.1128,-0.1498,-0.8407,1.8148,0.0935
2014-06-18 00:00:00,650000.0,3.0,1.5,1320,8114.0,1.0,0,0,3,1320,0.0,1951,1994,3110 109th Ave SE,Bellevue,WA 98004,USA,63,1,-0.8688,-0.1845,-0.5889,-0.665,0.6647
2014-06-18 00:00:00,465000.0,3.0,1.75,1510,4800.0,1.0,0,2,3,860,650.0,1925,2011,3040 SW Avalon Way,Seattle,WA 98126,USA,89,1,-0.6616,-0.2769,-1.1404,0.7871,1.5384
2014-06-18 00:00:00,535000.0,3.0,2.0,2120,4080.0,2.0,0,0,3,2120,0.0,2003,0,9115 227 Ave NE,Redmond,WA 98053,USA,11,0,0.0037,-0.297,0.3701,-0.665,-1.0827
2014-06-18 00:00:00,564000.0,2.0,2.0,1690,4500.0,1.0,0,0,3,1690,0.0,2004,2003,23112 NE 127th Way,Redmond,WA 98053,USA,10,1,-0.4653,-0.2853,-0.1454,-0.665,-1.1163
2014-06-18 00:00:00,515000.0,3.0,3.5,1360,1419.0,2.0,0,0,3,1040,320.0,2007,0,5609 11th Ave NW,Seattle,WA 98107,USA,7,0,-0.8252,-0.3712,-0.9246,0.0499,-1.2171
2014-06-18 00:00:00,580000.0,4.0,2.5,3250,5000.0,2.0,0,0,3,3250,0.0,2008,0,976 Jericho Pl NE,Renton,WA 98059,USA,6,0,1.2362,-0.2713,1.7249,-0.665,-1.2507
2014-06-18 00:00:00,309000.0,3.0,2.25,1490,1294.0,2.0,0,0,3,1220,270.0,2010,0,5011-5021 Delridge Way SW,Seattle,WA 98106,USA,4,0,-0.6834,-0.3747,-0.7088,-0.0618,-1.3179
2014-06-18 00:00:00,536751.0,3.0,1.75,1930,6360.0,1.0,0,0,3,1930,0.0,2013,1923,9129 Nye Ave SE,Snoqualmie,WA 98065,USA,1,1,-0.2035,-0.2334,0.1424,-0.665,-1.4187
2014-06-18 00:00:00,415000.0,4.0,2.5,2020,5501.0,2.0,0,0,3,2020,0.0,2010,0,681 Ilwaco Ave NE,Renton,WA 98059,USA,4,0,-0.1054,-0.2574,0.2503,-0.665,-1.3179
2014-06-18 00:00:00,267000.0,3.0,2.25,1584,7663.0,2.0,0,0,3,1584,0.0,2012,1912,1376 43rd St NE,Auburn,WA 98002,USA,2,1,-0.5809,-0.1971,-0.2724,-0.665,-1.3851
2014-06-18 00:00:00,820000.0,4.0,2.5,3170,8523.0,2.0,0,0,3,3170,0.0,2008,0,9401 117th Ave NE,Kirkland,WA 98033,USA,6,0,1.1489,-0.1731,1.629,-0.665,-1.2507
2014-06-18 00:00:00,1399950.0,4.0,2.75,3870,10046.0,2.0,0,0,3,3870,0.0,2005,0,6515 112th Ave NE,Kirkland,WA 98033,USA,9,0,1.9124,-0.1306,2.4682,-0.665,-1.1499
2014-06-18 00:00:00,485000.0,2.0,2.5,1430,923.0,3.0,0,0,3,1410,20.0,2008,0,303 N 55th St,Seattle,WA 98103,USA,6,0,-0.7489,-0.385,-0.4811,-0.6203,-1.2507
2014-06-18 00:00:00,482000.0,3.0,3.25,1380,1120.0,3.0,0,0,3,1380,0.0,2008,0,4507 Linden Ave N,Seattle,WA 98103,USA,6,0,-0.8034,-0.3795,-0.517,-0.665,-1.2507
2014-06-18 00:00:00,535000.0,4.0,2.5,2610,4595.0,2.0,0,0,3,2610,0.0,2008,0,7810 NE 199th St,Kenmore,WA 98028,USA,6,0,0.5381,-0.2826,0.9576,-0.665,-1.2507
2014-06-18 00:00:00,690000.0,3.0,3.25,1540,1428.0,3.0,0,0,3,1540,0.0,2013,1923,423 N 50th St,Seattle,WA 98103,USA,1,1,-0.6289,-0.3709,-0.3252,-0.665,-1.4187
2014-06-19 00:00:00,576000.0,3.0,2.5,1940,9000.0,1.0,0,0,4,970,970.0,1948,0,8817 28th Ave NW,Seattle,WA 98117,USA,66,0,-0.1926,-0.1598,-1.0086,1.502,0.7655
2014-06-19 00:00:00,378750.0,3.0,2.5,2160,3000.0,1.5,0,0,3,1260,900.0,1909,2011,3508 S Genesee St,Seattle,WA 98118,USA,105,1,0.0473,-0.3271,-0.6609,1.3456,2.0761
2014-06-19 00:00:00,269900.0,4.0,1.75,1530,8750.0,1.5,0,0,4,1530,0.0,1968,0,13805 SE Fairwood Blvd,Renton,WA 98058,USA,46,0,-0.6398,-0.1668,-0.3372,-0.665,0.0935
2014-06-19 00:00:00,210000.0,3.0,2.0,1440,7210.0,1.0,0,0,3,1440,0.0,1983,2009,11803 SE 322nd Pl,Auburn,WA 98092,USA,31,1,-0.7379,-0.2097,-0.4451,-0.665,-0.4106
2014-06-19 00:00:00,429900.0,4.0,2.5,2640,8625.0,2.0,0,0,3,2640,0.0,1987,2000,14007 SE 159th Pl,Renton,WA 98058,USA,27,1,0.5708,-0.1702,0.9936,-0.665,-0.545
2014-06-19 00:00:00,1525000.0,4.0,3.25,3620,5131.0,2.0,0,3,4,2350,1270.0,1927,0,3283 Conkling Pl W,Seattle,WA 98119,USA,87,0,1.6397,-0.2677,0.6459,2.1722,1.4712
2014-06-19 00:00:00,360000.0,4.0,2.5,2850,4650.0,2.0,0,0,3,2850,0.0,2004,2003,27437 237th Ave SE,Maple Valley,WA 98038,USA,10,1,0.7999,-0.2811,1.2453,-0.665,-1.1163
2014-06-19 00:00:00,405000.0,2.0,1.0,1260,4377.0,1.0,0,0,4,1260,0.0,1947,1988,9532 Phinney Ave N,Seattle,WA 98103,USA,67,1,-0.9343,-0.2887,-0.6609,-0.665,0.7991
2014-06-19 00:00:00,450000.0,3.0,1.75,1610,11200.0,1.0,0,0,3,1610,0.0,1955,2005,12234 NE 65th St,Kirkland,WA 98033,USA,59,1,-0.5525,-0.0984,-0.2413,-0.665,0.5303
2014-06-19 00:00:00,703000.0,3.0,2.0,1360,5980.0,1.5,0,0,3,1360,0.0,1945,2008,4401 SW Hill St,Seattle,WA 98116,USA,69,1,-0.8252,-0.244,-0.541,-0.665,0.8663
2014-06-19 00:00:00,661000.0,4.0,2.5,2496,8058.0,2.0,0,0,3,2496,0.0,1998,2006,8517 143rd Ct NE,Redmond,WA 98052,USA,16,1,0.4138,-0.1861,0.8209,-0.665,-0.9146
2014-06-19 00:00:00,580000.0,4.0,2.25,2160,9593.0,1.0,0,0,3,2160,0.0,1969,2010,2422 171 Ave SE,Bellevue,WA 98008,USA,45,1,0.0473,-0.1433,0.4181,-0.665,0.0599
2014-06-19 00:00:00,464000.0,3.0,1.0,1320,3625.0,2.0,0,0,3,1320,0.0,1900,2005,316 35th Ave,Seattle,WA 98122,USA,114,1,-0.8688,-0.3097,-0.5889,-0.665,2.3785
2014-06-19 00:00:00,945000.0,2.0,2.5,2540,7089.0,2.0,0,0,3,2540,0.0,2004,2003,3241 63rd Ave SW,Seattle,WA 98116,USA,10,1,0.4618,-0.2131,0.8737,-0.665,-1.1163
2014-06-19 00:00:00,659500.0,4.0,3.0,2620,18362.0,1.0,0,0,4,1870,750.0,1956,0,11605 SE 45th Pl,Bellevue,WA 98006,USA,58,0,0.549,0.1012,0.0704,1.0105,0.4967
2014-06-19 00:00:00,200000.0,3.0,1.5,1140,8340.0,1.0,0,0,3,1140,0.0,1960,2012,14015 43rd Ave S,Tukwila,WA 98168,USA,54,1,-1.0651,-0.1782,-0.8047,-0.665,0.3623
2014-06-19 00:00:00,280000.0,3.0,2.0,1790,42399.0,1.0,0,0,4,1790,0.0,1990,0,15611 SE 322nd Pl,Auburn,WA 98092,USA,24,0,-0.3562,0.7715,-0.0255,-0.665,-0.6458
2014-06-19 00:00:00,1325000.0,4.0,2.5,2440,3600.0,2.5,0,0,4,2440,0.0,1902,0,400 W Highland Dr,Seattle,WA 98119,USA,112,0,0.3527,-0.3104,0.7538,-0.665,2.3113
2014-06-19 00:00:00,346150.0,3.0,2.0,2140,7200.0,1.0,0,0,4,1480,660.0,1966,0,2515 NE 19th St,Renton,WA 98056,USA,48,0,0.0255,-0.21,-0.3971,0.8095,0.1607
2014-06-19 00:00:00,197500.0,3.0,1.0,1330,5412.0,2.0,0,0,5,1330,0.0,1905,0,1535 Griffin Ave,Enumclaw,WA 98022,USA,109,0,-0.8579,-0.2598,-0.577,-0.665,2.2105
2014-06-19 00:00:00,799000.0,4.0,2.5,2590,7910.0,2.0,0,0,3,2590,0.0,2001,0,4022 NE 95th St,Seattle,WA 98115,USA,13,0,0.5163,-0.1902,0.9336,-0.665,-1.0154
2014-06-19 00:00:00,1309500.0,4.0,4.5,4750,13912.0,2.0,0,2,3,3600,1150.0,2005,0,7732 Seward Park Ave S,Seattle,WA 98118,USA,9,0,2.8721,-0.0228,2.1445,1.9042,-1.1499
2014-06-19 00:00:00,350000.0,2.0,1.0,1620,9205.0,1.0,0,0,5,850,770.0,1921,0,12411 84th Ave NE,Kirkland,WA 98034,USA,93,0,-0.5416,-0.1541,-1.1524,1.0552,1.6728
2014-06-19 00:00:00,720000.0,4.0,2.5,2440,34290.0,2.0,0,0,3,2440,0.0,1987,2000,7210 221st Ave NE,Redmond,WA 98053,USA,27,1,0.3527,0.5454,0.7538,-0.665,-0.545
2014-06-19 00:00:00,519000.0,3.0,2.75,2020,10744.0,1.0,0,0,5,1270,750.0,1954,0,18107-18199 6th Ave SW,Normandy Park,WA 98166,USA,60,0,-0.1054,-0.1112,-0.6489,1.0105,0.5639
2014-06-19 00:00:00,590300.0,3.0,1.5,1470,7200.0,2.0,0,0,4,1470,0.0,1907,0,4709 43rd Ave S,Seattle,WA 98118,USA,107,0,-0.7052,-0.21,-0.4091,-0.665,2.1433
2014-06-19 00:00:00,2200000.0,5.0,4.75,5990,7663.0,2.0,1,4,3,4050,1940.0,2002,0,5170 NW Sammamish Rd,Issaquah,WA 98027,USA,12,0,4.2246,-0.1971,2.684,3.6691,-1.049
2014-06-19 00:00:00,410000.0,6.0,2.75,2520,9324.0,1.0,0,0,4,1320,1200.0,1962,0,3306 NE 185th St,Lake Forest Park,WA 98155,USA,52,0,0.44,-0.1508,-0.5889,2.0159,0.2951
2014-06-19 00:00:00,437000.0,2.0,1.75,1440,4225.0,1.0,0,0,3,1440,0.0,2005,0,23047 NE 130th St,Redmond,WA 98053,USA,9,0,-0.7379,-0.2929,-0.4451,-0.665,-1.1499
2014-06-19 00:00:00,221000.0,3.0,2.25,1640,7350.0,1.0,0,0,3,1140,500.0,1984,0,37724 26th Dr S,Federal Way,WA 98003,USA,30,0,-0.5198,-0.2058,-0.8047,0.452,-0.4442
2014-06-19 00:00:00,380000.0,4.0,2.25,2150,20181.0,1.0,0,0,3,1090,1060.0,1963,2008,18507 71st Ave NE,Kenmore,WA 98028,USA,51,1,0.0364,0.152,-0.8647,1.7031,0.2615
2014-06-19 00:00:00,506000.0,2.0,1.0,1570,8210.0,1.0,0,0,4,1150,420.0,1952,0,12723 11th Ave NW,Seattle,WA 98177,USA,62,0,-0.5962,-0.1818,-0.7928,0.2733,0.6311
2014-06-19 00:00:00,395000.0,4.0,1.0,1980,10350.0,1.0,0,0,4,1430,550.0,1968,0,475 SW Forest Dr,Issaquah,WA 98027,USA,46,0,-0.149,-0.1221,-0.4571,0.5637,0.0935
2014-06-19 00:00:00,285000.0,3.0,1.0,1210,4731.0,1.5,0,0,3,1210,0.0,1901,0,7749-7999 31st Ave NW,Seattle,WA 98117,USA,113,0,-0.9888,-0.2788,-0.7208,-0.665,2.3449
2014-06-19 00:00:00,311000.0,3.0,1.75,1900,3000.0,1.5,0,0,5,1070,830.0,1903,0,8653 Wabash Ave S,Seattle,WA 98118,USA,111,0,-0.2362,-0.3271,-0.8887,1.1893,2.2777
2014-06-19 00:00:00,520000.0,3.0,1.75,1940,219527.0,1.0,0,0,3,1940,0.0,1991,0,24020 SE 202nd St,Maple Valley,WA 98038,USA,23,0,-0.1926,5.7103,0.1543,-0.665,-0.6794
2014-06-19 00:00:00,435000.0,3.0,1.75,1310,8065.0,1.0,0,0,4,1310,0.0,1948,0,9729 Dibble Ave NW,Seattle,WA 98117,USA,66,0,-0.8797,-0.1859,-0.6009,-0.665,0.7655
2014-06-19 00:00:00,120000.0,2.0,1.0,990,39964.0,1.0,0,0,2,990,0.0,1945,0,19229 SE 272nd St,Kent,WA 98042,USA,69,0,-1.2287,0.7036,-0.9846,-0.665,0.8663
2014-06-19 00:00:00,1440000.0,3.0,3.5,3870,3819.0,2.0,0,0,3,2760,1110.0,2002,0,2720 Boyer Ave E,Seattle,WA 98102,USA,12,0,1.9124,-0.3043,1.1374,1.8148,-1.049
2014-06-19 00:00:00,186000.0,3.0,2.0,1340,4320.0,1.0,0,0,3,920,420.0,1912,1993,119 10th St SE,Auburn,WA 98002,USA,102,1,-0.847,-0.2903,-1.0685,0.2733,1.9753
2014-06-19 00:00:00,756000.0,4.0,2.25,2160,5600.0,1.0,0,0,5,1080,1080.0,1947,0,2667 11th Ave W,Seattle,WA 98119,USA,67,0,0.0473,-0.2546,-0.8767,1.7478,0.7991
2014-06-19 00:00:00,248000.0,4.0,2.0,2080,13510.0,1.0,0,0,3,1040,1040.0,1950,2005,6105 S 124th St,Seattle,WA 98178,USA,64,1,-0.0399,-0.034,-0.9246,1.6584,0.6983
2014-06-19 00:00:00,287000.0,3.0,2.0,1300,11374.0,1.5,0,0,5,1300,0.0,1933,0,13304 24th Ave S,SeaTac,WA 98168,USA,81,0,-0.8906,-0.0936,-0.6129,-0.665,1.2696
2014-06-19 00:00:00,510000.0,4.0,2.5,2610,7663.0,2.0,0,0,3,2610,0.0,1998,2006,19615 55th Ave NE,Lake Forest Park,WA 98155,USA,16,1,0.5381,-0.1971,0.9576,-0.665,-0.9146
2014-06-19 00:00:00,249000.0,3.0,1.0,1050,8498.0,1.0,0,0,4,1050,0.0,1959,0,22115 104th Pl SE,Kent,WA 98031,USA,55,0,-1.1633,-0.1738,-0.9126,-0.665,0.3959
2014-06-19 00:00:00,340000.0,3.0,2.5,2480,6112.0,2.0,0,0,3,2480,0.0,2004,2003,18210 170th Pl SE,Renton,WA 98058,USA,10,1,0.3963,-0.2403,0.8017,-0.665,-1.1163
2014-06-19 00:00:00,399888.0,4.0,2.25,1820,8255.0,1.5,0,0,4,1320,500.0,1930,0,1559 N 130th St,Seattle,WA 98133,USA,84,0,-0.3235,-0.1806,-0.5889,0.452,1.3704
2014-06-19 00:00:00,440000.0,3.0,1.75,1170,8740.0,1.0,0,0,4,1170,0.0,1968,0,9319 167th Ave NE,Redmond,WA 98052,USA,46,0,-1.0324,-0.167,-0.7688,-0.665,0.0935
2014-06-19 00:00:00,899000.0,4.0,2.25,2370,6000.0,1.0,0,2,3,1440,930.0,1959,1989,2411 NW Blue Ridge Dr,Seattle,WA 98177,USA,55,1,0.2764,-0.2434,-0.4451,1.4127,0.3959
2014-06-19 00:00:00,540500.0,5.0,3.75,3090,7415.0,2.0,0,0,3,3090,0.0,2014,0,493 S 187th Ln,Burien,WA 98148,USA,0,0,1.0616,-0.204,1.533,-0.665,-1.4523
2014-06-19 00:00:00,385000.0,3.0,1.75,2310,11200.0,1.0,0,0,4,1630,680.0,1978,2000,26525 Woodland Way S,Kent,WA 98030,USA,36,1,0.2109,-0.0984,-0.2173,0.8542,-0.2426
2014-06-19 00:00:00,558000.0,4.0,2.25,2060,10358.0,1.0,0,0,4,1320,740.0,1962,0,6132-6198 125th Ave SE,Bellevue,WA 98006,USA,52,0,-0.0617,-0.1219,-0.5889,0.9882,0.2951
2014-06-19 00:00:00,600000.0,3.0,2.0,2540,237402.0,1.0,0,0,3,2540,0.0,2007,0,37124-37118 237th Pl SE,Enumclaw,WA 98022,USA,7,0,0.4618,6.2087,0.8737,-0.665,-1.2171
2014-06-19 00:00:00,450000.0,4.0,2.5,2400,7663.0,2.0,0,0,3,2400,0.0,2003,0,378 Nile Pl NE,Renton,WA 98059,USA,11,0,0.3091,-0.1971,0.7058,-0.665,-1.0827
2014-06-19 00:00:00,232500.0,3.0,1.0,1320,8450.0,1.0,0,0,3,880,440.0,1961,2004,30606 2nd Ave SW,Federal Way,WA 98023,USA,53,1,-0.8688,-0.1751,-1.1165,0.318,0.3287
2014-06-19 00:00:00,436000.0,2.0,1.0,790,6600.0,1.0,0,0,3,790,0.0,1949,1998,1524 30th Ave,Seattle,WA 98122,USA,65,1,-1.4469,-0.2267,-1.2243,-0.665,0.7319
2014-06-19 00:00:00,240000.0,4.0,2.0,1790,14690.0,1.0,0,1,4,1670,120.0,1960,2001,1009 S 229th Pl,Des Moines,WA 98198,USA,54,1,-0.3562,-0.0011,-0.1693,-0.3969,0.3623
2014-06-19 00:00:00,489950.0,3.0,2.25,1820,7326.0,2.0,0,0,3,1820,0.0,1983,2009,9243 NE 126th Pl,Kirkland,WA 98034,USA,31,1,-0.3235,-0.2065,0.0105,-0.665,-0.4106
2014-06-19 00:00:00,680000.0,6.0,2.0,1670,3000.0,1.0,0,0,5,900,770.0,1911,1984,4718 11th Ave NE,Seattle,WA 98105,USA,103,1,-0.4871,-0.3271,-1.0925,1.0552,2.0089
2014-06-19 00:00:00,1068000.0,5.0,3.5,3990,9938.0,2.0,0,0,3,3990,0.0,2001,0,13828 SE 92nd St,Newcastle,WA 98059,USA,13,0,2.0432,-0.1336,2.612,-0.665,-1.0154
2014-06-19 00:00:00,352450.0,3.0,2.0,1430,6000.0,1.0,0,0,5,1430,0.0,1945,0,17510 12th Ave NE,Shoreline,WA 98155,USA,69,0,-0.7489,-0.2434,-0.4571,-0.665,0.8663
2014-06-19 00:00:00,335000.0,4.0,2.0,2030,103672.0,1.0,0,0,4,2030,0.0,1969,0,27610 SE Mud Mountain Rd,Enumclaw,WA 98022,USA,45,0,-0.0945,2.4799,0.2622,-0.665,0.0599
2014-06-19 00:00:00,549000.0,4.0,1.75,1290,3060.0,2.0,0,0,4,1290,0.0,1906,1990,742 N 70th St,Seattle,WA 98103,USA,108,1,-0.9015,-0.3254,-0.6249,-0.665,2.1769
2014-06-19 00:00:00,1240000.0,4.0,3.5,3820,13224.0,2.0,0,0,3,3280,540.0,1990,2009,1037 106th Ave SE,Bellevue,WA 98004,USA,24,1,1.8578,-0.042,1.7608,0.5414,-0.6458
2014-06-19 00:00:00,618250.0,4.0,3.25,2520,3360.0,1.5,0,0,4,1550,970.0,1931,0,7019 Brooklyn Ave NE,Seattle,WA 98115,USA,83,0,0.44,-0.317,-0.3132,1.502,1.3368
2014-06-19 00:00:00,1815000.0,5.0,3.0,3880,13000.0,2.0,0,0,3,3880,0.0,1972,2003,7845 SE 62nd St,Mercer Island,WA 98040,USA,42,1,1.9233,-0.0483,2.4801,-0.665,-0.0409
2014-06-19 00:00:00,850000.0,2.0,1.75,1590,5136.0,1.5,0,3,3,1320,270.0,1927,2011,2505 42nd Ave W,Seattle,WA 98199,USA,87,1,-0.5743,-0.2675,-0.5889,-0.0618,1.4712
2014-06-19 00:00:00,930000.0,5.0,2.0,3530,9385.0,1.5,0,0,3,3530,0.0,1925,2002,2833 Cascadia Ave S,Seattle,WA 98144,USA,89,1,1.5415,-0.1491,2.0605,-0.665,1.5384
2014-06-19 00:00:00,505000.0,3.0,2.5,1610,4611.0,2.0,0,0,3,1610,0.0,1996,0,24944 SE 43rd St,Issaquah,WA 98029,USA,18,0,-0.5525,-0.2822,-0.2413,-0.665,-0.8474
2014-06-19 00:00:00,925000.0,4.0,2.5,3280,209088.0,2.0,0,0,3,3280,0.0,1994,0,5310 236th Ave NE,Redmond,WA 98053,USA,20,0,1.2689,5.4192,1.7608,-0.665,-0.7802
2014-06-19 00:00:00,275000.0,3.0,1.75,1860,15681.0,1.0,0,0,4,1860,0.0,1971,0,304 SW 316th St,Federal Way,WA 98023,USA,43,0,-0.2799,0.0265,0.0584,-0.665,-0.0073
2014-06-19 00:00:00,499000.0,3.0,1.75,1840,5000.0,1.0,0,0,4,920,920.0,1910,0,7043 Mary Ave NW,Seattle,WA 98117,USA,104,0,-0.3017,-0.2713,-1.0685,1.3903,2.0425
2014-06-19 00:00:00,507000.0,3.0,2.5,2120,7201.0,2.0,0,0,3,2120,0.0,2003,0,12200 Densmore Ave N,Seattle,WA 98133,USA,11,0,0.0037,-0.21,0.3701,-0.665,-1.0827
2014-06-19 00:00:00,619850.0,4.0,2.5,2270,9247.0,1.0,0,0,5,1500,770.0,1972,0,4802 122nd Ave SE,Bellevue,WA 98006,USA,42,0,0.1673,-0.1529,-0.3732,1.0552,-0.0409
2014-06-19 00:00:00,500000.0,3.0,2.5,2840,48716.0,1.0,0,3,3,1870,970.0,1994,0,9320 318th Pl NE,Carnation,WA 98014,USA,20,0,0.789,0.9476,0.0704,1.502,-0.7802
2014-06-19 00:00:00,310000.0,4.0,1.5,1220,9600.0,1.0,0,0,3,1220,0.0,1980,0,4201 Regal St,Carnation,WA 98014,USA,34,0,-0.9779,-0.1431,-0.7088,-0.665,-0.3098
2014-06-19 00:00:00,646000.0,4.0,2.5,2310,4079.0,2.0,0,0,3,2310,0.0,2008,0,8903 3rd Ave NW,Seattle,WA 98117,USA,6,0,0.2109,-0.297,0.5979,-0.665,-1.2507
2014-06-19 00:00:00,265000.0,3.0,1.75,1840,7300.0,1.0,0,0,3,1840,0.0,1966,1963,2714 SW 323rd St,Federal Way,WA 98023,USA,48,1,-0.3017,-0.2072,0.0345,-0.665,0.1607
2014-06-19 00:00:00,475000.0,3.0,2.5,950,1110.0,2.0,0,0,3,950,0.0,2003,0,419 Federal Ave E,Seattle,WA 98102,USA,11,0,-1.2724,-0.3798,-1.0325,-0.665,-1.0827
2014-06-19 00:00:00,600000.0,4.0,2.25,3070,8400.0,2.0,0,0,4,3070,0.0,1970,0,12869-12951 NE 144th Way,Kirkland,WA 98034,USA,44,0,1.0398,-0.1765,1.5091,-0.665,0.0263
2014-06-19 00:00:00,470000.0,3.0,2.0,1730,38884.0,1.0,0,0,3,1730,0.0,1997,0,29448 SE 208th St,Maple Valley,WA 98038,USA,17,0,-0.4217,0.6735,-0.0974,-0.665,-0.881
2014-06-19 00:00:00,319950.0,2.0,1.0,920,8341.0,1.0,0,0,3,920,0.0,1939,1969,11260 Marine View Dr SW,Seattle,WA 98146,USA,75,1,-1.3051,-0.1782,-1.0685,-0.665,1.068
2014-06-19 00:00:00,712000.0,3.0,2.75,3200,6699.0,2.0,0,0,3,3200,0.0,2004,2003,26008 SE 23rd Pl,Sammamish,WA 98075,USA,10,1,1.1816,-0.2239,1.6649,-0.665,-1.1163
2014-06-19 00:00:00,775000.0,4.0,2.75,3010,15992.0,2.0,0,0,3,3010,0.0,1996,0,25916 SE 22nd Pl,Sammamish,WA 98075,USA,18,0,0.9744,0.0352,1.4371,-0.665,-0.8474
2014-06-19 00:00:00,390000.0,3.0,2.25,1600,10240.0,1.0,0,0,3,1090,510.0,1979,2014,14102 81st Pl NE,Kirkland,WA 98034,USA,35,1,-0.5634,-0.1252,-0.8647,0.4744,-0.2762
2014-06-19 00:00:00,585000.0,4.0,2.5,2840,11044.0,2.0,0,0,3,2840,0.0,2001,0,12458 Juanita Dr NE,Kirkland,WA 98034,USA,13,0,0.789,-0.1028,1.2333,-0.665,-1.0154
2014-06-19 00:00:00,1027000.0,3.0,2.5,2430,10500.0,2.0,0,1,3,2430,0.0,1989,0,3215 107th Ave SE,Bellevue,WA 98004,USA,25,0,0.3418,-0.118,0.7418,-0.665,-0.6122
2014-06-19 00:00:00,232603.0,3.0,1.75,1750,11461.0,2.0,0,0,4,1750,0.0,1976,1992,1002 Pike St NE,Auburn,WA 98002,USA,38,1,-0.3998,-0.0912,-0.0734,-0.665,-0.1754
2014-06-19 00:00:00,543000.0,3.0,2.25,1240,949.0,3.0,0,0,3,1240,0.0,2008,0,3455 Meridian Ave N,Seattle,WA 98103,USA,6,0,-0.9561,-0.3843,-0.6849,-0.665,-1.2507
2014-06-19 00:00:00,607500.0,3.0,3.25,1530,1612.0,3.0,0,0,3,1530,0.0,2006,0,1537 NW 58th St,Seattle,WA 98107,USA,8,0,-0.6398,-0.3658,-0.3372,-0.665,-1.1835
2014-06-19 00:00:00,750000.0,3.0,3.5,3390,10078.0,2.0,0,0,3,3040,350.0,2012,1912,11619 SE 73rd Pl,Newcastle,WA 98059,USA,2,1,1.3888,-0.1297,1.4731,0.1169,-1.3851
2014-06-19 00:00:00,728050.0,3.0,2.5,2320,6775.0,1.0,0,0,3,2320,0.0,2008,0,24233 NE 131st Terrace,Redmond,WA 98053,USA,6,0,0.2218,-0.2218,0.6099,-0.665,-1.2507
2014-06-19 00:00:00,734990.0,4.0,2.5,2650,6884.0,2.0,0,0,3,2650,0.0,2012,1912,Eastridge Drive Promenade,Redmond,WA 98053,USA,2,1,0.5818,-0.2188,1.0055,-0.665,-1.3851
2014-06-19 00:00:00,330000.0,3.0,2.5,2238,7209.0,2.0,0,0,3,2238,0.0,2011,0,1326 SW 340th St,Federal Way,WA 98023,USA,3,0,0.1324,-0.2097,0.5116,-0.665,-1.3515
2014-06-20 00:00:00,605000.0,4.0,2.5,2620,7553.0,2.0,0,0,3,2620,0.0,1996,0,8113 120th Pl SE,Newcastle,WA 98056,USA,18,0,0.549,-0.2001,0.9696,-0.665,-0.8474
2014-06-20 00:00:00,441000.0,3.0,2.75,1910,7280.0,1.0,0,0,3,1160,750.0,1979,2014,14413 88th Ave NE,Kirkland,WA 98034,USA,35,1,-0.2253,-0.2077,-0.7808,1.0105,-0.2762
2014-06-20 00:00:00,650000.0,4.0,2.25,3040,6587.0,2.0,0,0,3,3040,0.0,2003,0,22540 NE 92nd St,Redmond,WA 98053,USA,11,0,1.0071,-0.2271,1.4731,-0.665,-1.0827
2014-06-20 00:00:00,1950000.0,7.0,3.5,4640,15235.0,2.0,0,1,3,2860,1780.0,1965,2003,8105 SE 44th St,Mercer Island,WA 98040,USA,49,1,2.7522,0.0141,1.2573,3.3116,0.1943
2014-06-20 00:00:00,395000.0,3.0,1.0,1500,4000.0,1.0,0,0,3,900,600.0,1925,2002,8548 18th Ave NW,Seattle,WA 98117,USA,89,1,-0.6725,-0.2992,-1.0925,0.6754,1.5384
2014-06-20 00:00:00,245000.0,1.0,0.75,380,15000.0,1.0,0,0,3,380,0.0,1963,2008,13602 8th Ave S,Burien,WA 98168,USA,51,1,-1.894,0.0075,-1.7159,-0.665,0.2615
2014-06-20 00:00:00,905000.0,4.0,3.5,2970,14486.0,2.0,0,0,3,2340,630.0,1997,0,9400 SE 47th St,Mercer Island,WA 98040,USA,17,0,0.9308,-0.0068,0.6339,0.7425,-0.881
2014-06-20 00:00:00,660000.0,4.0,3.25,3030,9273.0,2.0,0,0,5,3030,0.0,1988,0,24554 SE 39th Pl,Issaquah,WA 98029,USA,26,0,0.9962,-0.1522,1.4611,-0.665,-0.5786
2014-06-20 00:00:00,378000.0,4.0,2.5,1890,12236.0,1.0,0,0,3,1230,660.0,1978,0,41936 SE 168th St,North Bend,WA 98045,USA,36,0,-0.2471,-0.0696,-0.6968,0.8095,-0.2426
2014-06-20 00:00:00,600000.0,2.0,1.0,1040,3600.0,1.0,0,0,4,1040,0.0,1919,1980,122 16th Ave E,Seattle,WA 98112,USA,95,1,-1.1742,-0.3104,-0.9246,-0.665,1.74
2014-06-20 00:00:00,632500.0,4.0,2.5,2090,10306.0,2.0,0,0,3,2090,0.0,1986,0,21604 NE 22nd Ct,Sammamish,WA 98074,USA,28,0,-0.029,-0.1234,0.3342,-0.665,-0.5114
2014-06-20 00:00:00,210000.0,2.0,2.0,1680,5756.0,2.0,0,0,4,1680,0.0,1910,0,111 F St SE,Auburn,WA 98002,USA,104,0,-0.4762,-0.2502,-0.1574,-0.665,2.0425
2014-06-20 00:00:00,754800.0,2.0,2.5,2770,7781.0,2.0,0,0,3,2770,0.0,2006,0,Sunrise Loop Trail,Redmond,WA 98053,USA,8,0,0.7126,-0.1938,1.1494,-0.665,-1.1835
2014-06-20 00:00:00,175000.0,2.0,1.0,1020,5130.0,1.0,0,0,4,1020,0.0,1948,0,214 7th St SE,Auburn,WA 98002,USA,66,0,-1.196,-0.2677,-0.9486,-0.665,0.7655
2014-06-20 00:00:00,455000.0,3.0,2.25,1470,4653.0,2.0,0,0,4,1470,0.0,1985,0,24201-24231 SE 43rd Ct,Issaquah,WA 98029,USA,29,0,-0.7052,-0.281,-0.4091,-0.665,-0.4778
2014-06-20 00:00:00,450000.0,3.0,2.0,1430,3480.0,1.0,0,0,3,980,450.0,1947,2012,8012 Wallingford Ave N,Seattle,WA 98103,USA,67,1,-0.7489,-0.3137,-0.9966,0.3403,0.7991
2014-06-20 00:00:00,790000.0,4.0,1.75,2050,10920.0,1.0,0,3,3,1450,600.0,1974,0,3860 NE 157th Pl,Lake Forest Park,WA 98155,USA,40,0,-0.0726,-0.1063,-0.4331,0.6754,-0.1082
2014-06-20 00:00:00,480000.0,4.0,1.0,2080,5500.0,1.0,0,0,3,1040,1040.0,1941,1994,7520 Jones Ave NW,Seattle,WA 98117,USA,73,1,-0.0399,-0.2574,-0.9246,1.6584,1.0008
2014-06-20 00:00:00,850000.0,3.0,2.25,2870,8170.0,2.0,0,0,3,2250,620.0,1995,0,7446-7498 Gatewood Rd SW,Seattle,WA 98136,USA,19,0,0.8217,-0.1829,0.526,0.7201,-0.8138
2014-06-20 00:00:00,725000.0,4.0,3.25,3940,27591.0,2.0,0,3,3,3440,500.0,2000,0,17161 SE 100th St,Renton,WA 98059,USA,14,0,1.9887,0.3586,1.9526,0.452,-0.9818
2014-06-20 00:00:00,380000.0,3.0,1.5,1520,4288.0,1.0,0,0,3,1020,500.0,1949,1998,4218 SW Sullivan St,Seattle,WA 98136,USA,65,1,-0.6507,-0.2912,-0.9486,0.452,0.7319
2014-06-20 00:00:00,979000.0,3.0,1.5,1700,14133.0,1.0,0,1,4,1700,0.0,1954,1979,9000 Lake Washington Blvd NE,Bellevue,WA 98004,USA,60,1,-0.4544,-0.0167,-0.1334,-0.665,0.5639
2014-06-20 00:00:00,359950.0,3.0,2.25,1940,11612.0,1.0,0,0,4,1100,840.0,1981,0,11317 82nd Ave S,Seattle,WA 98178,USA,33,0,-0.1926,-0.087,-0.8527,1.2116,-0.3434
2014-06-20 00:00:00,665900.0,4.0,2.25,2870,5453.0,2.0,0,1,4,2220,650.0,1926,1993,10030 44th Ave SW,Seattle,WA 98146,USA,88,1,0.8217,-0.2587,0.49,0.7871,1.5048
2014-06-20 00:00:00,812000.0,3.0,3.25,3240,8338.0,2.0,0,0,3,3240,0.0,2001,0,20627 NE 25th Ct,Sammamish,WA 98074,USA,13,0,1.2252,-0.1782,1.7129,-0.665,-1.0154
2014-06-20 00:00:00,203000.0,3.0,1.0,1150,7156.0,1.0,0,0,4,1150,0.0,1953,1983,1226 S 130th Pl,Burien,WA 98168,USA,61,1,-1.0542,-0.2112,-0.7928,-0.665,0.5975
2014-06-20 00:00:00,456000.0,3.0,1.5,1440,28516.0,1.0,0,0,4,1440,0.0,1975,0,24972 SE 30th St,Sammamish,WA 98075,USA,39,0,-0.7379,0.3844,-0.4451,-0.665,-0.1418
2014-06-20 00:00:00,547000.0,5.0,2.5,2200,4080.0,1.5,0,0,5,1420,780.0,1916,0,8007 Fremont Ave N,Seattle,WA 98103,USA,98,0,0.091,-0.297,-0.4691,1.0776,1.8408
2014-06-20 00:00:00,280000.0,3.0,2.0,1470,8089.0,1.0,0,0,3,1470,0.0,1987,2000,23825 14th Ave S,Des Moines,WA 98198,USA,27,1,-0.7052,-0.1852,-0.4091,-0.665,-0.545
2014-06-20 00:00:00,640000.0,2.0,1.75,1760,4400.0,1.0,0,0,4,880,880.0,1930,0,3526 Ashworth Ave N,Seattle,WA 98103,USA,84,0,-0.3889,-0.2881,-1.1165,1.301,1.3704
2014-06-20 00:00:00,477000.0,3.0,1.75,1780,8085.0,1.0,0,0,3,1210,570.0,1976,0,14815 108th Pl NE,Bothell,WA 98011,USA,38,0,-0.3671,-0.1853,-0.7208,0.6084,-0.1754
2014-06-20 00:00:00,455000.0,4.0,2.25,2450,21000.0,1.0,0,2,4,1650,800.0,1954,1979,16406 8th Ave SW,Burien,WA 98166,USA,60,1,0.3636,0.1748,-0.1933,1.1222,0.5639
2014-06-20 00:00:00,587206.0,3.0,3.5,1890,1710.0,2.0,0,0,3,1640,250.0,1999,0,723 N 43rd St,Seattle,WA 98103,USA,15,0,-0.2471,-0.3631,-0.2053,-0.1065,-0.9482
2014-06-20 00:00:00,425000.0,3.0,2.5,2540,5612.0,2.0,0,0,3,2540,0.0,1999,0,824 Chelan Pl NE,Renton,WA 98059,USA,15,0,0.4618,-0.2543,0.8737,-0.665,-0.9482
2014-06-20 00:00:00,511500.0,4.0,1.0,1360,6000.0,1.5,0,0,3,1360,0.0,1917,2009,7714 37th Ave NE,Seattle,WA 98115,USA,97,1,-0.8252,-0.2434,-0.541,-0.665,1.8072
2014-06-20 00:00:00,218000.0,2.0,2.0,1310,2841.0,2.0,0,0,3,1310,0.0,2004,2003,28107 240th Ave SE,Maple Valley,WA 98038,USA,10,1,-0.8797,-0.3315,-0.6009,-0.665,-1.1163
2014-06-20 00:00:00,332000.0,3.0,2.0,1510,7884.0,1.0,0,0,3,1510,0.0,1942,2014,1015 SW 150th St,Burien,WA 98166,USA,72,1,-0.6616,-0.1909,-0.3612,-0.665,0.9672
2014-06-20 00:00:00,291000.0,3.0,1.5,1860,60960.0,1.0,0,0,4,1140,720.0,1967,0,24815 180th Ave SE,Covington,WA 98042,USA,47,0,-0.2799,1.289,-0.8047,0.9435,0.1271
2014-06-20 00:00:00,279000.0,4.0,2.0,2200,7700.0,1.0,0,0,3,1100,0.0,1979,2014,1809 Glenwood Ave SE,Renton,WA 98058,USA,35,1,0.091,-0.196,-0.8527,-0.665,-0.2762
2014-06-20 00:00:00,950000.0,4.0,2.5,3360,11548.0,2.0,0,0,3,3360,0.0,1988,2000,4926 119th Pl NE,Kirkland,WA 98033,USA,26,1,1.3561,-0.0887,1.8567,-0.665,-0.5786
2014-06-20 00:00:00,970500.0,3.0,2.75,2470,10125.0,2.0,0,0,3,2470,0.0,1960,2012,4511 87th Ave SE,Mercer Island,WA 98040,USA,54,1,0.3854,-0.1284,0.7897,-0.665,0.3623
2014-06-20 00:00:00,412000.0,2.0,1.0,1260,3960.0,1.0,0,0,3,690,570.0,1925,2002,8329 27th Ave NW,Seattle,WA 98117,USA,89,1,-0.9343,-0.3003,-1.3442,0.6084,1.5384
2014-06-20 00:00:00,400000.0,3.0,1.0,1430,10005.0,1.5,0,0,4,1430,0.0,1950,1983,12231 Densmore Ave N,Seattle,WA 98133,USA,64,1,-0.7489,-0.1318,-0.4571,-0.665,0.6983
2014-06-20 00:00:00,200000.0,3.0,2.25,1230,7420.0,1.5,0,0,5,1230,0.0,1913,0,804 12th St NE,Auburn,WA 98002,USA,101,0,-0.967,-0.2038,-0.6968,-0.665,1.9417
2014-06-20 00:00:00,397000.0,4.0,2.5,2320,11717.0,2.0,0,0,3,2320,0.0,1997,0,1000 Mountain View Blvd SE,North Bend,WA 98045,USA,17,0,0.2218,-0.084,0.6099,-0.665,-0.881
2014-06-20 00:00:00,715000.0,4.0,2.5,3290,6628.0,2.0,0,0,3,3290,0.0,2003,0,918 272nd Pl SE,Sammamish,WA 98075,USA,11,0,1.2798,-0.2259,1.7728,-0.665,-1.0827
2014-06-20 00:00:00,371000.0,4.0,2.5,2550,4770.0,2.0,0,0,3,2550,0.0,2005,0,27815 256th Ct SE,Maple Valley,WA 98038,USA,9,0,0.4727,-0.2777,0.8857,-0.665,-1.1499
2014-06-20 00:00:00,458000.0,3.0,2.5,1870,5013.0,2.0,0,0,3,1870,0.0,2003,0,8927 NE 176th St,Bothell,WA 98011,USA,11,0,-0.269,-0.271,0.0704,-0.665,-1.0827
2014-06-20 00:00:00,436500.0,5.0,3.0,3110,12429.0,1.0,0,0,3,1790,1320.0,1977,2004,16021-16299 Waynita Way NE,Bothell,WA 98011,USA,37,1,1.0835,-0.0642,-0.0255,2.2839,-0.209
2014-06-20 00:00:00,329950.0,3.0,2.5,1820,8085.0,2.0,0,0,3,1820,0.0,1983,2009,1142 S 23rd St,Renton,WA 98055,USA,31,1,-0.3235,-0.1853,0.0105,-0.665,-0.4106
2014-06-20 00:00:00,950000.0,3.0,3.25,3050,18892.0,1.0,1,4,4,1650,1400.0,1962,0,554-598 S 239th St,Des Moines,WA 98198,USA,52,0,1.018,0.116,-0.1933,2.4627,0.2951
2014-06-20 00:00:00,282000.0,4.0,2.0,1890,6302.0,2.0,0,0,3,1890,0.0,1997,0,10125 SE 242nd Pl,Kent,WA 98030,USA,17,0,-0.2471,-0.235,0.0944,-0.665,-0.881
2014-06-20 00:00:00,250000.0,1.0,1.0,800,16306.0,1.0,0,0,2,680,120.0,1931,0,12419 20th Ave S,Seattle,WA 98168,USA,83,0,-1.436,0.0439,-1.3562,-0.3969,1.3368
2014-06-20 00:00:00,1135000.0,6.0,4.25,6900,244716.0,2.0,0,0,4,4820,2080.0,2002,0,16903 246th Ave NE,Woodinville,WA 98077,USA,12,0,5.2171,6.4126,3.6071,3.9818,-1.049
2014-06-20 00:00:00,400000.0,4.0,1.75,2670,189486.0,2.0,0,4,3,2670,0.0,1972,2002,38107 212th Ave SE,Auburn,WA 98092,USA,42,1,0.6036,4.8726,1.0295,-0.665,-0.0409
2014-06-20 00:00:00,681500.0,5.0,2.75,3260,7663.0,1.0,0,0,3,1630,1630.0,1964,2000,17813 NE 8th Pl,Bellevue,WA 98008,USA,50,1,1.2471,-0.1971,-0.2173,2.9765,0.2279
2014-06-20 00:00:00,200000.0,2.0,1.0,860,6600.0,1.0,0,0,5,860,0.0,1949,0,12824 7th Ave S,Burien,WA 98168,USA,65,0,-1.3705,-0.2267,-1.1404,-0.665,0.7319
2014-06-20 00:00:00,1300000.0,5.0,4.0,3366,7800.0,2.5,0,2,3,2966,400.0,1937,1999,2617 W Barrett St,Seattle,WA 98199,USA,77,1,1.3627,-0.1933,1.3844,0.2286,1.1352
2014-06-20 00:00:00,1462497.0,5.0,3.25,3840,4800.0,3.0,0,3,3,2750,1090.0,2008,0,1116 33rd Ave S,Seattle,WA 98144,USA,6,0,1.8796,-0.2769,1.1254,1.7701,-1.2507
2014-06-20 00:00:00,995000.0,4.0,4.5,3850,13551.0,2.0,0,2,3,3000,850.0,1998,2006,5659 178th Ave SE,Bellevue,WA 98006,USA,16,1,1.8905,-0.0329,1.4251,1.2339,-0.9146
2014-06-20 00:00:00,355000.0,4.0,2.5,2040,8265.0,2.0,0,0,3,2040,0.0,1996,0,11830 6th Pl SW,Seattle,WA 98146,USA,18,0,-0.0836,-0.1803,0.2742,-0.665,-0.8474
2014-06-20 00:00:00,425000.0,3.0,2.25,1790,10209.0,1.0,0,0,3,1290,500.0,1967,2011,16544 189th Ave NE,Woodinville,WA 98072,USA,47,1,-0.3562,-0.1261,-0.6249,0.452,0.1271
2014-06-20 00:00:00,869000.0,4.0,3.0,3740,30884.0,2.0,0,0,3,3060,680.0,1988,2000,16534 NE 169th Pl,Woodinville,WA 98072,USA,26,1,1.7706,0.4504,1.4971,0.8542,-0.5786
2014-06-20 00:00:00,915000.0,3.0,3.25,2660,4000.0,2.0,0,0,3,2170,490.0,2003,0,3414 E Denny Way,Seattle,WA 98122,USA,11,0,0.5927,-0.2992,0.4301,0.4297,-1.0827
2014-06-20 00:00:00,2110000.0,3.0,2.25,3230,17833.0,2.0,0,0,4,3230,0.0,1973,0,12 Columbia Key,Bellevue,WA 98006,USA,41,0,1.2143,0.0865,1.7009,-0.665,-0.0746
2014-06-20 00:00:00,925000.0,4.0,2.0,3140,10437.0,1.0,0,0,4,2040,1100.0,1959,0,8211 Sedgewick Ln,Mercer Island,WA 98040,USA,55,0,1.1162,-0.1197,0.2742,1.7925,0.3959
2014-06-20 00:00:00,2400000.0,6.0,4.5,5480,10800.0,2.0,0,3,4,4430,1050.0,1999,0,1223 7th Ave W,Seattle,WA 98119,USA,15,0,3.6683,-0.1096,3.1395,1.6808,-0.9482
2014-06-20 00:00:00,390000.0,3.0,1.0,1160,3750.0,1.5,0,0,3,1160,0.0,1910,2006,4146 20th Ave SW,Seattle,WA 98106,USA,104,1,-1.0433,-0.3062,-0.7808,-0.665,2.0425
2014-06-20 00:00:00,330000.0,3.0,2.25,1860,11227.0,2.0,0,0,3,1860,0.0,1995,0,23217 SE 239th St,Maple Valley,WA 98038,USA,19,0,-0.2799,-0.0977,0.0584,-0.665,-0.8138
2014-06-20 00:00:00,482500.0,4.0,3.0,1630,7626.0,1.0,0,0,5,1110,520.0,1990,0,12033 20th Ave NE,Seattle,WA 98125,USA,24,0,-0.5307,-0.1981,-0.8407,0.4967,-0.6458
2014-06-20 00:00:00,525000.0,3.0,2.25,1750,1879.0,3.0,0,0,3,1750,0.0,2001,0,2619 NW 60th St,Seattle,WA 98107,USA,13,0,-0.3998,-0.3583,-0.0734,-0.665,-1.0154
2014-06-20 00:00:00,237000.0,3.0,1.0,1300,8160.0,1.0,0,0,4,1300,0.0,1960,2001,10241 126th Ave SE,Renton,WA 98056,USA,54,1,-0.8906,-0.1832,-0.6129,-0.665,0.3623
2014-06-20 00:00:00,205000.0,3.0,2.25,960,7314.0,1.0,0,0,5,960,0.0,1960,0,604 Cedar Dr SE,Auburn,WA 98002,USA,54,0,-1.2615,-0.2068,-1.0205,-0.665,0.3623
2014-06-20 00:00:00,623000.0,3.0,2.5,1850,7777.0,2.0,0,0,5,1850,0.0,1989,0,12833 NE 101st Pl,Kirkland,WA 98033,USA,25,0,-0.2908,-0.1939,0.0464,-0.665,-0.6122
2014-06-20 00:00:00,565000.0,4.0,2.75,3260,4900.0,2.0,0,0,3,3260,0.0,2013,1923,16222 SE 135th Pl,Renton,WA 98059,USA,1,1,1.2471,-0.2741,1.7369,-0.665,-1.4187
2014-06-20 00:00:00,400000.0,4.0,2.25,2420,7927.0,1.0,0,0,4,1400,1020.0,1973,0,17812-17818 Stone Ave N,Shoreline,WA 98133,USA,41,0,0.3309,-0.1897,-0.493,1.6137,-0.0746
2014-06-20 00:00:00,405000.0,3.0,1.0,1460,10000.0,1.5,0,0,3,1460,0.0,2002,0,1321 208th Ave NE,Sammamish,WA 98074,USA,12,0,-0.7161,-0.1319,-0.4211,-0.665,-1.049
2014-06-20 00:00:00,337000.0,4.0,3.0,2240,8504.0,2.0,0,0,3,2240,0.0,1992,0,14532-14536 31st Ave NE,Shoreline,WA 98155,USA,22,0,0.1346,-0.1736,0.514,-0.665,-0.713
2014-06-20 00:00:00,355000.0,2.0,1.0,1240,27042.0,1.0,0,1,3,1000,240.0,1943,2002,11516 103rd Ave SW,Vashon,WA 98070,USA,71,1,-0.9561,0.3433,-0.9726,-0.1288,0.9336
2014-06-20 00:00:00,885000.0,3.0,2.25,2060,9552.0,1.0,0,0,4,1610,450.0,1975,0,7031 81st Ave SE,Mercer Island,WA 98040,USA,39,0,-0.0617,-0.1444,-0.2413,0.3403,-0.1418
2014-06-20 00:00:00,420000.0,5.0,2.75,2280,10319.0,1.0,0,0,3,1300,980.0,1959,1989,504 NW 175th Ct,Shoreline,WA 98177,USA,55,1,0.1782,-0.123,-0.6129,1.5244,0.3959
2014-06-20 00:00:00,448000.0,4.0,2.5,2510,6853.0,2.0,0,2,3,2510,0.0,2006,0,27498 254th Pl SE,Maple Valley,WA 98038,USA,8,0,0.4291,-0.2197,0.8377,-0.665,-1.1835
2014-06-20 00:00:00,800000.0,4.0,2.75,3150,7035.0,2.0,0,0,3,3150,0.0,2004,2003,1105 273rd Pl SE,Sammamish,WA 98075,USA,10,1,1.1271,-0.2146,1.605,-0.665,-1.1163
2014-06-20 00:00:00,830000.0,5.0,2.25,2780,10192.0,2.0,0,0,4,2780,0.0,1978,2000,14111 NE 4th St,Bellevue,WA 98007,USA,36,1,0.7235,-0.1266,1.1614,-0.665,-0.2426
2014-06-20 00:00:00,725000.0,6.0,1.75,2380,4080.0,2.0,0,0,3,2380,0.0,1917,2009,4554 Latona Ave NE,Seattle,WA 98105,USA,97,1,0.2873,-0.297,0.6818,-0.665,1.8072
2014-06-20 00:00:00,780000.0,3.0,2.25,2140,3000.0,2.0,0,0,3,2140,0.0,1905,2006,537 N 66th St,Seattle,WA 98103,USA,109,1,0.0255,-0.3271,0.3941,-0.665,2.2105
2014-06-20 00:00:00,325000.0,2.0,1.0,840,4239.0,1.0,0,0,3,840,0.0,1948,1994,7901-7911 39th Ave SW,Seattle,WA 98136,USA,66,1,-1.3923,-0.2925,-1.1644,-0.665,0.7655
2014-06-20 00:00:00,488800.0,4.0,2.25,2170,9665.0,1.0,0,0,4,1300,870.0,1976,1992,6438 131st Ave SE,Bellevue,WA 98006,USA,38,1,0.0582,-0.1412,-0.6129,1.2786,-0.1754
2014-06-20 00:00:00,1320000.0,4.0,3.5,4410,36200.0,2.0,0,0,3,4410,0.0,1989,0,6133 160th Ave SE,Bellevue,WA 98006,USA,25,0,2.5013,0.5986,3.1155,-0.665,-0.6122
2014-06-20 00:00:00,489000.0,4.0,2.0,2120,11479.0,1.0,0,0,4,1060,1060.0,1940,2001,10822-10830 24th Ave NE,Seattle,WA 98125,USA,74,1,0.0037,-0.0907,-0.9007,1.7031,1.0344
2014-06-20 00:00:00,1240000.0,7.0,5.5,6630,13782.0,2.0,0,0,3,4930,1700.0,2004,2003,16659 SE 69th Way,Bellevue,WA 98006,USA,10,1,4.9226,-0.0265,3.739,3.1329,-1.1163
2014-06-20 00:00:00,595000.0,3.0,2.75,3290,22649.0,2.0,0,0,4,3290,0.0,1993,0,3616 Lincoln Ave NE,Newcastle,WA 98056,USA,21,0,1.2798,0.2208,1.7728,-0.665,-0.7466
2014-06-20 00:00:00,359900.0,5.0,2.25,2290,7420.0,1.0,0,0,3,1290,1000.0,1973,2013,13038 SE 184th Pl,Renton,WA 98058,USA,41,1,0.1891,-0.2038,-0.6249,1.569,-0.0746
2014-06-20 00:00:00,1080000.0,3.0,3.0,4910,43560.0,2.0,0,0,4,4000,910.0,1989,0,2100 156th Ave SE,Bellevue,WA 98007,USA,25,0,3.0466,0.8038,2.624,1.368,-0.6122
2014-06-20 00:00:00,925000.0,4.0,2.75,3730,8014.0,2.0,0,0,3,3730,0.0,2012,1912,625 212th Ave SE,Sammamish,WA 98074,USA,2,1,1.7597,-0.1873,2.3003,-0.665,-1.3851
2014-06-20 00:00:00,625000.0,3.0,2.5,2440,4800.0,2.0,0,0,3,2440,0.0,2014,0,4754 26th Ave SW,Seattle,WA 98106,USA,0,0,0.3527,-0.2769,0.7538,-0.665,-1.4523
2014-06-20 00:00:00,339990.0,3.0,2.5,2570,4600.0,2.0,0,0,3,2570,0.0,2014,0,5703 Charlotte Ave SE,Auburn,WA 98092,USA,0,0,0.4945,-0.2825,0.9096,-0.665,-1.4523
2014-06-20 00:00:00,775950.0,4.0,2.5,2970,4400.0,2.0,0,0,3,2970,0.0,2014,0,16904 NE 116th St,Redmond,WA 98052,USA,0,0,0.9308,-0.2881,1.3892,-0.665,-1.4523
2014-06-20 00:00:00,420000.0,5.0,3.0,2630,3149.0,2.0,0,0,3,1670,960.0,2013,1923,3608 NE Sunset Blvd,Renton,WA 98056,USA,1,1,0.5599,-0.3229,-0.1693,1.4797,-1.4187
2014-06-20 00:00:00,654000.0,3.0,3.25,1530,1565.0,2.0,0,0,3,1280,250.0,2005,0,1806 15th Ave,Seattle,WA 98122,USA,9,0,-0.6398,-0.3671,-0.6369,-0.1065,-1.1499
2014-06-20 00:00:00,725000.0,3.0,3.5,3690,8837.0,2.0,0,0,3,3690,0.0,2001,0,34809 SE Garden Ct,Snoqualmie,WA 98065,USA,13,0,1.716,-0.1643,2.2524,-0.665,-1.0154
2014-06-21 00:00:00,375000.0,2.0,1.0,1230,1820.0,2.0,0,0,4,830,400.0,1948,0,3257 NW Market St,Seattle,WA 98107,USA,66,0,-0.967,-0.36,-1.1764,0.2286,0.7655
2014-06-21 00:00:00,1100000.0,3.0,2.5,2200,20000.0,1.0,0,1,3,1400,800.0,1952,2008,3244 112th Ave SE,Bellevue,WA 98004,USA,62,1,0.091,0.1469,-0.493,1.1222,0.6311
2014-06-21 00:00:00,639500.0,4.0,2.25,2330,8994.0,2.0,0,0,3,2330,0.0,1986,0,14106 176th Ave NE,Redmond,WA 98052,USA,28,0,0.2327,-0.16,0.6219,-0.665,-0.5114
2014-06-21 00:00:00,849000.0,4.0,2.0,2160,6300.0,1.5,0,1,4,2160,0.0,1928,0,4103 Hillcrest Ave SW,Seattle,WA 98116,USA,86,0,0.0473,-0.2351,0.4181,-0.665,1.4376
2014-06-21 00:00:00,418000.0,4.0,1.5,1550,9176.0,1.0,0,0,3,1000,550.0,1956,2001,1015 158th Pl SE,Bellevue,WA 98008,USA,58,1,-0.618,-0.1549,-0.9726,0.5637,0.4967
2014-06-21 00:00:00,442900.0,4.0,1.75,1780,2788.0,1.0,0,0,4,890,890.0,1943,0,3423 33rd Ave W,Seattle,WA 98199,USA,71,0,-0.3671,-0.333,-1.1045,1.3233,0.9336
2014-06-21 00:00:00,750000.0,3.0,1.75,2610,5544.0,1.5,0,0,3,1680,930.0,1934,1978,7523 Mary Ave NW,Seattle,WA 98117,USA,80,1,0.5381,-0.2562,-0.1574,1.4127,1.236
2014-06-21 00:00:00,930000.0,3.0,2.5,3290,6830.0,2.0,0,0,3,3290,0.0,2000,0,14845 NE 73rd Way,Redmond,WA 98052,USA,14,0,1.2798,-0.2203,1.7728,-0.665,-0.9818
2014-06-22 00:00:00,565000.0,2.0,1.75,1330,6000.0,1.0,0,0,4,960,370.0,1914,1945,3009 W Emerson St,Seattle,WA 98199,USA,100,1,-0.8579,-0.2434,-1.0205,0.1616,1.9081
2014-06-22 00:00:00,874150.0,4.0,3.5,3530,14406.0,2.0,0,1,3,2570,960.0,1987,2000,7321 NE 120th St,Kirkland,WA 98034,USA,27,1,1.5415,-0.0091,0.9096,1.4797,-0.545
2014-06-22 00:00:00,545000.0,4.0,2.5,2090,7663.0,2.0,0,0,3,2090,0.0,1990,2009,25733 SE 39th St,Issaquah,WA 98029,USA,24,1,-0.029,-0.1971,0.3342,-0.665,-0.6458
2014-06-22 00:00:00,500000.0,4.0,2.5,2040,8400.0,1.0,0,0,3,1420,620.0,1963,2008,5803 129th Ave SE,Bellevue,WA 98006,USA,51,1,-0.0836,-0.1765,-0.4691,0.7201,0.2615
2014-06-22 00:00:00,687000.0,4.0,2.5,2370,10083.0,2.0,0,0,5,2370,0.0,1966,0,13010 NE 74th St,Kirkland,WA 98033,USA,48,0,0.2764,-0.1296,0.6699,-0.665,0.1607
2014-06-22 00:00:00,810000.0,4.0,2.5,2810,10613.0,2.0,0,0,3,2810,0.0,1989,0,15031 SE 66th St,Bellevue,WA 98006,USA,25,0,0.7563,-0.1148,1.1974,-0.665,-0.6122
2014-06-22 00:00:00,439500.0,3.0,2.5,2050,40003.0,1.0,0,0,4,1570,480.0,1977,0,14710 255th Ave SE,Issaquah,WA 98027,USA,37,0,-0.0726,0.7047,-0.2892,0.4073,-0.209
2014-06-22 00:00:00,802000.0,3.0,1.75,2870,5000.0,1.5,0,0,4,1840,1030.0,1907,0,2727 32nd Ave S,Seattle,WA 98144,USA,107,0,0.8217,-0.2713,0.0345,1.6361,2.1433
2014-06-22 00:00:00,732600.0,4.0,2.5,2130,7300.0,1.0,0,0,4,1230,900.0,1963,0,507 130th Pl SE,Bellevue,WA 98005,USA,51,0,0.0146,-0.2072,-0.6968,1.3456,0.2615
2014-06-22 00:00:00,374000.0,4.0,2.5,2580,6260.0,2.0,0,0,3,2580,0.0,2004,2003,243 Edmonds Pl NE,Renton,WA 98056,USA,10,1,0.5054,-0.2362,0.9216,-0.665,-1.1163
2014-06-22 00:00:00,330000.0,4.0,2.5,2380,13550.0,2.0,0,0,3,2380,0.0,1999,0,3430 S 173rd St,SeaTac,WA 98188,USA,15,0,0.2873,-0.0329,0.6818,-0.665,-0.9482
2014-06-23 00:00:00,365000.0,4.0,2.0,1940,25600.0,1.0,0,0,1,1940,0.0,1962,0,4125 158th Ave SE,Bellevue,WA 98006,USA,52,0,-0.1926,0.3031,0.1543,-0.665,0.2951
2014-06-23 00:00:00,290900.0,2.0,2.0,1610,17600.0,2.0,0,0,3,1610,0.0,1930,1983,13301 56th Ave S,Tukwila,WA 98178,USA,84,1,-0.5525,0.08,-0.2413,-0.665,1.3704
2014-06-23 00:00:00,577000.0,3.0,2.5,2060,5750.0,1.0,0,0,3,1330,730.0,1976,0,4045 46th Ave SW,Seattle,WA 98116,USA,38,0,-0.0617,-0.2504,-0.577,0.9659,-0.1754
2014-06-23 00:00:00,280000.0,2.0,1.0,1010,3000.0,1.0,0,0,4,1010,0.0,1925,1968,107 E 3rd St,North Bend,WA 98045,USA,89,1,-1.2069,-0.3271,-0.9606,-0.665,1.5384
2014-06-23 00:00:00,675000.0,4.0,2.5,2810,11120.0,2.0,0,0,3,2810,0.0,1982,0,22120 NE 26th Pl,Sammamish,WA 98074,USA,32,0,0.7563,-0.1007,1.1974,-0.665,-0.377
2014-06-23 00:00:00,800000.0,3.0,2.25,2380,11824.0,1.0,0,0,4,1450,930.0,1972,0,7234 91st Ave SE,Mercer Island,WA 98040,USA,42,0,0.2873,-0.0811,-0.4331,1.4127,-0.0409
2014-06-23 00:00:00,299995.0,2.0,1.0,1060,7200.0,1.0,0,0,4,1060,0.0,1951,1999,1212 NE 162nd St,Shoreline,WA 98155,USA,63,1,-1.1524,-0.21,-0.9007,-0.665,0.6647
2014-06-23 00:00:00,440000.0,3.0,2.25,1560,7207.0,1.0,0,0,3,1250,310.0,1983,2009,8919 NE 142nd Way,Kirkland,WA 98034,USA,31,1,-0.6071,-0.2098,-0.6729,0.0276,-0.4106
2014-06-23 00:00:00,249500.0,2.0,1.75,1500,8645.0,1.0,0,0,4,1500,0.0,1963,0,26449 171st Ave SE,Covington,WA 98042,USA,51,0,-0.6725,-0.1697,-0.3732,-0.665,0.2615
2014-06-23 00:00:00,690000.0,2.0,1.0,970,4560.0,1.0,0,0,4,970,0.0,1907,0,4017 Corliss Ave N,Seattle,WA 98103,USA,107,0,-1.2506,-0.2836,-1.0086,-0.665,2.1433
2014-06-23 00:00:00,235000.0,3.0,1.0,1170,11100.0,1.0,0,0,4,1170,0.0,1968,0,766 Union Ave NE,Renton,WA 98059,USA,46,0,-1.0324,-0.1012,-0.7688,-0.665,0.0935
2014-06-23 00:00:00,320000.0,3.0,2.5,2280,7417.0,2.0,0,0,3,2280,0.0,1998,2006,27515 44th Pl S,Auburn,WA 98001,USA,16,1,0.1782,-0.2039,0.562,-0.665,-0.9146
2014-06-23 00:00:00,350000.0,7.0,3.0,2800,9569.0,1.0,0,2,3,1400,1400.0,1963,2008,2023 Harrington Pl NE,Renton,WA 98056,USA,51,1,0.7454,-0.1439,-0.493,2.4627,0.2615
2014-06-23 00:00:00,334000.0,4.0,1.5,1150,9360.0,1.5,0,0,3,1150,0.0,1970,2014,13260 126 Ct NE,Kirkland,WA 98034,USA,44,1,-1.0542,-0.1498,-0.7928,-0.665,0.0263
2014-06-23 00:00:00,235000.0,6.0,3.0,2180,7956.0,2.0,0,0,3,2180,0.0,1980,0,33015 22nd Pl S,Federal Way,WA 98003,USA,34,0,0.0691,-0.1889,0.4421,-0.665,-0.3098
2014-06-23 00:00:00,442000.0,4.0,2.5,2520,7253.0,2.0,0,0,3,2520,0.0,1990,2009,4508 NE 26th Ct,Renton,WA 98059,USA,24,1,0.44,-0.2085,0.8497,-0.665,-0.6458
2014-06-23 00:00:00,264000.0,3.0,1.75,1760,7482.0,1.0,0,0,4,1760,0.0,1966,0,2712 SW 322nd Pl,Federal Way,WA 98023,USA,48,0,-0.3889,-0.2021,-0.0614,-0.665,0.1607
2014-06-23 00:00:00,275000.0,2.0,1.0,1180,6552.0,1.0,0,0,4,1180,0.0,1949,1985,16341 Interlake Ave N,Shoreline,WA 98133,USA,65,1,-1.0215,-0.228,-0.7568,-0.665,0.7319
2014-06-23 00:00:00,430000.0,2.0,1.5,950,4625.0,1.0,0,0,4,950,0.0,1949,1985,8520 Interlake Ave N,Seattle,WA 98103,USA,65,1,-1.2724,-0.2818,-1.0325,-0.665,0.7319
2014-06-23 00:00:00,550000.0,3.0,2.5,1900,3255.0,2.0,0,0,3,1900,0.0,1988,2000,268 145th Pl SE,Bellevue,WA 98007,USA,26,1,-0.2362,-0.32,0.1064,-0.665,-0.5786
2014-06-23 00:00:00,775000.0,4.0,2.5,2300,6158.0,2.0,0,0,3,2300,0.0,1999,0,9009 27th Ave NE,Seattle,WA 98115,USA,15,0,0.2,-0.239,0.5859,-0.665,-0.9482
2014-06-23 00:00:00,603500.0,6.0,2.75,2660,8400.0,1.0,0,0,5,1550,1110.0,1962,0,12526 SE 61st St,Bellevue,WA 98006,USA,52,0,0.5927,-0.1765,-0.3132,1.8148,0.2951
2014-06-23 00:00:00,230000.0,3.0,1.0,1530,389126.0,1.5,0,0,4,1530,0.0,1919,1985,24727 SE Mud Mountain Rd,Enumclaw,WA 98022,USA,95,1,-0.6398,10.4391,-0.3372,-0.665,1.74
2014-06-23 00:00:00,449000.0,4.0,2.5,1850,5040.0,1.0,0,0,3,1230,620.0,1930,2013,7117 31st Ave SW,Seattle,WA 98126,USA,84,1,-0.2908,-0.2702,-0.6968,0.7201,1.3704
2014-06-23 00:00:00,2075000.0,4.0,3.5,4230,20377.0,2.0,0,0,3,4230,0.0,1997,0,1646 100th Pl SE,Bellevue,WA 98004,USA,17,0,2.305,0.1574,2.8998,-0.665,-0.881
2014-06-23 00:00:00,420000.0,3.0,2.0,1200,5029.0,1.0,0,0,3,880,320.0,1937,1999,3049 NE 90th St,Seattle,WA 98115,USA,77,1,-0.9997,-0.2705,-1.1165,0.0499,1.1352
2014-06-23 00:00:00,735000.0,4.0,2.25,2270,5102.0,1.0,0,0,5,1340,930.0,1954,0,3613 40th Ave W,Seattle,WA 98199,USA,60,0,0.1673,-0.2685,-0.565,1.4127,0.5639
2014-06-23 00:00:00,200000.0,3.0,1.5,1090,9600.0,1.0,0,0,4,1090,0.0,1968,0,17335 SE 265th St,Covington,WA 98042,USA,46,0,-1.1197,-0.1431,-0.8647,-0.665,0.0935
2014-06-23 00:00:00,286000.0,3.0,2.75,1100,750.0,2.0,0,0,3,780,320.0,2008,0,4733 Delridge Way SW,Seattle,WA 98106,USA,6,0,-1.1088,-0.3898,-1.2363,0.0499,-1.2507
2014-06-23 00:00:00,579000.0,3.0,2.5,1640,1269.0,3.0,0,0,3,1640,0.0,2009,0,129 25th Ave E,Seattle,WA 98112,USA,5,0,-0.5198,-0.3754,-0.2053,-0.665,-1.2843
2014-06-23 00:00:00,345100.0,3.0,3.75,1950,8625.0,1.0,0,0,3,1360,590.0,1959,1989,10636 60th Ave S,Seattle,WA 98178,USA,55,1,-0.1817,-0.1702,-0.541,0.6531,0.3959
2014-06-23 00:00:00,350000.0,3.0,1.75,1660,10150.0,1.5,0,0,3,1660,0.0,1957,2000,1301 N 169th St,Shoreline,WA 98133,USA,57,1,-0.498,-0.1277,-0.1813,-0.665,0.4631
2014-06-23 00:00:00,291500.0,3.0,1.0,880,9238.0,1.5,0,0,5,880,0.0,1946,0,16529 10th Ave NE,Shoreline,WA 98155,USA,68,0,-1.3487,-0.1532,-1.1165,-0.665,0.8327
2014-06-23 00:00:00,649950.0,3.0,2.5,1500,1375.0,2.0,0,0,3,1200,300.0,2014,0,2811 14th Ave W,Seattle,WA 98119,USA,0,0,-0.6725,-0.3724,-0.7328,0.0052,-1.4523
2014-06-23 00:00:00,458500.0,3.0,2.0,1890,1599.0,2.0,0,0,3,1430,460.0,2012,1912,6539 41st Ave SW,Seattle,WA 98136,USA,2,1,-0.2471,-0.3662,-0.4571,0.3627,-1.3851
2014-06-23 00:00:00,500000.0,3.0,1.0,1150,5100.0,2.0,0,0,3,1150,0.0,1911,2005,3947 SW Austin St,Seattle,WA 98136,USA,103,1,-1.0542,-0.2685,-0.7928,-0.665,2.0089
2014-06-23 00:00:00,362300.0,3.0,2.5,2430,15264.0,2.0,0,0,3,2430,0.0,1997,0,9226 S 247th Pl,Kent,WA 98030,USA,17,0,0.3418,0.0149,0.7418,-0.665,-0.881
2014-06-23 00:00:00,324000.0,4.0,1.75,2110,7208.0,1.0,0,0,3,1170,940.0,1975,0,17403 159th Ave SE,Renton,WA 98058,USA,39,0,-0.0072,-0.2098,-0.7688,1.435,-0.1418
2014-06-23 00:00:00,495000.0,3.0,2.0,2950,12196.0,2.0,0,0,4,2310,640.0,1918,1974,2433 SW 149th St,Burien,WA 98166,USA,96,1,0.909,-0.0707,0.5979,0.7648,1.7736
2014-06-23 00:00:00,233500.0,3.0,2.25,1650,2958.0,2.0,0,0,3,1650,0.0,1985,0,23441 130th Ave SE,Kent,WA 98031,USA,29,0,-0.5089,-0.3283,-0.1933,-0.665,-0.4778
2014-06-23 00:00:00,479000.0,3.0,2.25,2110,11319.0,2.0,0,0,4,2110,0.0,1978,2000,15965 176th Ave NE,Woodinville,WA 98072,USA,36,1,-0.0072,-0.0951,0.3582,-0.665,-0.2426
2014-06-23 00:00:00,322200.0,4.0,2.25,2010,19000.0,2.0,0,0,4,2010,0.0,1975,0,25417 167th Pl SE,Covington,WA 98042,USA,39,0,-0.1163,0.119,0.2383,-0.665,-0.1418
2014-06-23 00:00:00,835000.0,4.0,2.5,3030,29163.0,2.0,0,0,3,3030,0.0,1998,2006,5420 239th Pl NE,Redmond,WA 98053,USA,16,1,0.9962,0.4024,1.4611,-0.665,-0.9146
2014-06-23 00:00:00,347000.0,3.0,1.0,1270,8400.0,1.0,0,0,3,1270,0.0,1955,2005,10624 Sunrise Dr,Bothell,WA 98011,USA,59,1,-0.9234,-0.1765,-0.6489,-0.665,0.5303
2014-06-23 00:00:00,725000.0,3.0,1.75,1610,8613.0,1.0,0,0,5,1610,0.0,1962,0,10905 NE 48th St,Kirkland,WA 98033,USA,52,0,-0.5525,-0.1706,-0.2413,-0.665,0.2951
2014-06-23 00:00:00,345000.0,3.0,1.0,1140,4200.0,2.0,0,0,4,1140,0.0,1904,0,115 28th Ave S,Seattle,WA 98144,USA,110,0,-1.0651,-0.2936,-0.8047,-0.665,2.2441
2014-06-23 00:00:00,345950.0,3.0,2.5,2110,4118.0,2.0,0,0,3,2110,0.0,1989,0,14150-14198 SE 238th Ln,Kent,WA 98042,USA,25,0,-0.0072,-0.2959,0.3582,-0.665,-0.6122
2014-06-23 00:00:00,550000.0,3.0,1.75,1840,8086.0,1.0,0,0,4,1840,0.0,1964,0,13820 NE 72nd Pl,Redmond,WA 98052,USA,50,0,-0.3017,-0.1853,0.0345,-0.665,0.2279
2014-06-23 00:00:00,399950.0,3.0,1.75,1560,5223.0,1.0,0,0,4,810,750.0,1940,2001,3630 NE 123rd St,Seattle,WA 98125,USA,74,1,-0.6071,-0.2651,-1.2004,1.0105,1.0344
2014-06-23 00:00:00,269500.0,3.0,1.75,1840,7412.0,1.0,0,0,4,1240,600.0,1976,1992,23309 115th Pl SE,Kent,WA 98031,USA,38,1,-0.3017,-0.2041,-0.6849,0.6754,-0.1754
2014-06-23 00:00:00,494000.0,4.0,2.5,1830,7345.0,1.0,0,0,4,1540,290.0,1973,0,1220 NW 199th Pl,Shoreline,WA 98177,USA,41,0,-0.3126,-0.2059,-0.3252,-0.0171,-0.0746
2014-06-23 00:00:00,453000.0,4.0,1.75,2120,7420.0,1.0,0,0,4,1060,1060.0,1956,0,15619 SE 9th St,Bellevue,WA 98008,USA,58,0,0.0037,-0.2038,-0.9007,1.7031,0.4967
2014-06-23 00:00:00,442500.0,3.0,1.75,1600,10280.0,1.0,0,0,3,1050,550.0,1977,2004,13832 125th Ave NE,Kirkland,WA 98034,USA,37,1,-0.5634,-0.1241,-0.9126,0.5637,-0.209
2014-06-23 00:00:00,235000.0,4.0,1.75,1450,7663.0,1.5,0,0,3,1180,270.0,1962,2003,4414 S 140th St,Tukwila,WA 98168,USA,52,1,-0.727,-0.1971,-0.7568,-0.0618,0.2951
2014-06-23 00:00:00,389800.0,3.0,2.25,1880,12821.0,1.0,0,0,3,1880,0.0,1959,1989,2310 NE 191st St,Lake Forest Park,WA 98155,USA,55,1,-0.2581,-0.0533,0.0824,-0.665,0.3959
2014-06-23 00:00:00,346000.0,3.0,1.75,1270,8100.0,1.0,0,0,3,880,0.0,1950,2005,651 SW 134th St,Burien,WA 98146,USA,64,1,-0.9234,-0.1849,-1.1165,-0.665,0.6983
2014-06-23 00:00:00,360000.0,4.0,1.5,1720,6417.0,1.0,0,0,3,1720,0.0,1953,0,13505 16th Ave NE,Seattle,WA 98125,USA,61,0,-0.4326,-0.2318,-0.1094,-0.665,0.5975
2014-06-23 00:00:00,650000.0,4.0,2.5,2400,7351.0,2.0,0,0,3,2400,0.0,1990,2009,23836 SE 41st St,Issaquah,WA 98029,USA,24,1,0.3091,-0.2058,0.7058,-0.665,-0.6458
2014-06-23 00:00:00,290000.0,3.0,1.0,1150,8145.0,1.0,0,0,4,990,160.0,1932,1958,16232 11th Ave NE,Shoreline,WA 98155,USA,82,1,-1.0542,-0.1836,-0.9846,-0.3076,1.3032
2014-06-23 00:00:00,234000.0,2.0,1.0,870,11100.0,1.0,0,0,3,870,0.0,1940,1996,11062 25th Ave SW,Seattle,WA 98146,USA,74,1,-1.3596,-0.1012,-1.1284,-0.665,1.0344
2014-06-23 00:00:00,260000.0,4.0,2.5,2000,37045.0,2.0,0,0,3,2000,0.0,1989,0,29204 202nd Ave SE,Kent,WA 98042,USA,25,0,-0.1272,0.6222,0.2263,-0.665,-0.6122
2014-06-23 00:00:00,349900.0,3.0,2.0,2420,38781.0,1.0,0,0,5,1210,1210.0,1949,0,16729 Tiger Mountain Rd SE,Issaquah,WA 98027,USA,65,0,0.3309,0.6706,-0.7208,2.0382,0.7319
2014-06-23 00:00:00,275000.0,3.0,1.0,1080,6000.0,1.0,0,0,4,1080,0.0,1952,0,2350 N 178th St,Shoreline,WA 98133,USA,62,0,-1.1306,-0.2434,-0.8767,-0.665,0.6311
2014-06-23 00:00:00,725000.0,4.0,2.5,3420,30410.0,2.0,0,0,3,3420,0.0,1988,2000,18639 NE 202nd St,Woodinville,WA 98077,USA,26,1,1.4216,0.4372,1.9287,-0.665,-0.5786
2014-06-23 00:00:00,375000.0,4.0,2.5,1870,7471.0,2.0,0,0,3,1870,0.0,1990,2009,10309 SE 190th Pl,Renton,WA 98055,USA,24,1,-0.269,-0.2024,0.0704,-0.665,-0.6458
2014-06-23 00:00:00,806000.0,4.0,2.5,2500,206474.0,1.0,0,0,3,2500,0.0,1997,0,8510 258th Ave NE,Redmond,WA 98053,USA,17,0,0.4182,5.3463,0.8257,-0.665,-0.881
2014-06-23 00:00:00,470000.0,3.0,2.5,2150,8221.0,2.0,0,0,3,2150,0.0,1992,0,1815 Ilwaco Ave NE,Renton,WA 98059,USA,22,0,0.0364,-0.1815,0.4061,-0.665,-0.713
2014-06-23 00:00:00,490000.0,3.0,2.25,1470,2500.0,2.0,0,0,3,1080,390.0,1984,0,6506 3rd Ave NW,Seattle,WA 98117,USA,30,0,-0.7052,-0.341,-0.8767,0.2063,-0.4442
2014-06-23 00:00:00,615000.0,5.0,2.0,2130,4180.0,1.5,0,0,5,1270,860.0,1926,0,3220 44th Ave SW,Seattle,WA 98116,USA,88,0,0.0146,-0.2942,-0.6489,1.2563,1.5048
2014-06-23 00:00:00,249000.0,3.0,1.0,1000,19204.0,1.0,0,0,3,1000,0.0,1968,2010,31825 197th Ave SE,Kent,WA 98042,USA,46,1,-1.2178,0.1247,-0.9726,-0.665,0.0935
2014-06-23 00:00:00,396500.0,3.0,1.75,2390,7149.0,1.0,0,0,3,1350,1040.0,1955,2005,13040 3rd Ave NE,Seattle,WA 98125,USA,59,1,0.2982,-0.2114,-0.553,1.6584,0.5303
2014-06-23 00:00:00,405000.0,2.0,1.0,860,7663.0,1.0,0,0,4,860,0.0,1901,0,6301-6399 17th Ave NW,Seattle,WA 98107,USA,113,0,-1.3705,-0.1971,-1.1404,-0.665,2.3449
2014-06-23 00:00:00,560000.0,3.0,2.5,1960,12476.0,2.0,0,0,4,1960,0.0,1989,0,12637 SE 79th Ct,Newcastle,WA 98056,USA,25,0,-0.1708,-0.0629,0.1783,-0.665,-0.6122
2014-06-23 00:00:00,459950.0,4.0,2.5,2000,6107.0,2.0,0,0,3,2000,0.0,2003,0,8928 NE 176th St,Bothell,WA 98011,USA,11,0,-0.1272,-0.2405,0.2263,-0.665,-1.0827
2014-06-23 00:00:00,265000.0,3.0,1.0,1620,9450.0,1.5,0,0,3,1620,0.0,1928,1954,10005 16th Ave S,Seattle,WA 98168,USA,86,1,-0.5416,-0.1472,-0.2293,-0.665,1.4376
2014-06-23 00:00:00,502000.0,6.0,2.5,2890,8122.0,1.0,0,0,3,1630,1260.0,1977,2004,2413 171 Ave SE,Bellevue,WA 98008,USA,37,1,0.8435,-0.1843,-0.2173,2.1499,-0.209
2014-06-23 00:00:00,430000.0,3.0,1.75,1300,12731.0,1.0,0,0,3,1300,0.0,1981,2013,1429 224th Ave NE,Sammamish,WA 98074,USA,33,1,-0.8906,-0.0558,-0.6129,-0.665,-0.3434
2014-06-23 00:00:00,525000.0,2.0,1.0,1080,3500.0,1.0,0,3,3,1080,0.0,1924,2011,5130 Palatine Ave N,Seattle,WA 98103,USA,90,1,-1.1306,-0.3131,-0.8767,-0.665,1.572
2014-06-23 00:00:00,415000.0,4.0,2.5,2170,8518.0,1.0,0,3,3,1350,820.0,1955,2005,10842 Garden Pl S,Seattle,WA 98178,USA,59,1,0.0582,-0.1732,-0.553,1.1669,0.5303
2014-06-23 00:00:00,600000.0,3.0,2.5,2260,10153.0,2.0,0,0,3,2260,0.0,1987,2000,20322 NE 34th Ct,Sammamish,WA 98074,USA,27,1,0.1564,-0.1276,0.538,-0.665,-0.545
2014-06-23 00:00:00,225000.0,3.0,1.75,1580,8820.0,1.0,0,0,4,1580,0.0,1967,0,31711 7th Pl S,Federal Way,WA 98003,USA,47,0,-0.5853,-0.1648,-0.2772,-0.665,0.1271
2014-06-23 00:00:00,300000.0,4.0,2.5,2620,4469.0,2.0,0,0,3,2620,0.0,2008,0,17001 SE 263rd St,Covington,WA 98042,USA,6,0,0.549,-0.2861,0.9696,-0.665,-1.2507
2014-06-23 00:00:00,491234.0,4.0,2.5,1540,1860.0,2.0,0,0,3,1540,0.0,2014,0,2520 Mulberry Walk NE,Issaquah,WA 98029,USA,0,0,-0.6289,-0.3589,-0.3252,-0.665,-1.4523
2014-06-23 00:00:00,1580000.0,4.0,2.5,4570,74487.0,2.0,0,4,5,4570,0.0,1948,1985,1249 NW Elford Dr,Seattle,WA 98177,USA,66,1,2.6758,1.6662,3.3074,-0.665,0.7655
2014-06-23 00:00:00,905000.0,4.0,3.25,3440,7661.0,2.0,0,0,3,3440,0.0,2006,0,1630 28th Ave NE,Issaquah,WA 98029,USA,8,0,1.4434,-0.1971,1.9526,-0.665,-1.1835
2014-06-23 00:00:00,199950.0,5.0,2.5,1740,8750.0,1.0,0,0,4,1740,0.0,1959,0,23459 27th Ave S,Des Moines,WA 98198,USA,55,0,-0.4107,-0.1668,-0.0854,-0.665,0.3959
2014-06-23 00:00:00,450000.0,4.0,1.75,2160,4333.0,1.0,0,0,4,1260,0.0,1942,1982,8309 24th Ave NW,Seattle,WA 98117,USA,72,1,0.0473,-0.2899,-0.6609,-0.665,0.9672
2014-06-23 00:00:00,899000.0,3.0,1.0,1480,6978.0,2.0,0,0,4,1480,0.0,1949,1985,4432 92nd Ave NE,Yarrow Point,WA 98004,USA,65,1,-0.6943,-0.2162,-0.3971,-0.665,0.7319
2014-06-23 00:00:00,649000.0,2.0,1.75,2260,280962.0,2.0,0,2,3,1890,370.0,2005,0,29836 NE Tolt Hill Rd,Carnation,WA 98014,USA,9,0,0.1564,7.4232,0.0944,0.1616,-1.1499
2014-06-23 00:00:00,780000.0,4.0,3.5,3910,59863.0,2.0,0,0,4,2490,1420.0,1987,0,13045 205th Pl SE,Issaquah,WA 98027,USA,27,0,1.956,1.2584,0.8137,2.5073,-0.545
2014-06-23 00:00:00,400000.0,4.0,1.75,1700,20283.0,1.5,0,0,3,1340,360.0,1965,1993,19744 324th Ave NE,Duvall,WA 98019,USA,49,1,-0.4544,0.1548,-0.565,0.1393,0.1943
2014-06-23 00:00:00,831500.0,5.0,2.5,4470,35124.0,2.5,0,0,3,4470,0.0,1984,0,15002 191st Ave NE,Woodinville,WA 98072,USA,30,0,2.5668,0.5686,3.1875,-0.665,-0.4442
2014-06-23 00:00:00,471001.0,3.0,1.75,1800,6000.0,1.0,0,0,5,900,900.0,1905,0,719 N 80th St,Seattle,WA 98103,USA,109,0,-0.3453,-0.2434,-1.0925,1.3456,2.2105
2014-06-23 00:00:00,385000.0,3.0,3.25,1630,1677.0,3.0,0,0,3,1630,0.0,2007,0,353 N 105th St,Seattle,WA 98133,USA,7,0,-0.5307,-0.364,-0.2173,-0.665,-1.2171
2014-06-23 00:00:00,326000.0,3.0,1.0,1030,9834.0,1.0,0,0,3,1030,0.0,1969,2010,13110 NE 193rd Pl,Woodinville,WA 98072,USA,45,1,-1.1851,-0.1365,-0.9366,-0.665,0.0599
2014-06-23 00:00:00,335000.0,1.0,1.0,720,5100.0,1.0,0,0,3,720,0.0,1907,1983,7325 18th Ave NW,Seattle,WA 98117,USA,107,1,-1.5232,-0.2685,-1.3083,-0.665,2.1433
2014-06-23 00:00:00,320000.0,4.0,1.5,1890,43560.0,1.0,0,0,4,1890,0.0,1974,0,30841-30959 132nd Ave SE,Auburn,WA 98092,USA,40,0,-0.2471,0.8038,0.0944,-0.665,-0.1082
2014-06-23 00:00:00,300000.0,4.0,2.5,1840,5550.0,2.0,0,0,3,1840,0.0,2004,2003,11831 SE 232nd Pl,Kent,WA 98031,USA,10,1,-0.3017,-0.256,0.0345,-0.665,-1.1163
2014-06-23 00:00:00,269950.0,4.0,2.5,2540,8400.0,2.0,0,0,5,2540,0.0,1977,0,25209 45th Ave S,Kent,WA 98032,USA,37,0,0.4618,-0.1765,0.8737,-0.665,-0.209
2014-06-23 00:00:00,1220000.0,4.0,3.75,3520,3944.0,1.5,0,0,5,2200,1320.0,1913,0,2551 5th Ave N,Seattle,WA 98109,USA,101,0,1.5306,-0.3008,0.4661,2.2839,1.9417
2014-06-23 00:00:00,590000.0,4.0,2.5,3220,7875.0,1.5,0,0,4,3220,0.0,1966,0,16429 NE 18th St,Bellevue,WA 98008,USA,48,0,1.2034,-0.1912,1.6889,-0.665,0.1607
2014-06-23 00:00:00,750000.0,3.0,2.0,1820,5000.0,1.5,0,0,4,1720,100.0,1941,1998,2160 50th Ave SW,Seattle,WA 98116,USA,73,1,-0.3235,-0.2713,-0.1094,-0.4416,1.0008
2014-06-23 00:00:00,239950.0,3.0,1.75,1230,9600.0,1.0,0,0,4,1230,0.0,1984,0,26119 185th Pl SE,Covington,WA 98042,USA,30,0,-0.967,-0.1431,-0.6968,-0.665,-0.4442
2014-06-23 00:00:00,215000.0,3.0,2.0,1340,8505.0,1.0,0,0,3,1340,0.0,1931,0,2730 S 146th St,SeaTac,WA 98168,USA,83,0,-0.847,-0.1736,-0.565,-0.665,1.3368
2014-06-23 00:00:00,165000.0,3.0,1.0,1200,13100.0,1.0,0,0,3,1200,0.0,1943,2002,14301 Interurban Ave S,Tukwila,WA 98168,USA,71,1,-0.9997,-0.0455,-0.7328,-0.665,0.9336
2014-06-23 00:00:00,261350.0,3.0,1.75,1390,7663.0,1.0,0,0,4,1390,0.0,1962,0,157 SW 313th St,Federal Way,WA 98023,USA,52,0,-0.7925,-0.1971,-0.505,-0.665,0.2951
2014-06-23 00:00:00,569000.0,4.0,2.0,1730,3884.0,1.0,0,0,5,1060,670.0,1924,1956,720 N 46th St,Seattle,WA 98103,USA,90,1,-0.4217,-0.3024,-0.9007,0.8318,1.572
2014-06-23 00:00:00,425000.0,3.0,2.25,1580,39189.0,1.0,0,0,3,1180,400.0,1992,0,27514 NE 31st Ct,Redmond,WA 98053,USA,22,0,-0.5853,0.682,-0.7568,0.2286,-0.713
2014-06-23 00:00:00,800000.0,4.0,3.0,3520,4895.0,1.0,0,0,3,1980,1540.0,1954,2005,301 NW 54th St,Seattle,WA 98107,USA,60,1,1.5306,-0.2742,0.2023,2.7754,0.5639
2014-06-23 00:00:00,715000.0,4.0,2.5,2650,30500.0,1.0,0,0,4,1680,970.0,1960,2001,23264 SE 54th Pl,Issaquah,WA 98029,USA,54,1,0.5818,0.4397,-0.1574,1.502,0.3623
2014-06-23 00:00:00,337000.0,3.0,1.75,1310,12750.0,1.0,0,0,3,1310,0.0,1993,0,14830 203rd Ave SE,Renton,WA 98059,USA,21,0,-0.8797,-0.0552,-0.6009,-0.665,-0.7466
2014-06-23 00:00:00,560000.0,4.0,2.5,2300,7989.0,2.0,0,0,3,2300,0.0,1990,2009,22912 NE 19th Dr,Sammamish,WA 98074,USA,24,1,0.2,-0.188,0.5859,-0.665,-0.6458
2014-06-23 00:00:00,449500.0,3.0,2.25,1780,7280.0,1.0,0,2,3,1340,0.0,1972,2002,9413 NE 137th St,Kirkland,WA 98034,USA,42,1,-0.3671,-0.2077,-0.565,-0.665,-0.0409
2014-06-23 00:00:00,660000.0,3.0,3.25,1980,2850.0,3.0,0,0,3,1980,0.0,1987,2000,4318 Corliss Ave N,Seattle,WA 98103,USA,27,1,-0.149,-0.3313,0.2023,-0.665,-0.545
2014-06-23 00:00:00,685000.0,2.0,1.5,1300,1676.0,1.0,0,2,3,1300,0.0,1943,2002,1407 19th Ave,Seattle,WA 98122,USA,71,1,-0.8906,-0.364,-0.6129,-0.665,0.9336
2014-06-23 00:00:00,905000.0,5.0,3.5,3500,10155.0,2.0,0,0,3,2570,0.0,1996,0,15563 SE 67th Pl,Bellevue,WA 98006,USA,18,0,1.5088,-0.1276,0.9096,-0.665,-0.8474
2014-06-23 00:00:00,403500.0,3.0,1.0,1830,8004.0,1.0,0,0,3,1200,630.0,1960,2012,13337 30th Ave NE,Seattle,WA 98125,USA,54,1,-0.3126,-0.1876,-0.7328,0.7425,0.3623
2014-06-23 00:00:00,405000.0,3.0,2.25,1520,1245.0,3.0,0,0,3,1520,0.0,2004,2003,8502 Interlake Ave N,Seattle,WA 98103,USA,10,1,-0.6507,-0.376,-0.3492,-0.665,-1.1163
2014-06-23 00:00:00,385000.0,4.0,2.75,2700,37011.0,2.0,0,0,3,2700,0.0,1984,0,18901 SE 281st St,Kent,WA 98042,USA,30,0,0.6363,0.6212,1.0655,-0.665,-0.4442
2014-06-23 00:00:00,1700000.0,3.0,2.75,2810,18731.0,2.0,1,4,4,2810,0.0,1974,0,2860 West Lake Sammamish Pkwy NE,Redmond,WA 98052,USA,40,0,0.7563,0.1115,1.1974,-0.665,-0.1082
2014-06-23 00:00:00,285000.0,3.0,2.5,1660,6263.0,2.0,0,0,3,1660,0.0,2003,0,27924-27998 150th Pl SE,Kent,WA 98042,USA,11,0,-0.498,-0.2361,-0.1813,-0.665,-1.0827
2014-06-23 00:00:00,249900.0,3.0,2.0,1310,6738.0,1.0,0,0,4,1310,0.0,1990,0,19240 SE 259th Pl,Covington,WA 98042,USA,24,0,-0.8797,-0.2229,-0.6009,-0.665,-0.6458
2014-06-23 00:00:00,633634.0,4.0,3.5,2960,6000.0,2.0,0,0,3,2960,0.0,2014,0,34115 SE Ash St,Snoqualmie,WA 98065,USA,0,0,0.9199,-0.2434,1.3772,-0.665,-1.4523
2014-06-23 00:00:00,329900.0,3.0,2.5,2242,4995.0,2.0,0,0,3,2242,0.0,2011,0,Evergreen Way SE,Auburn,WA 98092,USA,3,0,0.1368,-0.2715,0.5164,-0.665,-1.3515
2014-06-23 00:00:00,310000.0,3.0,2.5,2540,4775.0,2.0,0,0,3,2540,0.0,2006,0,21720 SE 299th Way,Kent,WA 98042,USA,8,0,0.4618,-0.2776,0.8737,-0.665,-1.1835
2014-06-23 00:00:00,345000.0,3.0,1.5,1420,1192.0,2.0,0,0,3,1140,280.0,2008,0,1707 22nd Ave S,Seattle,WA 98144,USA,6,0,-0.7598,-0.3775,-0.8047,-0.0395,-1.2507
2014-06-23 00:00:00,160797.0,3.0,1.5,1270,2356.0,2.0,0,0,3,1270,0.0,2012,1912,4018 S Lilac St,Seattle,WA 98108,USA,2,1,-0.9234,-0.345,-0.6489,-0.665,-1.3851
2014-06-23 00:00:00,562500.0,3.0,2.25,1300,907.0,2.0,0,0,3,1000,300.0,2006,0,2008 Yale Ave E,Seattle,WA 98102,USA,8,0,-0.8906,-0.3854,-0.9726,0.0052,-1.1835
2014-06-23 00:00:00,664950.0,5.0,3.0,3190,7081.0,1.0,0,2,3,1890,1300.0,2013,1923,7528 S Laurel St,Seattle,WA 98178,USA,1,1,1.1707,-0.2133,0.0944,2.2393,-1.4187
2014-06-23 00:00:00,515000.0,5.0,3.25,2910,5027.0,2.0,0,0,3,2040,870.0,2013,1923,1920C SW Brandon St,Seattle,WA 98106,USA,1,1,0.8653,-0.2706,0.2742,1.2786,-1.4187
2014-06-23 00:00:00,497000.0,3.0,2.25,1630,3817.0,2.0,0,0,3,1630,0.0,2005,0,1981 24th Ave NE,Issaquah,WA 98029,USA,9,0,-0.5307,-0.3043,-0.2173,-0.665,-1.1499
2014-06-23 00:00:00,312891.0,5.0,3.0,2300,8214.0,2.0,0,0,3,2300,0.0,2013,1923,33027 47th Pl S,Federal Way,WA 98001,USA,1,1,0.2,-0.1817,0.5859,-0.665,-1.4187
2014-06-23 00:00:00,670000.0,3.0,2.5,3310,5300.0,2.0,0,2,3,2440,870.0,2008,0,9400 44th Ave SW,Seattle,WA 98136,USA,6,0,1.3016,-0.263,0.7538,1.2786,-1.2507
2014-06-23 00:00:00,362500.0,2.0,1.5,940,1768.0,2.0,0,0,3,940,0.0,2009,0,1124 29th Ave S,Seattle,WA 98144,USA,5,0,-1.2833,-0.3614,-1.0445,-0.665,-1.2843
2014-06-23 00:00:00,402101.0,2.0,2.25,1020,7663.0,2.0,0,0,3,1020,0.0,2009,0,902 26th Ave S,Seattle,WA 98144,USA,5,0,-1.196,-0.1971,-0.9486,-0.665,-1.2843
2014-06-24 00:00:00,438000.0,3.0,1.75,1520,6380.0,1.0,0,0,3,790,730.0,1948,1994,2302 NE 91st St,Seattle,WA 98115,USA,66,1,-0.6507,-0.2328,-1.2243,0.9659,0.7655
2014-06-24 00:00:00,687500.0,4.0,1.75,2330,5000.0,1.5,0,0,4,1510,820.0,1929,0,7326 9th Ave NW,Seattle,WA 98117,USA,85,0,0.2327,-0.2713,-0.3612,1.1669,1.404
2014-06-24 00:00:00,160000.0,3.0,1.5,1010,9600.0,1.0,0,0,4,1010,0.0,1962,0,21416 13th Ave S,Des Moines,WA 98198,USA,52,0,-1.2069,-0.1431,-0.9606,-0.665,0.2951
2014-06-24 00:00:00,415000.0,3.0,1.75,1070,8000.0,1.0,0,0,3,1070,0.0,1977,2004,10908 156th Ct NE,Redmond,WA 98052,USA,37,1,-1.1415,-0.1877,-0.8887,-0.665,-0.209
2014-06-24 00:00:00,405000.0,3.0,2.5,3170,12750.0,2.0,0,0,3,2360,810.0,1995,0,29414 2nd Ave SW,Federal Way,WA 98023,USA,19,0,1.1489,-0.0552,0.6579,1.1446,-0.8138
2014-06-24 00:00:00,880000.0,4.0,2.5,3030,3841.0,3.0,0,0,3,3030,0.0,2005,0,6709 9th Ave NW,Seattle,WA 98117,USA,9,0,0.9962,-0.3036,1.4611,-0.665,-1.1499
2014-06-24 00:00:00,585000.0,3.0,2.5,2270,100545.0,2.0,0,0,3,2270,0.0,1998,2006,10613 SW 138th St,Vashon,WA 98070,USA,16,1,0.1673,2.3927,0.55,-0.665,-0.9146
2014-06-24 00:00:00,640000.0,4.0,2.5,2341,9594.0,2.0,0,0,3,2341,0.0,1997,0,11001-11025 169th Pl NE,Redmond,WA 98052,USA,17,0,0.2447,-0.1432,0.6351,-0.665,-0.881
2014-06-24 00:00:00,819000.0,3.0,3.5,2130,6150.0,2.0,0,2,5,1530,600.0,1908,0,3215 37th Ave W,Seattle,WA 98199,USA,106,0,0.0146,-0.2393,-0.3372,0.6754,2.1097
2014-06-24 00:00:00,520000.0,3.0,1.75,2300,35722.0,1.0,0,0,3,2300,0.0,1984,0,16203 170th Ave NE,Woodinville,WA 98072,USA,30,0,0.2,0.5853,0.5859,-0.665,-0.4442
2014-06-24 00:00:00,367500.0,3.0,1.0,1660,11783.0,1.0,0,0,4,1160,500.0,1978,2000,17619 197th Ave NE,Woodinville,WA 98077,USA,36,1,-0.498,-0.0822,-0.7808,0.452,-0.2426
2014-06-24 00:00:00,762500.0,4.0,2.75,2610,8760.0,1.0,0,0,4,1760,850.0,1978,2000,8208 SE 26th St,Mercer Island,WA 98040,USA,36,1,0.5381,-0.1665,-0.0614,1.2339,-0.2426
2014-06-24 00:00:00,300000.0,3.0,1.0,2150,7007.0,1.0,0,0,3,2150,0.0,1954,2005,315 NW 183rd St,Shoreline,WA 98177,USA,60,1,0.0364,-0.2154,0.4061,-0.665,0.5639
2014-06-24 00:00:00,625000.0,3.0,2.5,2410,64073.0,1.0,0,0,4,1820,590.0,1976,1992,14828 NE 163rd St,Woodinville,WA 98072,USA,38,1,0.32,1.3758,0.0105,0.6531,-0.1754
2014-06-24 00:00:00,530000.0,2.0,1.5,1580,3680.0,1.0,0,2,3,1280,300.0,1941,1994,3036-3040 36th Ave SW,Seattle,WA 98126,USA,73,1,-0.5853,-0.3081,-0.6369,0.0052,1.0008
2014-06-24 00:00:00,379000.0,3.0,2.5,1740,30886.0,2.0,0,0,3,1740,0.0,1992,0,47518 SE 153rd St,North Bend,WA 98045,USA,22,0,-0.4107,0.4504,-0.0854,-0.665,-0.713
2014-06-24 00:00:00,615000.0,2.0,1.0,1270,5000.0,1.0,0,0,3,1090,180.0,1949,1998,7407-7411 28th Ave NW,Seattle,WA 98117,USA,65,1,-0.9234,-0.2713,-0.8647,-0.2629,0.7319
2014-06-24 00:00:00,660000.0,2.0,2.25,2550,6000.0,2.0,0,0,5,1860,690.0,1902,0,6054 5th Ave NE,Seattle,WA 98115,USA,112,0,0.4727,-0.2434,0.0584,0.8765,2.3113
2014-06-24 00:00:00,380000.0,3.0,2.25,1860,15559.0,2.0,0,0,4,1860,0.0,1963,0,52435 SE 496th Pl,Enumclaw,WA 98022,USA,51,0,-0.2799,0.0231,0.0584,-0.665,0.2615
2014-06-24 00:00:00,314900.0,4.0,1.75,2700,27072.0,1.0,0,0,3,1380,0.0,1958,2004,34901-35199 Weyerhaeuser Way S,Federal Way,WA 98003,USA,56,1,0.6363,0.3441,-0.517,-0.665,0.4295
2014-06-24 00:00:00,324950.0,3.0,1.5,1460,8710.0,1.0,0,0,3,1460,0.0,1955,2005,1636 SW 164th St,Burien,WA 98166,USA,59,1,-0.7161,-0.1679,-0.4211,-0.665,0.5303
2014-06-24 00:00:00,225000.0,3.0,1.75,1330,13102.0,1.0,0,0,3,1330,0.0,1968,1997,903 S 317th St,Federal Way,WA 98003,USA,46,1,-0.8579,-0.0454,-0.577,-0.665,0.0935
2014-06-24 00:00:00,535000.0,3.0,2.5,2070,4132.0,2.0,0,0,3,2070,0.0,1999,0,463 243rd Pl SE,Sammamish,WA 98074,USA,15,0,-0.0508,-0.2955,0.3102,-0.665,-0.9482
2014-06-24 00:00:00,348500.0,3.0,1.5,1360,10726.0,1.0,0,0,4,1360,0.0,1966,0,12019 156th Ave SE,Renton,WA 98059,USA,48,0,-0.8252,-0.1117,-0.541,-0.665,0.1607
2014-06-24 00:00:00,725000.0,4.0,2.5,2650,18295.0,2.0,0,0,3,2650,0.0,1986,0,211 140th Ave SE,Bellevue,WA 98005,USA,28,0,0.5818,0.0994,1.0055,-0.665,-0.5114
2014-06-24 00:00:00,925000.0,4.0,3.0,3580,35261.0,1.5,0,0,3,3580,0.0,1985,0,17720 154th Ct NE,Woodinville,WA 98072,USA,29,0,1.5961,0.5724,2.1205,-0.665,-0.4778
2014-06-24 00:00:00,549000.0,2.0,1.0,2034,13392.0,1.0,1,4,5,1159,875.0,1947,0,13013 SW Bachelor Rd,Vashon,WA 98070,USA,67,0,-0.0901,-0.0373,-0.782,1.2898,0.7991
2014-06-24 00:00:00,400000.0,3.0,2.0,1230,11413.0,1.0,0,0,3,990,240.0,1984,0,22834 NE 25th Way,Sammamish,WA 98074,USA,30,0,-0.967,-0.0925,-0.9846,-0.1288,-0.4442
2014-06-24 00:00:00,620000.0,4.0,2.5,2450,55387.0,2.0,0,0,3,2450,0.0,1994,0,2540 265th Ave NE,Redmond,WA 98053,USA,20,0,0.3636,1.1336,0.7658,-0.665,-0.7802
2014-06-24 00:00:00,665000.0,6.0,2.75,2840,8346.0,1.0,0,0,5,1420,1420.0,1961,0,5407 S Lucile St,Seattle,WA 98118,USA,53,0,0.789,-0.178,-0.4691,2.5073,0.3287
2014-06-24 00:00:00,1215000.0,4.0,3.75,3820,53574.0,1.0,0,0,3,3820,0.0,1994,0,14511 164th Ave NE,Woodinville,WA 98072,USA,20,0,1.8578,1.083,2.4082,-0.665,-0.7802
2014-06-24 00:00:00,1157400.0,3.0,2.5,2740,5925.0,2.0,0,2,3,2740,0.0,1913,1992,1226 22nd Ave E,Seattle,WA 98112,USA,101,1,0.6799,-0.2455,1.1134,-0.665,1.9417
2014-06-24 00:00:00,349950.0,4.0,2.5,2090,7663.0,2.0,0,0,3,2090,0.0,1989,0,19335 133rd Pl SE,Renton,WA 98058,USA,25,0,-0.029,-0.1971,0.3342,-0.665,-0.6122
2014-06-24 00:00:00,339000.0,4.0,2.0,2470,5080.0,1.5,0,0,3,1970,500.0,1948,1988,7936 10th Ave SW,Seattle,WA 98106,USA,66,1,0.3854,-0.2691,0.1903,0.452,0.7655
2014-06-24 00:00:00,615000.0,3.0,1.75,1720,4080.0,1.0,0,0,4,960,760.0,1924,0,3219 37th Pl S,Seattle,WA 98144,USA,90,0,-0.4326,-0.297,-1.0205,1.0329,1.572
2014-06-24 00:00:00,751000.0,4.0,3.25,3090,9571.0,2.0,0,0,3,2370,720.0,2004,2003,11719 157th Ave NE,Redmond,WA 98052,USA,10,1,1.0616,-0.1439,0.6699,0.9435,-1.1163
2014-06-24 00:00:00,941000.0,4.0,1.75,2320,3825.0,1.5,0,0,5,1820,500.0,1926,0,128 NE 51st St,Seattle,WA 98105,USA,88,0,0.2218,-0.3041,0.0105,0.452,1.5048
2014-06-24 00:00:00,600000.0,4.0,1.75,1740,7700.0,1.0,0,0,5,1740,0.0,1968,0,1800 172nd Ave NE,Bellevue,WA 98008,USA,46,0,-0.4107,-0.196,-0.0854,-0.665,0.0935
2014-06-24 00:00:00,455000.0,4.0,2.5,2950,4502.0,2.0,0,0,3,2950,0.0,2005,0,5100 NE 10th Pl,Renton,WA 98059,USA,9,0,0.909,-0.2852,1.3652,-0.665,-1.1499
2014-06-24 00:00:00,1295648.0,0.0,0.0,4810,28008.0,2.0,0,0,3,4810,0.0,1990,2009,20418 NE 64th Pl,Redmond,WA 98053,USA,24,1,2.9376,0.3702,3.5951,-0.665,-0.6458
2014-06-24 00:00:00,485000.0,3.0,2.5,1500,5412.0,1.0,0,0,5,900,600.0,1920,0,5909 48th Ave SW,Seattle,WA 98136,USA,94,0,-0.6725,-0.2598,-1.0925,0.6754,1.7064
2014-06-24 00:00:00,358000.0,3.0,1.5,1810,100188.0,1.0,0,0,5,1810,0.0,1969,0,42809 260th Ave SE,Enumclaw,WA 98022,USA,45,0,-0.3344,2.3828,-0.0015,-0.665,0.0599
2014-06-24 00:00:00,339000.0,3.0,1.0,1100,4128.0,1.0,0,0,4,720,380.0,1942,1982,8202 37th Ave SW,Seattle,WA 98126,USA,72,1,-1.1088,-0.2956,-1.3083,0.1839,0.9672
2014-06-24 00:00:00,258000.0,3.0,1.0,1490,7435.0,1.0,0,0,3,1120,370.0,1969,2010,26000-26198 Woodmont Dr S,Des Moines,WA 98198,USA,45,1,-0.6834,-0.2034,-0.8287,0.1616,0.0599
2014-06-24 00:00:00,455000.0,2.0,1.5,1200,1259.0,2.0,0,0,3,1000,200.0,2013,1923,301 27th Ave S,Seattle,WA 98144,USA,1,1,-0.9997,-0.3756,-0.9726,-0.2182,-1.4187
2014-06-24 00:00:00,437000.0,4.0,2.5,1890,8505.0,1.0,0,0,3,1290,600.0,1980,0,8619 169th Ct NE,Redmond,WA 98052,USA,34,0,-0.2471,-0.1736,-0.6249,0.6754,-0.3098
2014-06-24 00:00:00,689000.0,3.0,1.75,2200,9840.0,1.0,0,0,5,1500,700.0,1978,0,15222 SE 48th Dr,Bellevue,WA 98006,USA,36,0,0.091,-0.1364,-0.3732,0.8988,-0.2426
2014-06-24 00:00:00,319000.0,4.0,2.5,2510,7992.0,1.0,0,0,3,1610,0.0,1978,0,3709 S 256th Ct,Kent,WA 98032,USA,36,0,0.4291,-0.1879,-0.2413,-0.665,-0.2426
2014-06-24 00:00:00,510000.0,3.0,2.25,1420,1309.0,3.0,0,0,3,1420,0.0,2006,0,3821-3825 Whitman Ave N,Seattle,WA 98103,USA,8,0,-0.7598,-0.3742,-0.4691,-0.665,-1.1835
2014-06-24 00:00:00,440000.0,3.0,1.75,2000,9900.0,1.0,0,2,4,1480,520.0,1957,2001,17705 3rd Pl SW,Normandy Park,WA 98166,USA,57,1,-0.1272,-0.1347,-0.3971,0.4967,0.4631
2014-06-24 00:00:00,1010000.0,2.0,2.0,1460,9052.0,1.0,0,2,5,1460,0.0,1900,0,1302 1st St,Kirkland,WA 98033,USA,114,0,-0.7161,-0.1583,-0.4211,-0.665,2.3785
2014-06-24 00:00:00,875000.0,4.0,2.5,3220,22588.0,2.0,0,0,3,3220,0.0,1996,0,14305 214th Way NE,Woodinville,WA 98077,USA,18,0,1.2034,0.2191,1.6889,-0.665,-0.8474
2014-06-24 00:00:00,304000.0,4.0,2.0,1310,8454.0,1.0,0,0,4,1310,0.0,1953,1983,17547 11th Ave NE,Shoreline,WA 98155,USA,61,1,-0.8797,-0.175,-0.6009,-0.665,0.5975
2014-06-24 00:00:00,139000.0,2.0,1.0,690,5280.0,1.0,0,0,4,690,0.0,1942,1982,755 Dayton Ave NE,Renton,WA 98056,USA,72,1,-1.5559,-0.2635,-1.3442,-0.665,0.9672
2014-06-24 00:00:00,464500.0,3.0,1.75,1150,10466.0,1.0,0,0,5,1150,0.0,1959,0,12227 SE 55th Pl,Bellevue,WA 98006,USA,55,0,-1.0542,-0.1189,-0.7928,-0.665,0.3959
2014-06-24 00:00:00,336500.0,3.0,1.0,1480,7284.0,1.0,0,0,3,970,510.0,1963,2008,608 N 202nd St,Shoreline,WA 98133,USA,51,1,-0.6943,-0.2076,-1.0086,0.4744,0.2615
2014-06-24 00:00:00,230000.0,4.0,1.75,1850,6000.0,1.0,0,0,4,1270,580.0,1944,0,6909 S 124th St,Seattle,WA 98178,USA,70,0,-0.2908,-0.2434,-0.6489,0.6307,0.8999
2014-06-24 00:00:00,425000.0,3.0,2.5,1930,4500.0,2.0,0,0,3,1930,0.0,1990,2009,25238 SE 35th St,Issaquah,WA 98029,USA,24,1,-0.2035,-0.2853,0.1424,-0.665,-0.6458
2014-06-24 00:00:00,300000.0,2.0,1.0,750,5120.0,1.0,0,0,4,750,0.0,1941,1998,7920 34th Ave SW,Seattle,WA 98126,USA,73,1,-1.4905,-0.268,-1.2723,-0.665,1.0008
2014-06-24 00:00:00,457500.0,3.0,2.25,1430,2003.0,2.0,0,0,3,980,450.0,1996,0,1362 31st Ave S,Seattle,WA 98144,USA,18,0,-0.7489,-0.3549,-0.9966,0.3403,-0.8474
2014-06-24 00:00:00,366000.0,3.0,1.75,1840,11440.0,1.0,0,0,4,1340,500.0,1977,0,14923 SE 143rd Pl,Renton,WA 98059,USA,37,0,-0.3017,-0.0918,-0.565,0.452,-0.209
2014-06-24 00:00:00,502000.0,3.0,2.0,1300,14350.0,1.0,0,0,3,1300,0.0,1955,2013,4029 142nd Ave SE,Bellevue,WA 98006,USA,59,1,-0.8906,-0.0106,-0.6129,-0.665,0.5303
2014-06-24 00:00:00,194000.0,3.0,1.0,1050,7577.0,1.0,0,0,3,1050,0.0,1983,2009,34810 18th Ave SW,Federal Way,WA 98023,USA,31,1,-1.1633,-0.1995,-0.9126,-0.665,-0.4106
2014-06-24 00:00:00,305000.0,4.0,2.25,2210,9371.0,2.0,0,0,4,2210,0.0,1968,0,4129 Hampton Way,Kent,WA 98032,USA,46,0,0.1019,-0.1494,0.478,-0.665,0.0935
2014-06-24 00:00:00,1250000.0,4.0,2.5,3220,15600.0,1.0,0,0,5,1680,1540.0,1973,0,13 Cascade Key,Bellevue,WA 98006,USA,41,0,1.2034,0.0242,-0.1574,2.7754,-0.0746
2014-06-24 00:00:00,575000.0,4.0,2.5,4620,20793.0,2.0,0,0,4,4620,0.0,1991,0,480 SW 345th St,Federal Way,WA 98023,USA,23,0,2.7304,0.169,3.3673,-0.665,-0.6794
2014-06-24 00:00:00,343500.0,4.0,1.75,1760,6204.0,1.0,0,2,4,1180,580.0,1950,1983,11008 Auburn Ave S,Seattle,WA 98178,USA,64,1,-0.3889,-0.2378,-0.7568,0.6307,0.6983
2014-06-24 00:00:00,325000.0,3.0,1.0,850,6906.0,1.0,0,0,3,850,0.0,1948,1994,15812 14th Avenue Northeast,Shoreline,WA 98155,USA,66,1,-1.3814,-0.2182,-1.1524,-0.665,0.7655
2014-06-24 00:00:00,600000.0,4.0,3.25,4690,14930.0,2.0,0,2,3,3680,1010.0,1995,0,19560 44th Ave NE,Lake Forest Park,WA 98155,USA,19,0,2.8067,0.0056,2.2404,1.5914,-0.8138
2014-06-24 00:00:00,850000.0,4.0,3.5,3920,37122.0,2.0,0,0,3,3920,0.0,1996,0,2515 263rd Ct NE,Redmond,WA 98053,USA,18,0,1.9669,0.6243,2.5281,-0.665,-0.8474
2014-06-24 00:00:00,420000.0,3.0,2.5,2140,3821.0,2.0,0,0,3,2140,0.0,2005,0,2971 NE Marquette Way,Issaquah,WA 98029,USA,9,0,0.0255,-0.3042,0.3941,-0.665,-1.1499
2014-06-24 00:00:00,257500.0,2.0,2.0,1180,9265.0,1.0,0,0,3,1180,0.0,1940,1996,13321 30th Ave NE,Seattle,WA 98125,USA,74,1,-1.0215,-0.1524,-0.7568,-0.665,1.0344
2014-06-24 00:00:00,317000.0,5.0,2.5,2360,11375.0,1.0,0,0,4,1180,1180.0,1962,0,6277-6399 S 129th St,Seattle,WA 98178,USA,52,0,0.2655,-0.0936,-0.7568,1.9712,0.2951
2014-06-24 00:00:00,970000.0,3.0,2.25,3060,9950.0,1.5,0,2,4,1810,1250.0,1930,0,2721-3279 Lake Washington Blvd S,Seattle,WA 98144,USA,84,0,1.0289,-0.1333,-0.0015,2.1276,1.3704
2014-06-24 00:00:00,252000.0,3.0,2.25,1670,7881.0,1.0,0,0,4,1190,480.0,1977,0,12046 SE 214th St,Kent,WA 98031,USA,37,0,-0.4871,-0.191,-0.7448,0.4073,-0.209
2014-06-24 00:00:00,683500.0,3.0,1.5,1820,5756.0,1.5,0,0,3,1640,0.0,1946,0,716 W Etruria St,Seattle,WA 98119,USA,68,0,-0.3235,-0.2502,-0.2053,-0.665,0.8327
2014-06-24 00:00:00,289000.0,3.0,2.5,1970,9607.0,2.0,0,0,3,1090,880.0,1988,2000,28426 37th Ave S,Auburn,WA 98001,USA,26,1,-0.1599,-0.1429,-0.8647,1.301,-0.5786
2014-06-24 00:00:00,355000.0,2.0,2.25,930,747.0,2.0,0,0,3,630,300.0,2007,0,2107 13th Ave S,Seattle,WA 98144,USA,7,0,-1.2942,-0.3899,-1.4162,0.0052,-1.2171
2014-06-24 00:00:00,675000.0,3.0,3.5,2300,5611.0,1.0,0,0,3,2300,0.0,2004,2003,23339 NE 126th St,Redmond,WA 98053,USA,10,1,0.2,-0.2543,0.5859,-0.665,-1.1163
2014-06-24 00:00:00,396500.0,3.0,2.5,2590,18980.0,1.0,0,0,4,2590,0.0,1976,1992,24292 141st Pl SE,Kent,WA 98042,USA,38,1,0.5163,0.1185,0.9336,-0.665,-0.1754
2014-06-24 00:00:00,362500.0,4.0,1.75,1450,8450.0,1.0,0,0,3,1450,0.0,1960,2012,417 SE Andrews St,Issaquah,WA 98027,USA,54,1,-0.727,-0.1751,-0.4331,-0.665,0.3623
2014-06-24 00:00:00,395000.0,4.0,1.75,1540,5120.0,1.0,0,0,5,770,770.0,1943,0,7350 31st Ave SW,Seattle,WA 98126,USA,71,0,-0.6289,-0.268,-1.2483,1.0552,0.9336
2014-06-24 00:00:00,599000.0,5.0,2.75,2730,7663.0,1.0,0,0,3,2080,650.0,1968,1992,22631 SE 18th Pl,Sammamish,WA 98075,USA,46,1,0.669,-0.1971,0.3222,0.7871,0.0935
2014-06-24 00:00:00,218000.0,3.0,1.0,880,18205.0,1.0,0,0,4,880,0.0,1945,0,11257 Crestwood Dr S,Seattle,WA 98178,USA,69,0,-1.3487,0.0969,-1.1165,-0.665,0.8663
2014-06-24 00:00:00,589950.0,4.0,2.5,3190,8195.0,2.0,0,0,3,3190,0.0,2006,0,27463 254th Pl SE,Maple Valley,WA 98038,USA,8,0,1.1707,-0.1822,1.6529,-0.665,-1.1835
2014-06-24 00:00:00,218000.0,3.0,1.5,1330,7600.0,1.0,0,0,4,1330,0.0,1968,0,2530 SW 325th Pl,Federal Way,WA 98023,USA,46,0,-0.8579,-0.1988,-0.577,-0.665,0.0935
2014-06-24 00:00:00,360000.0,3.0,1.75,1500,7200.0,1.0,0,0,3,1500,0.0,1957,2000,20015 Burke Ave N,Shoreline,WA 98133,USA,57,1,-0.6725,-0.21,-0.3732,-0.665,0.4631
2014-06-24 00:00:00,350000.0,2.0,1.0,740,7680.0,1.0,0,0,4,740,0.0,1922,0,8802 30th Ave SW,Seattle,WA 98126,USA,92,0,-1.5014,-0.1966,-1.2843,-0.665,1.6392
2014-06-24 00:00:00,350000.0,4.0,3.0,2560,5606.0,2.0,0,0,3,2560,0.0,2004,2003,12251 SE 306th Ct,Auburn,WA 98092,USA,10,1,0.4836,-0.2544,0.8976,-0.665,-1.1163
2014-06-24 00:00:00,845000.0,3.0,2.0,2540,4750.0,1.5,0,0,5,1840,700.0,1930,0,7524 34th Ave NW,Seattle,WA 98117,USA,84,0,0.4618,-0.2783,0.0345,0.8988,1.3704
2014-06-24 00:00:00,839000.0,3.0,2.5,3200,203425.0,1.0,0,0,3,3200,0.0,2000,0,18415 244th Ave NE,Woodinville,WA 98077,USA,14,0,1.1816,5.2613,1.6649,-0.665,-0.9818
2014-06-24 00:00:00,850000.0,4.0,3.0,3330,4000.0,1.0,0,0,3,1790,1540.0,1958,2004,4015 Midvale Ave N,Seattle,WA 98103,USA,56,1,1.3234,-0.2992,-0.0255,2.7754,0.4295
2014-06-24 00:00:00,329950.0,2.0,1.0,900,5220.0,1.0,0,0,4,900,0.0,1956,0,10264 California Ave SW,Seattle,WA 98146,USA,58,0,-1.3269,-0.2652,-1.0925,-0.665,0.4967
2014-06-24 00:00:00,425000.0,4.0,1.5,1600,6180.0,1.5,0,0,3,1600,0.0,1946,0,3856 38th Ave S,Seattle,WA 98118,USA,68,0,-0.5634,-0.2384,-0.2533,-0.665,0.8327
2014-06-24 00:00:00,210000.0,2.0,1.0,970,5500.0,1.0,0,0,3,970,0.0,1956,2001,5031 Martin Luther King Jr Way S,Seattle,WA 98118,USA,58,1,-1.2506,-0.2574,-1.0086,-0.665,0.4967
2014-06-24 00:00:00,631500.0,2.0,1.0,1130,2640.0,1.0,0,0,4,1130,0.0,1927,0,2617 Queen Anne Ave N,Seattle,WA 98109,USA,87,0,-1.0761,-0.3371,-0.8167,-0.665,1.4712
2014-06-24 00:00:00,295000.0,2.0,2.25,650,5400.0,1.0,0,0,3,650,0.0,1950,2005,1829 29th Ave,Seattle,WA 98122,USA,64,1,-1.5996,-0.2602,-1.3922,-0.665,0.6983
2014-06-24 00:00:00,575000.0,3.0,2.25,2400,5000.0,1.5,0,0,4,1440,960.0,1926,1993,8322 28th Ave NW,Seattle,WA 98117,USA,88,1,0.3091,-0.2713,-0.4451,1.4797,1.5048
2014-06-24 00:00:00,415000.0,3.0,2.5,2280,6031.0,2.0,0,0,3,2280,0.0,2011,0,27927 NE 147th Cir,Duvall,WA 98019,USA,3,0,0.1782,-0.2426,0.562,-0.665,-1.3515
2014-06-24 00:00:00,859000.0,4.0,2.25,3550,13900.0,1.0,0,0,3,1830,1720.0,2010,0,15831 SE 43rd Pl,Bellevue,WA 98006,USA,4,0,1.5633,-0.0232,0.0225,3.1776,-1.3179
2014-06-24 00:00:00,639888.0,4.0,2.25,2050,2772.0,2.0,0,0,3,2050,0.0,2012,1912,1474 14th Pl NE,Issaquah,WA 98029,USA,2,1,-0.0726,-0.3334,0.2862,-0.665,-1.3851
2014-06-24 00:00:00,329445.0,2.0,1.5,830,1119.0,2.0,0,0,3,830,0.0,2005,0,2300 14th Ave S,Seattle,WA 98144,USA,9,0,-1.4033,-0.3795,-1.1764,-0.665,-1.1499
2014-06-24 00:00:00,745641.0,4.0,2.5,2440,4850.0,2.0,0,0,3,2440,0.0,2013,1923,11631 170th Ct NE,Redmond,WA 98052,USA,1,1,0.3527,-0.2755,0.7538,-0.665,-1.4187
2014-06-24 00:00:00,395000.0,3.0,2.5,1600,1936.0,2.0,0,0,3,1600,0.0,2007,0,4517-4529 S Genesee St,Seattle,WA 98108,USA,7,0,-0.5634,-0.3568,-0.2533,-0.665,-1.2171
2014-06-24 00:00:00,790000.0,4.0,3.5,3190,31450.0,2.0,0,0,3,3190,0.0,2010,0,11102 Upper Preston Rd SE,Issaquah,WA 98027,USA,4,0,1.1707,0.4662,1.6529,-0.665,-1.3179
2014-06-25 00:00:00,890000.0,4.0,1.0,2550,4000.0,2.0,0,0,3,2370,180.0,1905,2010,1816 2nd Ave N,Seattle,WA 98109,USA,109,1,0.4727,-0.2992,0.6699,-0.2629,2.2105
2014-06-25 00:00:00,400000.0,3.0,2.5,2180,7508.0,1.0,0,0,4,1420,760.0,1962,0,18032 Burke Ave N,Shoreline,WA 98133,USA,52,0,0.0691,-0.2014,-0.4691,1.0329,0.2951
2014-06-25 00:00:00,365500.0,3.0,2.0,1410,9600.0,1.0,0,0,4,1410,0.0,1983,0,18120 145th Pl NE,Woodinville,WA 98072,USA,31,0,-0.7707,-0.1431,-0.4811,-0.665,-0.4106
2014-06-25 00:00:00,245000.0,3.0,2.0,1410,5760.0,1.0,0,0,3,1410,0.0,1985,0,25813 117th Pl SE,Kent,WA 98030,USA,29,0,-0.7707,-0.2501,-0.4811,-0.665,-0.4778
2014-06-25 00:00:00,390000.0,4.0,2.5,2340,8548.0,2.0,0,0,3,2340,0.0,1993,0,11824 SE 203rd St,Kent,WA 98031,USA,21,0,0.2436,-0.1724,0.6339,-0.665,-0.7466
2014-06-25 00:00:00,196500.0,3.0,1.0,1320,9000.0,1.0,0,0,3,1320,0.0,1966,1963,28430 49th Ave S,Auburn,WA 98001,USA,48,1,-0.8688,-0.1598,-0.5889,-0.665,0.1607
2014-06-25 00:00:00,1200000.0,4.0,1.75,3990,7663.0,2.0,0,0,3,3990,0.0,2006,0,15527 SE 79th Pl,Newcastle,WA 98059,USA,8,0,2.0432,-0.1971,2.612,-0.665,-1.1835
2014-06-25 00:00:00,276900.0,3.0,1.0,1270,7566.0,1.0,0,0,4,1270,0.0,1958,1972,1711 Monroe Ave NE,Renton,WA 98056,USA,56,1,-0.9234,-0.1998,-0.6489,-0.665,0.4295
2014-06-25 00:00:00,995000.0,3.0,4.5,4380,7663.0,2.0,1,3,3,3720,660.0,1968,1990,14423 25th Ave SW,Burien,WA 98166,USA,46,1,2.4686,-0.1971,2.2883,0.8095,0.0935
2014-06-25 00:00:00,2300000.0,4.0,3.25,4250,8570.0,2.0,0,0,3,4250,0.0,2004,2003,511 98th Ave NE,Bellevue,WA 98004,USA,10,1,2.3268,-0.1718,2.9237,-0.665,-1.1163
2014-06-25 00:00:00,505000.0,3.0,2.5,1860,8060.0,2.0,0,0,4,1860,0.0,1987,0,4327 243rd Ave SE,Issaquah,WA 98029,USA,27,0,-0.2799,-0.186,0.0584,-0.665,-0.545
2014-06-25 00:00:00,1229000.0,4.0,3.5,3770,37034.0,2.0,0,0,3,2830,940.0,1989,0,14203 NE 40th Pl,Bellevue,WA 98007,USA,25,0,1.8033,0.6219,1.2213,1.435,-0.6122
2014-06-25 00:00:00,352000.0,4.0,1.0,1530,8890.0,1.0,0,0,3,980,550.0,1925,2002,7940 12th Ave SW,Seattle,WA 98106,USA,89,1,-0.6398,-0.1629,-0.9966,0.5637,1.5384
2014-06-25 00:00:00,597326.0,4.0,4.0,3570,8250.0,2.0,0,0,3,2860,710.0,2013,1923,8416 SE 36th St,Mercer Island,WA 98040,USA,1,1,1.5852,-0.1807,1.2573,0.9212,-1.4187
2014-06-25 00:00:00,800000.0,2.0,1.0,1740,5719.0,1.0,0,0,3,1740,0.0,1955,2005,6116 Kirkwood Pl N,Seattle,WA 98103,USA,59,1,-0.4107,-0.2513,-0.0854,-0.665,0.5303
2014-06-25 00:00:00,270000.0,3.0,2.5,1670,8364.0,1.0,0,0,4,1300,370.0,1990,0,19223 SE 259th Pl,Covington,WA 98042,USA,24,0,-0.4871,-0.1775,-0.6129,0.1616,-0.6458
2014-06-25 00:00:00,235000.0,4.0,2.0,1570,9415.0,2.0,0,0,4,1570,0.0,1984,0,31845-31899 125th Pl SE,Auburn,WA 98092,USA,30,0,-0.5962,-0.1482,-0.2892,-0.665,-0.4442
2014-06-25 00:00:00,409900.0,2.0,2.5,1590,1845.0,2.0,0,0,3,1590,0.0,1997,0,12418 NE 100th St,Kirkland,WA 98033,USA,17,0,-0.5743,-0.3593,-0.2653,-0.665,-0.881
2014-06-25 00:00:00,739900.0,5.0,2.5,2980,5377.0,2.0,0,0,3,2980,0.0,2006,0,11931 179th Pl NE,Redmond,WA 98052,USA,8,0,0.9417,-0.2608,1.4012,-0.665,-1.1835
2014-06-25 00:00:00,608000.0,4.0,2.5,2690,4736.0,2.0,0,0,3,2690,0.0,2001,0,9754 228th Terrace NE,Redmond,WA 98053,USA,13,0,0.6254,-0.2787,1.0535,-0.665,-1.0154
2014-06-25 00:00:00,381500.0,2.0,1.0,900,2910.0,1.0,0,0,5,900,0.0,1924,1956,519 NE 79th St,Seattle,WA 98115,USA,90,1,-1.3269,-0.3296,-1.0925,-0.665,1.572
2014-06-25 00:00:00,562100.0,2.0,0.75,1440,3700.0,1.0,0,0,3,1200,240.0,1914,1996,5641-5645 6th Ave NW,Seattle,WA 98107,USA,100,1,-0.7379,-0.3076,-0.7328,-0.1288,1.9081
2014-06-25 00:00:00,740000.0,4.0,2.5,3000,10392.0,2.0,0,0,3,3000,0.0,1995,0,875 Cyprus Ct NW,Issaquah,WA 98027,USA,19,0,0.9635,-0.121,1.4251,-0.665,-0.8138
2014-06-25 00:00:00,308000.0,3.0,1.0,1640,18144.0,1.5,0,0,3,1640,0.0,1942,1999,11211 3rd Ave S,Seattle,WA 98168,USA,72,1,-0.5198,0.0952,-0.2053,-0.665,0.9672
2014-06-25 00:00:00,905000.0,5.0,3.5,3100,10200.0,1.0,0,4,3,1660,1440.0,1970,2014,408 172nd Pl NE,Bellevue,WA 98008,USA,44,1,1.0726,-0.1263,-0.1813,2.552,0.0263
2014-06-25 00:00:00,762000.0,4.0,3.5,4000,15253.0,2.0,0,0,3,4000,0.0,2007,0,34006 SE Salal St,Snoqualmie,WA 98065,USA,7,0,2.0541,0.0146,2.624,-0.665,-1.2171
2014-06-25 00:00:00,356000.0,4.0,2.0,2020,48693.0,1.5,0,0,3,2020,0.0,1949,1998,43525 SE 149th St,North Bend,WA 98045,USA,65,1,-0.1054,0.947,0.2503,-0.665,0.7319
2014-06-25 00:00:00,750000.0,3.0,1.5,1840,5000.0,1.5,0,0,5,1340,500.0,1915,0,330 NW 50th St,Seattle,WA 98107,USA,99,0,-0.3017,-0.2713,-0.565,0.452,1.8744
2014-06-25 00:00:00,418800.0,4.0,2.25,2100,9984.0,1.0,0,0,4,1290,810.0,1973,0,7422-7426 NE 148th Ln,Kenmore,WA 98028,USA,41,0,-0.0181,-0.1324,-0.6249,1.1446,-0.0746
2014-06-25 00:00:00,276000.0,4.0,2.25,2460,11250.0,1.0,0,0,4,2460,0.0,1959,0,1101-1199 O St NE,Auburn,WA 98002,USA,55,0,0.3745,-0.0971,0.7778,-0.665,0.3959
2014-06-25 00:00:00,725000.0,3.0,2.5,2610,7510.0,2.0,0,0,3,2610,0.0,1996,0,15317 NE 66th Ct,Redmond,WA 98052,USA,18,0,0.5381,-0.2013,0.9576,-0.665,-0.8474
2014-06-25 00:00:00,285000.0,3.0,2.0,1460,6377.0,1.0,0,0,3,1460,0.0,1995,0,24108 SE 261st Pl,Maple Valley,WA 98038,USA,19,0,-0.7161,-0.2329,-0.4211,-0.665,-0.8138
2014-06-25 00:00:00,205000.0,3.0,1.0,1050,8498.0,1.0,0,0,3,1050,0.0,1958,2004,22123 103rd Pl SE,Kent,WA 98031,USA,56,1,-1.1633,-0.1738,-0.9126,-0.665,0.4295
2014-06-25 00:00:00,583000.0,3.0,2.5,1790,8144.0,2.0,0,0,3,1790,0.0,1989,0,907 221st Ave NE,Sammamish,WA 98074,USA,25,0,-0.3562,-0.1837,-0.0255,-0.665,-0.6122
2014-06-25 00:00:00,657000.0,4.0,2.5,2180,3375.0,1.5,0,0,4,1420,760.0,1926,1993,7615 3rd Ave NW,Seattle,WA 98117,USA,88,1,0.0691,-0.3166,-0.4691,1.0329,1.5048
2014-06-25 00:00:00,386000.0,4.0,2.25,2050,9583.0,2.0,0,2,3,1770,280.0,1965,1993,22500-22614 16th Ave S,Des Moines,WA 98198,USA,49,1,-0.0726,-0.1435,-0.0495,-0.0395,0.1943
2014-06-25 00:00:00,589950.0,5.0,3.0,2790,19439.0,1.0,0,3,5,1500,1290.0,1973,0,18823 SE 216th St,Renton,WA 98058,USA,41,0,0.7344,0.1313,-0.3732,2.2169,-0.0746
2014-06-25 00:00:00,575000.0,3.0,2.25,1700,3333.0,1.5,0,0,3,1100,600.0,1924,2011,6720 4th Ave NW,Seattle,WA 98117,USA,90,1,-0.4544,-0.3178,-0.8527,0.6754,1.572
2014-06-25 00:00:00,574000.0,3.0,2.5,2380,6832.0,2.0,0,0,3,2380,0.0,2002,0,7075-7131 Thompson Ave SE,Snoqualmie,WA 98065,USA,12,0,0.2873,-0.2202,0.6818,-0.665,-1.049
2014-06-25 00:00:00,690500.0,5.0,2.0,2000,4211.0,1.5,0,2,4,1280,720.0,1908,0,2406 E Helen St,Seattle,WA 98112,USA,106,0,-0.1272,-0.2933,-0.6369,0.9435,2.1097
2014-06-25 00:00:00,565000.0,2.0,1.75,1670,4008.0,1.0,0,0,3,1670,0.0,2005,0,2146 NE Nelson Ln,Issaquah,WA 98029,USA,9,0,-0.4871,-0.299,-0.1693,-0.665,-1.1499
2014-06-25 00:00:00,500000.0,3.0,1.5,1190,4750.0,1.0,0,0,3,970,220.0,1940,1996,2226 NW 60th St,Seattle,WA 98107,USA,74,1,-1.0106,-0.2783,-1.0086,-0.1735,1.0344
2014-06-25 00:00:00,330000.0,6.0,2.25,3040,28535.0,1.0,0,0,3,1890,1150.0,1951,1994,614 Hazel Ave N,Kent,WA 98030,USA,63,1,1.0071,0.3849,0.0944,1.9042,0.6647
2014-06-25 00:00:00,286000.0,2.0,1.0,780,3475.0,1.0,0,0,4,780,0.0,1930,0,200 Taylor Ave S,North Bend,WA 98045,USA,84,0,-1.4578,-0.3138,-1.2363,-0.665,1.3704
2014-06-25 00:00:00,450000.0,3.0,1.5,2330,11740.0,1.0,0,0,3,1330,1000.0,1954,2005,16359 35th Ave NE,Lake Forest Park,WA 98155,USA,60,1,0.2327,-0.0834,-0.577,1.569,0.5639
2014-06-25 00:00:00,870000.0,4.0,2.75,2840,4000.0,1.5,0,0,5,1960,880.0,1912,0,2019 33rd Ave S,Seattle,WA 98144,USA,102,0,0.789,-0.2992,0.1783,1.301,1.9753
2014-06-25 00:00:00,725000.0,4.0,2.5,2490,5170.0,2.0,0,0,4,2490,0.0,2000,0,13321 NE 92nd Way,Redmond,WA 98052,USA,14,0,0.4072,-0.2666,0.8137,-0.665,-0.9818
2014-06-25 00:00:00,275000.0,2.0,1.0,770,4840.0,1.0,0,0,4,770,0.0,1927,0,5628 35th Ave SW,Seattle,WA 98126,USA,87,0,-1.4687,-0.2758,-1.2483,-0.665,1.4712
2014-06-25 00:00:00,645000.0,3.0,2.75,1850,16960.0,1.0,0,2,4,1850,0.0,1953,1983,633 NW 116th St,Seattle,WA 98177,USA,61,1,-0.2908,0.0622,0.0464,-0.665,0.5975
2014-06-25 00:00:00,152000.0,3.0,1.0,1090,3264.0,1.0,0,0,4,1090,0.0,1969,0,11845 SE 319th Pl,Auburn,WA 98092,USA,45,0,-1.1197,-0.3197,-0.8647,-0.665,0.0599
2014-06-25 00:00:00,315000.0,4.0,2.0,1780,5336.0,1.5,0,0,5,930,850.0,1918,0,10200-10216 56th Ave S,Seattle,WA 98178,USA,96,0,-0.3671,-0.262,-1.0565,1.2339,1.7736
2014-06-25 00:00:00,190000.0,1.0,0.75,930,29258.0,1.0,0,0,3,930,0.0,1941,1994,7650 S 134th St,Seattle,WA 98178,USA,73,1,-1.2942,0.4051,-1.0565,-0.665,1.0008
2014-06-25 00:00:00,700000.0,4.0,2.5,2770,5686.0,2.0,0,0,3,2770,0.0,2004,2003,912 274th Way SE,Sammamish,WA 98075,USA,10,1,0.7126,-0.2522,1.1494,-0.665,-1.1163
2014-06-25 00:00:00,233000.0,3.0,2.25,1250,6180.0,1.5,0,0,3,1250,0.0,1955,2005,322 NE 163rd St,Shoreline,WA 98155,USA,59,1,-0.9452,-0.2384,-0.6729,-0.665,0.5303
2014-06-25 00:00:00,249000.0,4.0,2.25,1830,6136.0,2.0,0,0,3,1830,0.0,1990,2009,26120-26126 120th Pl SE,Kent,WA 98030,USA,24,1,-0.3126,-0.2396,0.0225,-0.665,-0.6458
2014-06-25 00:00:00,310000.0,2.0,1.0,870,5400.0,1.0,0,0,3,870,0.0,1950,2007,9238 32nd Ave SW,Seattle,WA 98126,USA,64,1,-1.3596,-0.2602,-1.1284,-0.665,0.6983
2014-06-25 00:00:00,265950.0,3.0,1.5,1150,8450.0,1.0,0,0,4,1150,0.0,1951,1999,8540 S 123rd Pl,Seattle,WA 98178,USA,63,1,-1.0542,-0.1751,-0.7928,-0.665,0.6647
2014-06-25 00:00:00,860000.0,5.0,3.25,4500,9648.0,2.0,0,4,4,3000,1500.0,1968,0,4209 NE 135th St,Seattle,WA 98125,USA,46,0,2.5995,-0.1417,1.4251,2.6861,0.0935
2014-06-25 00:00:00,200000.0,3.0,1.0,1150,4800.0,1.5,0,0,4,1150,0.0,1938,0,208 N St NE,Auburn,WA 98002,USA,76,0,-1.0542,-0.2769,-0.7928,-0.665,1.1016
2014-06-25 00:00:00,402000.0,4.0,2.25,2000,3672.0,2.0,0,0,5,1650,350.0,1926,0,6530 21st Ave NW,Seattle,WA 98117,USA,88,0,-0.1272,-0.3083,-0.1933,0.1169,1.5048
2014-06-25 00:00:00,305000.0,6.0,2.0,1900,8240.0,1.0,0,0,2,1200,700.0,1964,0,2825 NE 105th St,Seattle,WA 98125,USA,50,0,-0.2362,-0.181,-0.7328,0.8988,0.2279
2014-06-25 00:00:00,505000.0,3.0,1.75,1640,10695.0,1.0,0,2,3,1640,0.0,1975,0,12718 89th Pl NE,Kirkland,WA 98034,USA,39,0,-0.5198,-0.1125,-0.2053,-0.665,-0.1418
2014-06-25 00:00:00,1355000.0,3.0,1.5,2680,4775.0,2.0,0,2,5,1880,800.0,1913,0,1602 5th Ave N,Seattle,WA 98109,USA,101,0,0.6145,-0.2776,0.0824,1.1222,1.9417
2014-06-25 00:00:00,482000.0,3.0,2.5,2420,7307.0,2.0,0,0,3,2420,0.0,1998,2006,7219 Autumn Ave SE,Snoqualmie,WA 98065,USA,16,1,0.3309,-0.207,0.7298,-0.665,-0.9146
2014-06-25 00:00:00,299950.0,3.0,1.75,1790,7650.0,1.0,0,3,3,1790,0.0,1978,0,31317 41st Pl SW,Federal Way,WA 98023,USA,36,0,-0.3562,-0.1974,-0.0255,-0.665,-0.2426
2014-06-25 00:00:00,770000.0,4.0,2.5,3920,12415.0,2.0,0,0,3,3920,0.0,1997,0,23013 SE 44th St,Sammamish,WA 98075,USA,17,0,1.9669,-0.0646,2.5281,-0.665,-0.881
2014-06-25 00:00:00,245700.0,3.0,2.25,1640,8400.0,1.0,0,0,3,1180,460.0,1968,1997,25425 34th Pl S,Kent,WA 98032,USA,46,1,-0.5198,-0.1765,-0.7568,0.3627,0.0935
2014-06-25 00:00:00,283000.0,3.0,1.0,890,8400.0,1.0,0,0,4,890,0.0,1954,1979,1109 N 28th Pl,Renton,WA 98056,USA,60,1,-1.3378,-0.1765,-1.1045,-0.665,0.5639
2014-06-25 00:00:00,650000.0,4.0,2.75,1910,16532.0,1.0,0,0,4,1420,490.0,1940,2001,9025 26th Ave NW,Seattle,WA 98117,USA,74,1,-0.2253,0.0502,-0.4691,0.4297,1.0344
2014-06-25 00:00:00,530000.0,5.0,2.25,2140,7910.0,1.0,0,0,3,1070,1070.0,1962,2003,227 152nd Pl SE,Bellevue,WA 98007,USA,52,1,0.0255,-0.1902,-0.8887,1.7254,0.2951
2014-06-25 00:00:00,440000.0,3.0,1.75,2030,7663.0,1.0,0,0,4,2030,0.0,1953,1983,2434 SW 170th St,Burien,WA 98166,USA,61,1,-0.0945,-0.1971,0.2622,-0.665,0.5975
2014-06-25 00:00:00,1005000.0,4.0,4.5,4225,284011.0,2.0,0,0,4,4225,0.0,1985,0,23711 NE 4th St,Sammamish,WA 98074,USA,29,0,2.2995,7.5082,2.8938,-0.665,-0.4778
2014-06-25 00:00:00,599990.0,3.0,2.25,2680,9162.0,1.0,0,0,3,1570,1110.0,1978,0,4222 186th Pl SE,Issaquah,WA 98027,USA,36,0,0.6145,-0.1553,-0.2892,1.8148,-0.2426
2014-06-25 00:00:00,544000.0,4.0,2.5,2030,3974.0,2.0,0,0,3,2030,0.0,1994,0,4226 250th Pl SE,Issaquah,WA 98029,USA,20,0,-0.0945,-0.2999,0.2622,-0.665,-0.7802
2014-06-25 00:00:00,1700000.0,5.0,3.5,5850,22885.0,2.0,0,2,4,4670,1180.0,1978,2000,9625-9701 SE 5th St,Bellevue,WA 98004,USA,36,1,4.0719,0.2274,3.4273,1.9712,-0.2426
2014-06-25 00:00:00,270000.0,2.0,1.0,2060,8398.0,1.0,0,0,3,1260,800.0,1962,2003,10447 8th Ave S,Seattle,WA 98168,USA,52,1,-0.0617,-0.1766,-0.6609,1.1222,0.2951
2014-06-25 00:00:00,435000.0,2.0,1.0,1060,3036.0,1.5,0,0,4,1060,0.0,1943,0,4202 4th Ave NE,Seattle,WA 98105,USA,71,0,-1.1524,-0.3261,-0.9007,-0.665,0.9336
2014-06-25 00:00:00,349000.0,3.0,1.0,1010,8184.0,1.0,0,0,4,1010,0.0,1947,1988,15510 9th Ave NE,Shoreline,WA 98155,USA,67,1,-1.2069,-0.1825,-0.9606,-0.665,0.7991
2014-06-25 00:00:00,1140000.0,4.0,2.25,3310,127631.0,2.0,0,0,5,3310,0.0,1924,1956,15445 NE 144th Pl,Woodinville,WA 98072,USA,90,1,1.3016,3.148,1.7968,-0.665,1.572
2014-06-25 00:00:00,320000.0,4.0,2.5,2000,10051.0,2.0,0,0,3,2000,0.0,1997,0,23625 SE 267th Ct,Maple Valley,WA 98038,USA,17,0,-0.1272,-0.1305,0.2263,-0.665,-0.881
2014-06-25 00:00:00,804100.0,4.0,2.5,3070,8086.0,2.0,0,0,3,3070,0.0,2005,0,6908 135th Pl SE,Newcastle,WA 98059,USA,9,0,1.0398,-0.1853,1.5091,-0.665,-1.1499
2014-06-25 00:00:00,594000.0,3.0,2.25,1270,1406.0,2.0,0,0,3,1060,210.0,2014,0,4757 41st Ave NE,Seattle,WA 98105,USA,0,0,-0.9234,-0.3715,-0.9007,-0.1958,-1.4523
2014-06-25 00:00:00,531500.0,4.0,2.75,3110,49765.0,1.0,0,0,4,3110,0.0,1958,1972,22426 SE 300th St,Black Diamond,WA 98010,USA,56,1,1.0835,0.9768,1.557,-0.665,0.4295
2014-06-25 00:00:00,1150000.0,3.0,2.0,2110,18815.0,2.0,0,0,5,2110,0.0,1979,0,2942 222nd Pl SE,Sammamish,WA 98075,USA,35,0,-0.0072,0.1139,0.3582,-0.665,-0.2762
2014-06-25 00:00:00,374500.0,3.0,2.25,1400,11400.0,2.0,0,0,3,1400,0.0,1984,0,8133 NE 158th St,Kenmore,WA 98028,USA,30,0,-0.7816,-0.0929,-0.493,-0.665,-0.4442
2014-06-25 00:00:00,450000.0,4.0,2.75,2310,5650.0,1.0,0,2,3,1330,980.0,1952,2012,9853 Arrowsmith Ave S,Seattle,WA 98118,USA,62,1,0.2109,-0.2532,-0.577,1.5244,0.6311
2014-06-25 00:00:00,744500.0,5.0,2.5,2700,16570.0,1.0,0,0,4,1750,950.0,1967,0,428 129th Pl NE,Bellevue,WA 98005,USA,47,0,0.6363,0.0513,-0.0734,1.4573,0.1271
2014-06-25 00:00:00,913888.0,5.0,2.25,2370,15512.0,2.0,0,0,4,2370,0.0,1981,0,14207 SE 52nd Pl,Bellevue,WA 98006,USA,33,0,0.2764,0.0218,0.6699,-0.665,-0.3434
2014-06-25 00:00:00,760000.0,4.0,2.5,2760,6000.0,2.0,0,0,5,2230,530.0,1942,0,8107 31st Ave NE,Seattle,WA 98115,USA,72,0,0.7017,-0.2434,0.502,0.519,0.9672
2014-06-25 00:00:00,346500.0,2.0,1.75,1610,6300.0,1.0,0,0,3,1010,600.0,1941,1994,5404 Columbia Dr S,Seattle,WA 98108,USA,73,1,-0.5525,-0.2351,-0.9606,0.6754,1.0008
2014-06-25 00:00:00,280000.0,3.0,1.75,1230,8250.0,1.0,0,0,3,1230,0.0,1966,1963,12410 SE 168th St,Renton,WA 98058,USA,48,1,-0.967,-0.1807,-0.6968,-0.665,0.1607
2014-06-25 00:00:00,557500.0,3.0,1.75,1900,11165.0,1.0,0,0,4,1900,0.0,1959,0,3430 166th Ave SE,Bellevue,WA 98008,USA,55,0,-0.2362,-0.0994,0.1064,-0.665,0.3959
2014-06-25 00:00:00,260000.0,3.0,1.5,1580,8184.0,1.0,0,0,3,1140,440.0,1954,2005,19307 4th Ave S,Des Moines,WA 98148,USA,60,1,-0.5853,-0.1825,-0.8047,0.318,0.5639
2014-06-25 00:00:00,1330000.0,3.0,1.5,1940,2885.0,1.5,0,2,3,1940,0.0,1900,2005,1228 9th Ave W,Seattle,WA 98119,USA,114,1,-0.1926,-0.3303,0.1543,-0.665,2.3785
2014-06-25 00:00:00,640000.0,3.0,1.75,1620,6000.0,1.0,0,0,5,1040,580.0,1947,0,8024 Corliss Ave N,Seattle,WA 98103,USA,67,0,-0.5416,-0.2434,-0.9246,0.6307,0.7991
2014-06-25 00:00:00,280000.0,7.0,2.5,1940,5458.0,2.0,0,0,3,1940,0.0,1994,0,12307 SE 315th Pl,Auburn,WA 98092,USA,20,0,-0.1926,-0.2586,0.1543,-0.665,-0.7802
2014-06-25 00:00:00,205000.0,3.0,1.0,1230,8750.0,1.0,0,0,3,1230,0.0,1965,1993,30640-30650 1st Pl S,Federal Way,WA 98003,USA,49,1,-0.967,-0.1668,-0.6968,-0.665,0.1943
2014-06-25 00:00:00,957000.0,5.0,3.25,3160,5000.0,2.0,0,2,3,2180,980.0,2005,0,3700 W Fulton St,Seattle,WA 98199,USA,9,0,1.138,-0.2713,0.4421,1.5244,-1.1499
2014-06-25 00:00:00,625000.0,5.0,2.5,2700,21208.0,1.0,0,0,4,1950,750.0,1955,2009,13987 SE 2nd St,Bellevue,WA 98005,USA,59,1,0.6363,0.1806,0.1663,1.0105,0.5303
2014-06-25 00:00:00,680000.0,4.0,1.5,1880,6200.0,1.0,0,2,5,1440,440.0,1954,0,3973 SW Arroyo Dr,Seattle,WA 98146,USA,60,0,-0.2581,-0.2379,-0.4451,0.318,0.5639
2014-06-25 00:00:00,150000.0,2.0,2.25,890,8100.0,1.0,0,0,3,890,0.0,1942,1999,13232 5th Ave SW,Burien,WA 98146,USA,72,1,-1.3378,-0.1849,-1.1045,-0.665,0.9672
2014-06-25 00:00:00,255950.0,3.0,2.5,1720,3676.0,2.0,0,0,3,1720,0.0,1992,0,11518 SE 221st Pl,Kent,WA 98031,USA,22,0,-0.4326,-0.3082,-0.1094,-0.665,-0.713
2014-06-25 00:00:00,246500.0,3.0,2.5,1620,7686.0,2.0,0,0,3,1620,0.0,1989,0,21635 SE 268th St,Maple Valley,WA 98038,USA,25,0,-0.5416,-0.1964,-0.2293,-0.665,-0.6122
2014-06-25 00:00:00,450000.0,2.0,1.0,1380,4390.0,1.0,0,0,4,880,500.0,1931,0,9024 5th Ave NE,Seattle,WA 98115,USA,83,0,-0.8034,-0.2883,-1.1165,0.452,1.3368
2014-06-25 00:00:00,595888.0,3.0,1.75,1870,9000.0,1.0,0,0,5,1870,0.0,1958,0,12521 3rd Ave NW,Seattle,WA 98177,USA,56,0,-0.269,-0.1598,0.0704,-0.665,0.4295
2014-06-25 00:00:00,454000.0,3.0,2.25,1970,22144.0,1.0,0,0,4,1970,0.0,1970,0,8527 374th Pl SE,Snoqualmie,WA 98065,USA,44,0,-0.1599,0.2067,0.1903,-0.665,0.0263
2014-06-25 00:00:00,299900.0,3.0,1.0,1110,8593.0,1.0,0,0,3,1110,0.0,1979,2014,18021 24th Ave NE,Shoreline,WA 98155,USA,35,1,-1.0979,-0.1711,-0.8407,-0.665,-0.2762
2014-06-25 00:00:00,200000.0,3.0,2.0,1190,6833.0,1.0,0,0,3,1190,0.0,1995,0,31519 121st Pl SE,Auburn,WA 98092,USA,19,0,-1.0106,-0.2202,-0.7448,-0.665,-0.8138
2014-06-25 00:00:00,346500.0,3.0,1.0,1150,11802.0,1.0,0,0,4,1150,0.0,1932,1958,4533 21st Ave SW,Seattle,WA 98106,USA,82,1,-1.0542,-0.0817,-0.7928,-0.665,1.3032
2014-06-25 00:00:00,585000.0,4.0,2.25,2890,6825.0,1.0,0,0,3,1560,1330.0,1973,2013,11826 NE 145th St,Kirkland,WA 98034,USA,41,1,0.8435,-0.2204,-0.3012,2.3063,-0.0746
2014-06-25 00:00:00,383000.0,3.0,1.75,1500,13430.0,1.0,0,0,3,1500,0.0,1977,2004,19121 NE 173rd St,Woodinville,WA 98072,USA,37,1,-0.6725,-0.0363,-0.3732,-0.665,-0.209
2014-06-25 00:00:00,519000.0,4.0,2.5,1950,2617.0,1.5,0,0,4,1250,700.0,1910,0,1124 NW 56th St,Seattle,WA 98107,USA,104,0,-0.1817,-0.3378,-0.6729,0.8988,2.0425
2014-06-25 00:00:00,410000.0,3.0,1.5,1250,7700.0,1.0,0,0,5,1250,0.0,1968,0,7202 121st Pl SE,Newcastle,WA 98056,USA,46,0,-0.9452,-0.196,-0.6729,-0.665,0.0935
2014-06-25 00:00:00,578000.0,4.0,2.5,2070,5415.0,2.0,0,0,3,2070,0.0,1996,0,25024 SE 41st Dr,Issaquah,WA 98029,USA,18,0,-0.0508,-0.2598,0.3102,-0.665,-0.8474
2014-06-25 00:00:00,1280000.0,4.0,3.5,4660,17398.0,2.0,0,2,3,4660,0.0,2003,0,17069 SE 65th Pl,Bellevue,WA 98006,USA,11,0,2.774,0.0744,3.4153,-0.665,-1.0827
2014-06-25 00:00:00,395000.0,2.0,2.25,1350,1493.0,2.0,0,0,3,1050,300.0,2007,0,4313 SW Willow St,Seattle,WA 98136,USA,7,0,-0.8361,-0.3691,-0.9126,0.0052,-1.2171
2014-06-25 00:00:00,364000.0,3.0,2.5,1800,2790.0,2.0,0,0,3,1800,0.0,2011,0,3011 SW Bataan St,Seattle,WA 98126,USA,3,0,-0.3453,-0.3329,-0.0135,-0.665,-1.3515
2014-06-25 00:00:00,240000.0,3.0,2.25,1481,2820.0,2.0,0,0,3,1481,0.0,2012,1912,42 43rd Ct NE,Auburn,WA 98002,USA,2,1,-0.6932,-0.3321,-0.3959,-0.665,-1.3851
2014-06-25 00:00:00,328423.0,3.0,2.5,1730,3600.0,2.0,0,0,3,1730,0.0,2014,0,11341-11399 4th Pl SW,Seattle,WA 98146,USA,0,0,-0.4217,-0.3104,-0.0974,-0.665,-1.4523
2014-06-25 00:00:00,594000.0,4.0,2.75,2720,4613.0,2.0,0,0,3,2720,0.0,2005,0,8827 NE 148th Pl,Kenmore,WA 98028,USA,9,0,0.6581,-0.2821,1.0895,-0.665,-1.1499
2014-06-25 00:00:00,425000.0,3.0,2.5,2320,2267.0,3.0,0,0,3,2320,0.0,2009,0,10134 Holman Rd NW,Seattle,WA 98177,USA,5,0,0.2218,-0.3475,0.6099,-0.665,-1.2843
2014-06-25 00:00:00,309620.0,3.0,2.5,1860,3730.0,2.0,0,0,3,1860,0.0,2012,1912,1 View Ln NE,Duvall,WA 98019,USA,2,1,-0.2799,-0.3067,0.0584,-0.665,-1.3851
2014-06-25 00:00:00,260000.0,5.0,2.5,2025,7760.0,2.0,0,0,3,2025,0.0,2007,0,122 Greenlake Pl,Pacific,WA 98047,USA,7,0,-0.0999,-0.1944,0.2563,-0.665,-1.2171
2014-06-25 00:00:00,563500.0,3.0,2.5,1400,1312.0,3.5,0,0,3,1400,0.0,2007,0,3637 Phinney Ave N,Seattle,WA 98103,USA,7,0,-0.7816,-0.3742,-0.493,-0.665,-1.2171
2014-06-25 00:00:00,975000.0,5.0,3.0,2620,5477.0,2.0,0,0,3,2620,0.0,2009,0,3655 NE 73rd St,Seattle,WA 98115,USA,5,0,0.549,-0.258,0.9696,-0.665,-1.2843
2014-06-26 00:00:00,937000.0,3.0,1.75,2450,2691.0,2.0,0,0,3,1750,700.0,1915,0,206 W Boston St,Seattle,WA 98119,USA,99,0,0.3636,-0.3357,-0.0734,0.8988,1.8744
2014-06-26 00:00:00,518500.0,3.0,3.5,1590,1102.0,3.0,0,0,3,1590,0.0,2010,0,769 N 74th St,Seattle,WA 98103,USA,4,0,-0.5743,-0.38,-0.2653,-0.665,-1.3179
2014-06-26 00:00:00,563500.0,4.0,1.75,2085,174240.0,1.0,0,0,3,1610,475.0,1964,2000,3707 295th Ave SE,Fall City,WA 98024,USA,50,1,-0.0345,4.4475,-0.2413,0.3962,0.2279
2014-06-26 00:00:00,1050000.0,4.0,3.5,3450,7832.0,2.0,0,0,3,3450,0.0,2007,0,4564 162nd Ln SE,Bellevue,WA 98006,USA,7,0,1.4543,-0.1924,1.9646,-0.665,-1.2171
2014-06-26 00:00:00,350000.0,3.0,2.25,1780,16290.0,2.0,0,0,4,1780,0.0,1987,0,15617 160th Ct SE,Renton,WA 98058,USA,27,0,-0.3671,0.0435,-0.0375,-0.665,-0.545
2014-06-26 00:00:00,826000.0,4.0,2.5,3060,7140.0,2.0,0,0,3,3060,0.0,2006,0,2401 NE Daphne St,Issaquah,WA 98029,USA,8,0,1.0289,-0.2117,1.4971,-0.665,-1.1835
2014-06-26 00:00:00,225000.0,3.0,2.0,1700,11475.0,1.0,0,0,5,970,730.0,1945,0,238 SW 132nd St,Burien,WA 98146,USA,69,0,-0.4544,-0.0908,-1.0086,0.9659,0.8663
2014-06-26 00:00:00,235867.0,4.0,2.0,1330,5926.0,1.0,0,0,4,1330,0.0,1942,1982,2109 NE 8th St,Renton,WA 98056,USA,72,1,-0.8579,-0.2455,-0.577,-0.665,0.9672
2014-06-26 00:00:00,399000.0,4.0,3.0,3060,5000.0,2.0,0,0,3,3060,0.0,2001,0,16126 SE 249th Pl,Covington,WA 98042,USA,13,0,1.0289,-0.2713,1.4971,-0.665,-1.0154
2014-06-26 00:00:00,177500.0,3.0,1.5,1220,6000.0,1.0,0,0,3,1220,0.0,1968,1997,472-598 Lind Ave NW,Renton,WA 98057,USA,46,1,-0.9779,-0.2434,-0.7088,-0.665,0.0935
2014-06-26 00:00:00,224000.0,4.0,1.5,1600,9289.0,1.0,0,0,4,1600,0.0,1959,0,214-220 N St NE,Auburn,WA 98002,USA,55,0,-0.5634,-0.1517,-0.2533,-0.665,0.3959
2014-06-26 00:00:00,302000.0,4.0,1.75,1530,17664.0,1.5,0,0,3,1530,0.0,1968,1997,16411 139th Pl SE,Renton,WA 98058,USA,46,1,-0.6398,0.0818,-0.3372,-0.665,0.0935
2014-06-26 00:00:00,760000.0,3.0,2.5,1980,13964.0,1.0,0,0,5,1980,0.0,1959,0,4201-4213 Island Crest Way,Mercer Island,WA 98040,USA,55,0,-0.149,-0.0214,0.2023,-0.665,0.3959
2014-06-26 00:00:00,460000.0,3.0,2.5,1730,8490.0,1.0,0,0,3,1210,520.0,1969,2010,9037 NE 132nd Pl,Kirkland,WA 98034,USA,45,1,-0.4217,-0.174,-0.7208,0.4967,0.0599
2014-06-26 00:00:00,415000.0,3.0,1.0,1170,6700.0,1.0,0,0,3,1170,0.0,1957,2000,3510 NE 115th St,Seattle,WA 98125,USA,57,1,-1.0324,-0.2239,-0.7688,-0.665,0.4631
2014-06-26 00:00:00,669000.0,2.0,1.75,1950,10766.0,1.0,0,3,4,1160,790.0,1952,0,3533 SW 171st St,Burien,WA 98166,USA,62,0,-0.1817,-0.1106,-0.7808,1.0999,0.6311
2014-06-26 00:00:00,254600.0,3.0,2.0,1470,20000.0,1.0,0,0,4,1470,0.0,1968,0,19627 SE Auburn-Black Diamond Rd,Auburn,WA 98092,USA,46,0,-0.7052,0.1469,-0.4091,-0.665,0.0935
2014-06-26 00:00:00,357250.0,3.0,1.5,1400,8840.0,1.0,0,0,4,1400,0.0,1952,0,1721 NE 136th St,Seattle,WA 98125,USA,62,0,-0.7816,-0.1643,-0.493,-0.665,0.6311
2014-06-26 00:00:00,910000.0,4.0,3.5,4040,50479.0,2.0,0,0,3,4040,0.0,1987,2000,13417 218th Ave NE,Woodinville,WA 98077,USA,27,1,2.0978,0.9968,2.672,-0.665,-0.545
2014-06-26 00:00:00,725000.0,6.0,3.0,3110,5000.0,1.5,0,0,5,1810,1300.0,1921,0,812 N 47th St,Seattle,WA 98103,USA,93,0,1.0835,-0.2713,-0.0015,2.2393,1.6728
2014-06-26 00:00:00,670000.0,3.0,1.5,1490,4400.0,1.5,0,0,4,1490,0.0,1906,1990,933 32nd Ave,Seattle,WA 98122,USA,108,1,-0.6834,-0.2881,-0.3851,-0.665,2.1769
2014-06-26 00:00:00,440000.0,4.0,1.5,1770,5750.0,2.0,0,0,3,1770,0.0,1947,2012,4527 48th Ave SW,Seattle,WA 98116,USA,67,1,-0.378,-0.2504,-0.0495,-0.665,0.7991
2014-06-26 00:00:00,1025000.0,4.0,3.5,3320,19850.0,1.0,0,2,4,2040,1280.0,1977,0,8434 W Mercer Way,Mercer Island,WA 98040,USA,37,0,1.3125,0.1427,0.2742,2.1946,-0.209
2014-06-26 00:00:00,320000.0,2.0,1.0,950,5316.0,1.0,0,2,3,950,0.0,1948,1994,3743 Belvidere Ave SW,Seattle,WA 98126,USA,66,1,-1.2724,-0.2625,-1.0325,-0.665,0.7655
2014-06-26 00:00:00,310000.0,4.0,2.5,2430,5499.0,2.0,0,0,3,2430,0.0,2002,0,16218 163rd Pl SE,Covington,WA 98042,USA,12,0,0.3418,-0.2574,0.7418,-0.665,-1.049
2014-06-26 00:00:00,772650.0,4.0,2.5,2660,10800.0,1.0,0,0,3,2660,0.0,1955,2014,12345 SE 23rd Pl,Bellevue,WA 98005,USA,59,1,0.5927,-0.1096,1.0175,-0.665,0.5303
2014-06-26 00:00:00,669950.0,4.0,2.5,2670,11877.0,2.0,0,0,3,2670,0.0,1996,0,2522 227th Pl NE,Sammamish,WA 98074,USA,18,0,0.6036,-0.0796,1.0295,-0.665,-0.8474
2014-06-26 00:00:00,690000.0,5.0,3.5,2720,7598.0,2.0,0,0,3,1860,860.0,1993,0,8921 42nd Ave NE,Seattle,WA 98115,USA,21,0,0.6581,-0.1989,0.0584,1.2563,-0.7466
2014-06-26 00:00:00,385000.0,4.0,2.5,3200,22651.0,1.0,0,0,5,1610,1590.0,1970,0,23310 118th Pl SE,Kent,WA 98031,USA,44,0,1.1816,0.2208,-0.2413,2.8871,0.0263
2014-06-26 00:00:00,663000.0,3.0,2.5,2480,37843.0,1.5,1,3,4,2480,0.0,1974,0,7030 SW Maury Park Rd,Vashon,WA 98070,USA,40,0,0.3963,0.6444,0.8017,-0.665,-0.1082
2014-06-26 00:00:00,300000.0,3.0,2.25,1780,10395.0,1.0,0,0,3,1780,0.0,1967,2011,14229 SE 165th Pl,Renton,WA 98058,USA,47,1,-0.3671,-0.1209,-0.0375,-0.665,0.1271
2014-06-26 00:00:00,225500.0,2.0,1.75,1590,11276.0,1.0,0,0,4,1590,0.0,1972,0,936 Pike Pl NE,Auburn,WA 98002,USA,42,0,-0.5743,-0.0963,-0.2653,-0.665,-0.0409
2014-06-26 00:00:00,320000.0,3.0,2.0,1550,34175.0,1.5,0,0,3,1550,0.0,1999,0,48115 SE Mt Si Rd,North Bend,WA 98045,USA,15,0,-0.618,0.5422,-0.3132,-0.665,-0.9482
2014-06-26 00:00:00,775000.0,3.0,2.75,2850,14800.0,1.0,0,0,4,1920,930.0,1976,1992,4904 145th Ave SE,Bellevue,WA 98006,USA,38,1,0.7999,0.0019,0.1304,1.4127,-0.1754
2014-06-26 00:00:00,805000.0,3.0,2.75,2600,5875.0,1.5,0,2,5,1600,1000.0,1929,0,5710 SW Admiral Way,Seattle,WA 98116,USA,85,0,0.5272,-0.2469,-0.2533,1.569,1.404
2014-06-26 00:00:00,252750.0,4.0,1.0,1230,7410.0,1.5,0,0,3,1230,0.0,1944,0,650 SW 137th St,Burien,WA 98166,USA,70,0,-0.967,-0.2041,-0.6968,-0.665,0.8999
2014-06-26 00:00:00,254000.0,5.0,2.0,2080,16117.0,1.0,0,0,5,1740,340.0,1959,0,28830 34th Ave S,Auburn,WA 98001,USA,55,0,-0.0399,0.0386,-0.0854,0.0946,0.3959
2014-06-26 00:00:00,620000.0,6.0,3.5,3600,6875.0,2.0,0,0,3,2740,860.0,2004,2003,6731 Silent Creek Ave SE,Snoqualmie,WA 98065,USA,10,1,1.6179,-0.219,1.1134,1.2563,-1.1163
2014-06-26 00:00:00,435000.0,4.0,2.75,2110,8751.0,1.0,0,0,3,1510,600.0,1962,2003,18447-18509 94th Ave NE,Bothell,WA 98011,USA,52,1,-0.0072,-0.1667,-0.3612,0.6754,0.2951
2014-06-26 00:00:00,460000.0,4.0,2.5,2550,19017.0,1.0,0,0,4,1300,1250.0,1961,2001,19259-19499 40th Pl NE,Lake Forest Park,WA 98155,USA,53,1,0.4727,0.1195,-0.6129,2.1276,0.3287
2014-06-26 00:00:00,268000.0,3.0,2.5,1650,6684.0,2.0,0,0,3,1650,0.0,1991,0,11813 SE 219th Pl,Kent,WA 98031,USA,23,0,-0.5089,-0.2244,-0.1933,-0.665,-0.6794
2014-06-26 00:00:00,446000.0,2.0,1.5,1370,1221.0,2.0,0,0,3,1080,0.0,2008,0,207 20th Ave,Seattle,WA 98122,USA,6,0,-0.8143,-0.3767,-0.8767,-0.665,-1.2507
2014-06-26 00:00:00,285000.0,2.0,1.0,1010,7200.0,1.0,0,0,3,1010,0.0,1975,0,18716 35th Ave NE,Lake Forest Park,WA 98155,USA,39,0,-1.2069,-0.21,-0.9606,-0.665,-0.1418
2014-06-26 00:00:00,530000.0,3.0,2.0,2330,26571.0,2.5,0,0,3,2330,0.0,1987,2000,13607 SE 10th St,Bellevue,WA 98005,USA,27,1,0.2327,0.3301,0.6219,-0.665,-0.545
2014-06-26 00:00:00,402000.0,2.0,1.0,620,2475.0,1.0,0,0,5,620,0.0,1911,1984,5001-5099 11th Ave NW,Seattle,WA 98107,USA,103,1,-1.6323,-0.3417,-1.4282,-0.665,2.0089
2014-06-26 00:00:00,358000.0,3.0,1.5,2450,12497.0,1.0,0,0,4,2450,0.0,1967,0,7670 10th Ave NW,Snoqualmie,WA 98065,USA,47,0,0.3636,-0.0623,0.7658,-0.665,0.1271
2014-06-26 00:00:00,354950.0,4.0,2.75,2530,7350.0,1.0,0,0,5,1280,1250.0,1977,0,32148-32298 33rd Ave SW,Federal Way,WA 98023,USA,37,0,0.4509,-0.2058,-0.6369,2.1276,-0.209
2014-06-26 00:00:00,405000.0,4.0,2.5,2220,4652.0,2.0,0,0,3,2220,0.0,2001,0,4839 NE 5th St,Renton,WA 98059,USA,13,0,0.1128,-0.281,0.49,-0.665,-1.0154
2014-06-26 00:00:00,568000.0,4.0,1.75,2110,265716.0,1.0,0,0,4,2110,0.0,1979,0,5519 236th Ave NE,Redmond,WA 98053,USA,35,0,-0.0072,6.9981,0.3582,-0.665,-0.2762
2014-06-26 00:00:00,575000.0,5.0,3.0,3690,49709.0,1.0,0,2,3,2690,0.0,1960,2012,23444 10th Ave S,Des Moines,WA 98198,USA,54,1,1.716,0.9753,1.0535,-0.665,0.3623
2014-06-26 00:00:00,315000.0,4.0,2.5,1940,10200.0,1.0,0,0,4,1140,800.0,1977,0,20825 135th Ave SE,Kent,WA 98042,USA,37,0,-0.1926,-0.1263,-0.8047,1.1222,-0.209
2014-06-26 00:00:00,280927.0,4.0,2.25,2070,7350.0,2.0,0,0,4,2070,0.0,1977,0,26732 Carnaby Way,Kent,WA 98032,USA,37,0,-0.0508,-0.2058,0.3102,-0.665,-0.209
2014-06-26 00:00:00,440000.0,4.0,2.5,2160,7826.0,1.0,0,0,4,1390,770.0,1976,1992,20111 47th Ave NE,Lake Forest Park,WA 98155,USA,38,1,0.0473,-0.1925,-0.505,1.0552,-0.1754
2014-06-26 00:00:00,270000.0,4.0,2.25,2600,9900.0,1.0,0,0,3,1600,1000.0,1965,1993,7703 S 128th St,Seattle,WA 98178,USA,49,1,0.5272,-0.1347,-0.2533,1.569,0.1943
2014-06-26 00:00:00,755000.0,4.0,2.75,2880,4000.0,1.5,0,0,3,2100,780.0,1912,2000,2101 31st Ave S,Seattle,WA 98144,USA,102,1,0.8326,-0.2992,0.3462,1.0776,1.9753
2014-06-26 00:00:00,289659.0,4.0,2.25,2260,7200.0,2.0,0,0,4,2260,0.0,1984,0,21114-21120 119th Ave SE,Kent,WA 98031,USA,30,0,0.1564,-0.21,0.538,-0.665,-0.4442
2014-06-26 00:00:00,555000.0,5.0,3.0,3640,6930.0,2.0,0,0,3,3640,0.0,2004,2003,24709 SE 278th St,Maple Valley,WA 98038,USA,10,1,1.6615,-0.2175,2.1924,-0.665,-1.1163
2014-06-26 00:00:00,450000.0,3.0,1.5,1530,23660.0,1.0,0,0,3,1530,0.0,1952,2008,3210 NE 163rd St,Lake Forest Park,WA 98155,USA,62,1,-0.6398,0.249,-0.3372,-0.665,0.6311
2014-06-26 00:00:00,1145000.0,3.0,2.5,2490,7663.0,2.0,0,0,5,1670,820.0,1918,0,2407 4th Ave N,Seattle,WA 98109,USA,96,0,0.4072,-0.1971,-0.1693,1.1669,1.7736
2014-06-26 00:00:00,495000.0,3.0,1.75,1440,11787.0,1.0,0,0,3,1440,0.0,1983,2009,22913 NE 20th Pl,Sammamish,WA 98074,USA,31,1,-0.7379,-0.0821,-0.4451,-0.665,-0.4106
2014-06-26 00:00:00,1250000.0,3.0,3.0,3760,8500.0,2.5,0,3,4,3060,700.0,1910,0,5118 SW Waite St,Seattle,WA 98116,USA,104,0,1.7924,-0.1737,1.4971,0.8988,2.0425
2014-06-26 00:00:00,580000.0,4.0,1.75,1720,6975.0,1.0,0,0,3,1420,300.0,1975,0,4528 165th Ave NE,Redmond,WA 98052,USA,39,0,-0.4326,-0.2163,-0.4691,0.0052,-0.1418
2014-06-26 00:00:00,560000.0,4.0,2.5,2480,16360.0,1.0,0,0,5,1510,970.0,1959,0,18500-18560 58th Ave NE,Kenmore,WA 98028,USA,55,0,0.3963,0.0454,-0.3612,1.502,0.3959
2014-06-26 00:00:00,1080000.0,4.0,3.5,3990,7663.0,2.0,0,0,3,3990,0.0,2008,0,16141 SE 45th Pl,Bellevue,WA 98006,USA,6,0,2.0432,-0.1971,2.612,-0.665,-1.2507
2014-06-26 00:00:00,450000.0,2.0,1.75,840,3340.0,1.0,0,0,3,700,0.0,1912,1994,5516 2nd Ave NW,Seattle,WA 98107,USA,102,1,-1.3923,-0.3176,-1.3322,-0.665,1.9753
2014-06-26 00:00:00,815000.0,3.0,2.0,2270,11989.0,1.0,0,0,4,2270,0.0,1968,0,6600 mango St,Mercer Island,WA 98040,USA,46,0,0.1673,-0.0764,0.55,-0.665,0.0935
2014-06-26 00:00:00,354000.0,4.0,2.5,2580,5476.0,2.0,0,0,3,2580,0.0,2005,0,10125 SE 220th Pl,Kent,WA 98031,USA,9,0,0.5054,-0.258,0.9216,-0.665,-1.1499
2014-06-26 00:00:00,279900.0,3.0,1.75,1580,6620.0,1.0,0,0,3,1580,0.0,1988,2000,2401 S 359th St,Federal Way,WA 98003,USA,26,1,-0.5853,-0.2262,-0.2772,-0.665,-0.5786
2014-06-26 00:00:00,339000.0,2.0,1.0,950,7954.0,1.0,0,0,4,950,0.0,1941,1998,2016 S Pearl St,Seattle,WA 98108,USA,73,1,-1.2724,-0.189,-1.0325,-0.665,1.0008
2014-06-26 00:00:00,1340000.0,4.0,3.5,3190,5040.0,2.0,0,3,3,2160,1030.0,2003,0,1120 33rd Ave S,Seattle,WA 98144,USA,11,0,1.1707,-0.2702,0.4181,1.6361,-1.0827
2014-06-26 00:00:00,710000.0,3.0,3.25,3740,136915.0,2.5,0,0,3,3100,640.0,1990,2009,16469 Marine View Dr SW,Burien,WA 98166,USA,24,1,1.7706,3.4068,1.545,0.7648,-0.6458
2014-06-26 00:00:00,815000.0,4.0,2.75,2620,4743.0,1.0,0,2,4,1310,1310.0,1949,1985,3311 NW 75th St,Seattle,WA 98117,USA,65,1,0.549,-0.2785,-0.6009,2.2616,0.7319
2014-06-26 00:00:00,800000.0,3.0,1.75,2080,75794.0,1.0,0,0,3,2080,0.0,1958,2004,11406 NE 112th St,Kirkland,WA 98033,USA,56,1,-0.0399,1.7026,0.3222,-0.665,0.4295
2014-06-26 00:00:00,638000.0,3.0,2.0,1660,3729.0,1.0,0,0,5,970,690.0,1922,1956,6318 SW Marguerite Ct,Seattle,WA 98116,USA,92,1,-0.498,-0.3068,-1.0086,0.8765,1.6392
2014-06-26 00:00:00,475580.0,3.0,1.75,1520,11085.0,1.0,0,0,3,1520,0.0,1983,2009,20331 NE 40th Ct,Sammamish,WA 98074,USA,31,1,-0.6507,-0.1017,-0.3492,-0.665,-0.4106
2014-06-26 00:00:00,243800.0,3.0,1.0,1140,27760.0,1.0,0,0,4,1140,0.0,1981,0,27529 SE High Point Way,Issaquah,WA 98027,USA,33,0,-1.0651,0.3633,-0.8047,-0.665,-0.3434
2014-06-26 00:00:00,600000.0,3.0,2.5,3240,8016.0,2.0,0,0,3,2910,330.0,2004,2003,35019 SE Curtis Dr,Snoqualmie,WA 98065,USA,10,1,1.2252,-0.1872,1.3172,0.0722,-1.1163
2014-06-26 00:00:00,620000.0,3.0,2.0,2460,41343.0,1.0,0,0,4,2460,0.0,1988,0,23857 SE 98th Pl,Issaquah,WA 98027,USA,26,0,0.3745,0.742,0.7778,-0.665,-0.5786
2014-06-26 00:00:00,750000.0,4.0,2.75,1750,5080.0,1.5,0,0,3,1750,0.0,1903,2005,1447 21st Ave,Seattle,WA 98122,USA,111,1,-0.3998,-0.2691,-0.0734,-0.665,2.2777
2014-06-26 00:00:00,626000.0,3.0,1.75,2430,5000.0,2.0,0,0,4,1760,670.0,1945,0,6723 12th Ave NW,Seattle,WA 98117,USA,69,0,0.3418,-0.2713,-0.0614,0.8318,0.8663
2014-06-26 00:00:00,230000.0,3.0,1.0,1060,9946.0,1.0,0,0,4,1060,0.0,1956,0,17736 41st Ave S,SeaTac,WA 98188,USA,58,0,-1.1524,-0.1334,-0.9007,-0.665,0.4967
2014-06-26 00:00:00,537000.0,3.0,3.0,2410,7479.0,2.0,0,2,3,2410,0.0,1942,1988,3715 NE 153rd St,Lake Forest Park,WA 98155,USA,72,1,0.32,-0.2022,0.7178,-0.665,0.9672
2014-06-26 00:00:00,210000.0,2.0,1.0,720,8040.0,1.0,0,0,3,720,0.0,1943,2002,15252 20th Ave SW,Burien,WA 98166,USA,71,1,-1.5232,-0.1866,-1.3083,-0.665,0.9336
2014-06-26 00:00:00,200500.0,3.0,2.25,1260,9346.0,1.0,0,0,4,1260,0.0,1963,0,11612 SE 258th St,Kent,WA 98030,USA,51,0,-0.9343,-0.1501,-0.6609,-0.665,0.2615
2014-06-26 00:00:00,253500.0,3.0,1.0,1640,12384.0,1.0,0,0,4,1090,550.0,1954,1979,2628 S 309th St,Federal Way,WA 98003,USA,60,1,-0.5198,-0.0654,-0.8647,0.5637,0.5639
2014-06-26 00:00:00,150000.0,3.0,1.0,1310,9612.0,1.0,0,0,3,960,350.0,1962,2003,34025 39th Ave S,Auburn,WA 98001,USA,52,1,-0.8797,-0.1427,-1.0205,0.1169,0.2951
2014-06-26 00:00:00,440000.0,3.0,1.5,2120,6290.0,1.0,0,0,4,1220,900.0,1949,1985,4231 Powell Pl S,Seattle,WA 98108,USA,65,1,0.0037,-0.2354,-0.7088,1.3456,0.7319
2014-06-26 00:00:00,667000.0,3.0,1.75,3320,478288.0,1.5,0,3,4,2260,1060.0,1933,1982,40201 292nd Ave SE,Enumclaw,WA 98022,USA,81,1,1.3125,12.9252,0.538,1.7031,1.2696
2014-06-26 00:00:00,660000.0,3.0,1.0,1210,9622.0,1.0,0,1,3,1210,0.0,1955,2009,12016 SE 42nd St,Bellevue,WA 98006,USA,59,1,-0.9888,-0.1424,-0.7208,-0.665,0.5303
2014-06-26 00:00:00,695000.0,3.0,2.75,2590,12063.0,2.0,0,0,3,2590,0.0,1993,0,5633 165th Pl SE,Bellevue,WA 98006,USA,21,0,0.5163,-0.0744,0.9336,-0.665,-0.7466
2014-06-26 00:00:00,440000.0,4.0,2.5,2250,7526.0,2.0,0,0,3,2250,0.0,1989,0,5120 NE 23rd St,Renton,WA 98059,USA,25,0,0.1455,-0.2009,0.526,-0.665,-0.6122
2014-06-26 00:00:00,1388000.0,4.0,3.0,4040,20001.0,1.0,0,0,3,2020,2020.0,1972,2001,3418 96th Ave NE,Clyde Hill,WA 98004,USA,42,1,2.0978,0.1469,0.2503,3.8478,-0.0409
2014-06-26 00:00:00,219500.0,3.0,1.0,1090,6710.0,1.5,0,0,5,1090,0.0,1912,0,116 J St SE,Auburn,WA 98002,USA,102,0,-1.1197,-0.2236,-0.8647,-0.665,1.9753
2014-06-26 00:00:00,220000.0,3.0,1.5,1660,15600.0,2.0,0,0,3,1660,0.0,1981,2013,38205 45th Ave S,Auburn,WA 98001,USA,33,1,-0.498,0.0242,-0.1813,-0.665,-0.3434
2014-06-26 00:00:00,270000.0,2.0,1.0,1780,81021.0,1.0,0,3,4,1780,0.0,1954,1979,36816 55th Ave S,Auburn,WA 98001,USA,60,1,-0.3671,1.8483,-0.0375,-0.665,0.5639
2014-06-26 00:00:00,900000.0,4.0,3.5,3370,5000.0,2.0,0,2,3,2470,900.0,2008,0,3460 38th Ave SW,Seattle,WA 98126,USA,6,0,1.367,-0.2713,0.7897,1.3456,-1.2507
2014-06-26 00:00:00,1990000.0,5.0,3.0,4480,5000.0,2.5,0,0,5,3420,1060.0,1902,0,923 14th Ave E,Seattle,WA 98112,USA,112,0,2.5777,-0.2713,1.9287,1.7031,2.3113
2014-06-26 00:00:00,800000.0,4.0,2.25,2990,16809.0,2.0,0,0,3,2990,0.0,1990,2009,19745 NE 127th Pl,Woodinville,WA 98077,USA,24,1,0.9526,0.0579,1.4132,-0.665,-0.6458
2014-06-26 00:00:00,365000.0,5.0,2.0,2280,19000.0,1.5,0,0,3,2280,0.0,1924,2011,14937 20th Ave SW,Burien,WA 98166,USA,90,1,0.1782,0.119,0.562,-0.665,1.572
2014-06-26 00:00:00,1387800.0,3.0,3.0,2480,5500.0,2.0,0,3,3,1730,750.0,1950,2005,2855 36th Ave W,Seattle,WA 98199,USA,64,1,0.3963,-0.2574,-0.0974,1.0105,0.6983
2014-06-26 00:00:00,451000.0,5.0,2.75,2830,8925.0,1.5,0,0,3,2830,0.0,1967,2011,12112 NE 143rd Pl,Kirkland,WA 98034,USA,47,1,0.7781,-0.1619,1.2213,-0.665,0.1271
2014-06-26 00:00:00,202000.0,2.0,1.0,920,7569.0,1.0,0,0,4,920,0.0,1950,1983,12120-12198 24th Ave S,Burien,WA 98168,USA,64,1,-1.3051,-0.1997,-1.0685,-0.665,0.6983
2014-06-26 00:00:00,1410000.0,4.0,2.25,3250,16684.0,2.0,0,0,3,3250,0.0,1979,2014,2520 Medina Cir,Medina,WA 98039,USA,35,1,1.2362,0.0545,1.7249,-0.665,-0.2762
2014-06-26 00:00:00,471000.0,2.0,1.75,1240,6417.0,1.0,0,0,5,1240,0.0,1924,1956,6528 37th Ave SW,Seattle,WA 98126,USA,90,1,-0.9561,-0.2318,-0.6849,-0.665,1.572
2014-06-26 00:00:00,827000.0,4.0,2.5,3230,12100.0,1.0,0,0,3,1870,1360.0,1977,2004,4613 146th Pl SE,Bellevue,WA 98006,USA,37,1,1.2143,-0.0734,0.0704,2.3733,-0.209
2014-06-26 00:00:00,235000.0,5.0,2.5,2500,9583.0,1.0,0,0,3,1300,1200.0,1979,2014,1630 S 231st Pl,Des Moines,WA 98198,USA,35,1,0.4182,-0.1435,-0.6129,2.0159,-0.2762
2014-06-26 00:00:00,216500.0,2.0,1.75,1390,4482.0,1.0,0,0,4,1390,0.0,1980,0,24801-24805 11th Ave S,Des Moines,WA 98198,USA,34,0,-0.7925,-0.2858,-0.505,-0.665,-0.3098
2014-06-26 00:00:00,359000.0,5.0,1.75,1940,6654.0,1.5,0,0,4,1940,0.0,1953,1983,15212 20th Ave SW,Burien,WA 98166,USA,61,1,-0.1926,-0.2252,0.1543,-0.665,0.5975
2014-06-26 00:00:00,252500.0,3.0,2.0,1900,8002.0,1.0,0,0,3,1900,0.0,1991,0,1209 SW 347th Pl,Federal Way,WA 98023,USA,23,0,-0.2362,-0.1876,0.1064,-0.665,-0.6794
2014-06-26 00:00:00,370000.0,3.0,1.5,2380,14500.0,1.0,0,0,4,1850,530.0,1961,2001,6340 NE 196th St,Kenmore,WA 98028,USA,53,1,0.2873,-0.0064,0.0464,0.519,0.3287
2014-06-26 00:00:00,663000.0,3.0,2.0,1480,3876.0,1.0,0,0,5,860,620.0,1928,1970,7028 20th Ave NW,Seattle,WA 98117,USA,86,1,-0.6943,-0.3027,-1.1404,0.7201,1.4376
2014-06-26 00:00:00,971971.0,4.0,3.75,3460,6738.0,2.0,0,0,3,3460,0.0,2013,1923,14626 Renton Issaquah Rd SE,Renton,WA 98059,USA,1,1,1.4652,-0.2229,1.9766,-0.665,-1.4187
2014-06-26 00:00:00,420000.0,3.0,1.75,1444,249126.0,1.5,0,0,3,1444,0.0,2008,0,21700-21712 119th Ave SW,Vashon,WA 98070,USA,6,0,-0.7336,6.5356,-0.4403,-0.665,-1.2507
2014-06-26 00:00:00,330675.0,4.0,3.0,1930,3031.0,1.0,0,0,3,1200,730.0,2006,0,26418 NE Anderson St,Duvall,WA 98019,USA,8,0,-0.2035,-0.3262,-0.7328,0.9659,-1.1835
2014-06-26 00:00:00,240000.0,4.0,1.0,1200,2171.0,1.5,0,0,3,1200,0.0,1933,0,10720 Stone Ave N,Seattle,WA 98133,USA,81,0,-0.9997,-0.3502,-0.7328,-0.665,1.2696
2014-06-26 00:00:00,334888.0,3.0,2.5,1769,7324.0,2.0,0,0,3,1769,0.0,2012,1912,11515 SE 302nd Ct,Auburn,WA 98092,USA,2,1,-0.3791,-0.2065,-0.0507,-0.665,-1.3851
2014-06-26 00:00:00,414000.0,3.0,2.5,2490,4540.0,2.5,0,0,3,2490,0.0,2012,1912,4724 NE 14th St,Renton,WA 98059,USA,2,1,0.4072,-0.2841,0.8137,-0.665,-1.3851
2014-06-26 00:00:00,782900.0,4.0,3.25,3060,3898.0,2.0,0,0,3,2300,760.0,2014,0,2354 NW Harmony Way,Issaquah,WA 98027,USA,0,0,1.0289,-0.302,0.5859,1.0329,-1.4523
2014-06-26 00:00:00,525000.0,4.0,2.75,3030,6625.0,2.0,0,0,3,3030,0.0,2011,0,4924 SE 2nd Pl,Renton,WA 98059,USA,3,0,0.9962,-0.226,1.4611,-0.665,-1.3515
2014-06-26 00:00:00,429900.0,3.0,2.5,2370,5353.0,2.0,0,0,3,2370,0.0,2009,0,14522 271st Ct NE,Duvall,WA 98019,USA,5,0,0.2764,-0.2615,0.6699,-0.665,-1.2843
2014-06-26 00:00:00,390000.0,3.0,3.25,1370,913.0,2.0,0,0,3,1100,270.0,2006,0,4438 44th Ave SW,Seattle,WA 98116,USA,8,0,-0.8143,-0.3853,-0.8527,-0.0618,-1.1835
2014-06-26 00:00:00,224000.0,3.0,1.75,1500,11968.0,1.0,0,0,3,1500,0.0,2014,0,32428-32598 5th Ave,Black Diamond,WA 98010,USA,0,0,-0.6725,-0.077,-0.3732,-0.665,-1.4523
2014-06-27 00:00:00,257500.0,3.0,2.25,1715,6819.0,2.0,0,0,3,1715,0.0,1995,0,533 S 330th Pl,Federal Way,WA 98003,USA,19,0,-0.438,-0.2206,-0.1154,-0.665,-0.8138
2014-06-27 00:00:00,665000.0,2.0,1.0,1110,3200.0,1.0,0,0,3,1110,0.0,1925,2002,1604 1st Ave W,Seattle,WA 98119,USA,89,1,-1.0979,-0.3215,-0.8407,-0.665,1.5384
2014-06-27 00:00:00,327000.0,5.0,2.75,2400,8050.0,2.0,0,0,3,2400,0.0,1998,2006,5020 Quincy Ave SE,Auburn,WA 98092,USA,16,1,0.3091,-0.1863,0.7058,-0.665,-0.9146
2014-06-27 00:00:00,425000.0,3.0,1.0,1520,213444.0,1.5,0,3,5,1520,0.0,1988,0,10500 185th Ave SE,Renton,WA 98059,USA,26,0,-0.6507,5.5406,-0.3492,-0.665,-0.5786
2014-06-27 00:00:00,687500.0,4.0,2.75,3190,10970.0,2.0,0,0,3,3190,0.0,1994,0,2632 232nd Pl SE,Sammamish,WA 98075,USA,20,0,1.1707,-0.1049,1.6529,-0.665,-0.7802
2014-06-27 00:00:00,672500.0,3.0,2.25,2400,5300.0,1.5,0,0,4,1250,1150.0,1939,1989,8022 22nd Ave NW,Seattle,WA 98117,USA,75,1,0.3091,-0.263,-0.6729,1.9042,1.068
2014-06-27 00:00:00,140000.0,3.0,1.0,1060,7473.0,1.0,0,0,3,1060,0.0,1959,1989,25826 19th Ave S,Des Moines,WA 98198,USA,55,1,-1.1524,-0.2024,-0.9007,-0.665,0.3959
2014-06-27 00:00:00,215500.0,2.0,1.75,1220,15600.0,1.0,0,0,3,1220,0.0,1972,2002,35301-35323 56th Ave S,Auburn,WA 98001,USA,42,1,-0.9779,0.0242,-0.7088,-0.665,-0.0409
2014-06-27 00:00:00,464900.0,4.0,2.25,2020,8424.0,1.0,0,0,4,1380,640.0,1979,0,14008 81st Ave NE,Kirkland,WA 98034,USA,35,0,-0.1054,-0.1759,-0.517,0.7648,-0.2762
2014-06-27 00:00:00,417000.0,4.0,2.25,2300,7663.0,1.0,0,0,3,1380,920.0,1959,1989,535 NE 117th St,Seattle,WA 98125,USA,55,1,0.2,-0.1971,-0.517,1.3903,0.3959
2014-06-27 00:00:00,453000.0,4.0,2.25,2300,37533.0,1.0,0,3,5,1550,750.0,1979,0,7707 SW 259th St,Vashon,WA 98070,USA,35,0,0.2,0.6358,-0.3132,1.0105,-0.2762
2014-06-27 00:00:00,700000.0,3.0,2.5,1660,1545.0,2.0,0,2,3,1400,260.0,2002,0,813 2nd Ave N,Seattle,WA 98109,USA,12,0,-0.498,-0.3677,-0.493,-0.0841,-1.049
2014-06-27 00:00:00,1619999.0,4.0,3.0,3900,9750.0,1.0,0,4,5,2520,1380.0,1972,0,4720 Somerset Ave SE,Bellevue,WA 98006,USA,42,0,1.9451,-0.1389,0.8497,2.418,-0.0409
2014-06-27 00:00:00,259500.0,3.0,1.75,1650,12349.0,1.0,0,0,3,1650,0.0,1957,2000,4104 S 179th St,SeaTac,WA 98188,USA,57,1,-0.5089,-0.0664,-0.1933,-0.665,0.4631
2014-06-27 00:00:00,460000.0,4.0,2.5,2110,35091.0,1.0,0,0,4,1290,820.0,1985,0,24434 SE Mirrormont Blvd,Issaquah,WA 98027,USA,29,0,-0.0072,0.5677,-0.6249,1.1669,-0.4778
2014-06-27 00:00:00,561500.0,3.0,1.75,1960,6380.0,1.0,0,0,4,980,980.0,1939,1989,1035 NE 95th St,Seattle,WA 98115,USA,75,1,-0.1708,-0.2328,-0.9966,1.5244,1.068
2014-06-27 00:00:00,641000.0,4.0,2.5,2770,63118.0,2.0,0,0,3,2770,0.0,1997,0,6338 284th Way NE,Carnation,WA 98014,USA,17,0,0.7126,1.3492,1.1494,-0.665,-0.881
2014-06-27 00:00:00,330000.0,4.0,1.75,2440,7350.0,1.0,0,0,3,1610,830.0,1978,0,3716 S 253rd Pl,Kent,WA 98032,USA,36,0,0.3527,-0.2058,-0.2413,1.1893,-0.2426
2014-06-27 00:00:00,447000.0,2.0,1.0,1320,8380.0,1.0,0,0,3,1320,0.0,1953,0,10356 Dibble Ave NW,Seattle,WA 98177,USA,61,0,-0.8688,-0.1771,-0.5889,-0.665,0.5975
2014-06-27 00:00:00,320000.0,4.0,2.5,2570,4865.0,2.0,0,0,3,2570,0.0,2005,0,27102 227th Pl SE,Maple Valley,WA 98038,USA,9,0,0.4945,-0.2751,0.9096,-0.665,-1.1499
2014-06-27 00:00:00,212700.0,2.0,1.0,940,5040.0,1.0,0,0,3,940,0.0,1926,2003,7157 32nd Ave SW,Seattle,WA 98126,USA,88,1,-1.2833,-0.2702,-1.0445,-0.665,1.5048
2014-06-27 00:00:00,260000.0,2.0,1.0,700,4800.0,1.0,0,0,3,700,0.0,1922,2008,1518 25th Ave,Seattle,WA 98122,USA,92,1,-1.545,-0.2769,-1.3322,-0.665,1.6392
2014-06-27 00:00:00,410000.0,3.0,2.0,1400,45738.0,2.0,0,0,4,1400,0.0,1981,0,26907 94th Ave SW,Vashon,WA 98070,USA,33,0,-0.7816,0.8646,-0.493,-0.665,-0.3434
2014-06-27 00:00:00,355000.0,4.0,2.5,1890,7867.0,2.0,0,0,3,1890,0.0,1996,0,24920-24925 235th Way SE,Maple Valley,WA 98038,USA,18,0,-0.2471,-0.1914,0.0944,-0.665,-0.8474
2014-06-27 00:00:00,275500.0,2.0,1.0,720,11400.0,1.0,0,0,5,720,0.0,1951,0,18529 Ashworth Ave N,Shoreline,WA 98133,USA,63,0,-1.5232,-0.0929,-1.3083,-0.665,0.6647
2014-06-27 00:00:00,415000.0,3.0,1.75,2410,8944.0,1.0,0,0,4,1860,0.0,1967,0,17051 151st Ave SE,Renton,WA 98058,USA,47,0,0.32,-0.1614,0.0584,-0.665,0.1271
2014-06-27 00:00:00,279000.0,3.0,2.5,1630,7950.0,1.0,0,0,3,1320,310.0,1985,0,20101 137th Ave SE,Kent,WA 98042,USA,29,0,-0.5307,-0.1891,-0.5889,0.0276,-0.4778
2014-06-27 00:00:00,350000.0,5.0,1.75,2330,14322.0,1.0,0,0,4,1180,1150.0,1968,0,13826 SE 141st St,Renton,WA 98059,USA,46,0,0.2327,-0.0114,-0.7568,1.9042,0.0935
2014-06-27 00:00:00,355000.0,2.0,2.25,1330,10838.0,2.0,0,0,3,1330,0.0,1985,0,19228 73rd Ave NE,Kenmore,WA 98028,USA,29,0,-0.8579,-0.1085,-0.577,-0.665,-0.4778
2014-06-27 00:00:00,750000.0,4.0,2.25,3190,11597.0,2.0,0,0,3,2300,890.0,1984,0,2513 225th Pl NE,Sammamish,WA 98074,USA,30,0,1.1707,-0.0874,0.5859,1.3233,-0.4442
2014-06-27 00:00:00,235000.0,3.0,1.75,1400,6300.0,1.0,0,0,3,1400,0.0,1998,2006,1783 Loraine St,Enumclaw,WA 98022,USA,16,1,-0.7816,-0.2351,-0.493,-0.665,-0.9146
2014-06-27 00:00:00,209950.0,3.0,1.0,970,9583.0,1.0,0,0,4,970,0.0,1967,0,33235 26th Ave SW,Federal Way,WA 98023,USA,47,0,-1.2506,-0.1435,-1.0086,-0.665,0.1271
2014-06-27 00:00:00,230000.0,3.0,1.75,1010,9600.0,1.0,0,0,5,1010,0.0,1969,0,18827 SE 244th Pl,Covington,WA 98042,USA,45,0,-1.2069,-0.1431,-0.9606,-0.665,0.0599
2014-06-27 00:00:00,725000.0,3.0,2.5,3580,54450.0,1.5,0,0,3,3580,0.0,1990,2009,23115 SE 222nd St,Maple Valley,WA 98038,USA,24,1,1.5961,1.1075,2.1205,-0.665,-0.6458
2014-06-27 00:00:00,430000.0,2.0,1.0,1050,2570.0,1.0,0,0,5,850,0.0,1927,0,6520-6588 8th Ave NW,Seattle,WA 98117,USA,87,0,-1.1633,-0.3391,-1.1524,-0.665,1.4712
2014-06-27 00:00:00,661500.0,5.0,2.5,2500,7200.0,1.0,0,0,4,1490,1010.0,1977,0,16426 NE 107th Pl,Redmond,WA 98052,USA,37,0,0.4182,-0.21,-0.3851,1.5914,-0.209
2014-06-27 00:00:00,738000.0,3.0,3.0,2630,4896.0,2.0,0,0,3,2630,0.0,2006,0,10342 155th Ave NE,Redmond,WA 98052,USA,8,0,0.5599,-0.2742,0.9816,-0.665,-1.1835
2014-06-27 00:00:00,1820000.0,4.0,4.5,6640,53330.0,2.0,0,0,3,6640,0.0,1993,0,21909 NE 141st St,Woodinville,WA 98077,USA,21,0,4.9335,1.0762,5.789,-0.665,-0.7466
2014-06-27 00:00:00,221000.0,3.0,1.0,910,8789.0,1.0,0,0,3,910,0.0,1966,1963,636 S 188th St,Seattle,WA 98148,USA,48,1,-1.316,-0.1657,-1.0805,-0.665,0.1607
2014-06-27 00:00:00,665000.0,3.0,2.5,2610,35000.0,2.0,0,0,3,2610,0.0,1988,2000,15325 179th Ave NE,Woodinville,WA 98072,USA,26,1,0.5381,0.5652,0.9576,-0.665,-0.5786
2014-06-27 00:00:00,255000.0,3.0,2.5,1720,6194.0,2.0,0,0,3,1720,0.0,1998,2006,5130 Francis Ct SE,Auburn,WA 98092,USA,16,1,-0.4326,-0.238,-0.1094,-0.665,-0.9146
2014-06-27 00:00:00,1195000.0,5.0,2.75,3650,13297.0,2.0,0,0,5,2750,900.0,1969,0,5912 83rd Pl SE,Mercer Island,WA 98040,USA,45,0,1.6724,-0.04,1.1254,1.3456,0.0599
2014-06-27 00:00:00,355000.0,3.0,1.75,2040,22693.0,1.0,0,0,4,2040,0.0,1980,0,15125 SE 278th Pl,Kent,WA 98042,USA,34,0,-0.0836,0.222,0.2742,-0.665,-0.3098
2014-06-27 00:00:00,755000.0,5.0,2.5,3260,24300.0,1.5,0,1,4,2310,950.0,1950,1983,5121 NE 180th St,Lake Forest Park,WA 98155,USA,64,1,1.2471,0.2668,0.5979,1.4573,0.6983
2014-06-27 00:00:00,300000.0,3.0,1.5,1590,8911.0,1.0,0,0,3,1590,0.0,1956,2001,6615 NE 154th St,Kenmore,WA 98028,USA,58,1,-0.5743,-0.1623,-0.2653,-0.665,0.4967
2014-06-27 00:00:00,500000.0,4.0,1.0,1440,7100.0,1.5,0,0,3,1440,0.0,1906,2014,3006 NW 60th St,Seattle,WA 98107,USA,108,1,-0.7379,-0.2128,-0.4451,-0.665,2.1769
2014-06-27 00:00:00,191000.0,2.0,1.0,900,3400.0,1.0,0,0,5,900,0.0,1905,0,8523 Dallas Ave S,Seattle,WA 98108,USA,109,0,-1.3269,-0.3159,-1.0925,-0.665,2.2105
2014-06-27 00:00:00,315000.0,6.0,4.0,3120,4240.0,2.0,0,2,4,2090,1030.0,1993,0,7945 14th Ave SW,Seattle,WA 98106,USA,21,0,1.0944,-0.2925,0.3342,1.6361,-0.7466
2014-06-27 00:00:00,415000.0,3.0,2.5,1060,1536.0,2.0,0,0,3,1060,0.0,2000,0,2922 NW 85th St,Seattle,WA 98117,USA,14,0,-1.1524,-0.3679,-0.9007,-0.665,-0.9818
2014-06-27 00:00:00,394000.0,4.0,2.5,3000,9793.0,2.0,0,0,3,3000,0.0,2002,0,26309 235th Ave SE,Maple Valley,WA 98038,USA,12,0,0.9635,-0.1377,1.4251,-0.665,-1.049
2014-06-27 00:00:00,490000.0,3.0,2.5,2230,5348.0,2.0,0,0,3,2230,0.0,2000,0,7325 Heather Ave SE,Snoqualmie,WA 98065,USA,14,0,0.1237,-0.2616,0.502,-0.665,-0.9818
2014-06-27 00:00:00,523460.0,5.0,1.75,1890,5000.0,1.5,0,0,3,1090,800.0,1906,2014,1126 NW 58th St,Seattle,WA 98107,USA,108,1,-0.2471,-0.2713,-0.8647,1.1222,2.1769
2014-06-27 00:00:00,550000.0,4.0,3.5,4150,16197.0,2.0,0,0,3,4150,0.0,2006,0,11824 SE 290th Pl,Auburn,WA 98092,USA,8,0,2.2177,0.0409,2.8038,-0.665,-1.1835
2014-06-27 00:00:00,342000.0,3.0,1.75,1780,10409.0,1.0,0,0,3,1280,500.0,1981,2013,15634 129th Pl SE,Renton,WA 98058,USA,33,1,-0.3671,-0.1205,-0.6369,0.452,-0.3434
2014-06-27 00:00:00,560000.0,4.0,2.5,2710,6583.0,2.0,0,0,3,2710,0.0,2003,0,612 Orcas Ave NE,Renton,WA 98059,USA,11,0,0.6472,-0.2272,1.0775,-0.665,-1.0827
2014-06-27 00:00:00,1050000.0,4.0,4.25,4390,13833.0,2.0,0,3,3,3320,1070.0,2003,0,5160 235th Pl SE,Issaquah,WA 98029,USA,11,0,2.4795,-0.025,1.8088,1.7254,-1.0827
2014-06-27 00:00:00,710000.0,2.0,1.5,1640,4080.0,1.5,0,0,5,1540,100.0,1916,0,4532 Latona Ave NE,Seattle,WA 98105,USA,98,0,-0.5198,-0.297,-0.3252,-0.4416,1.8408
2014-06-27 00:00:00,1020000.0,3.0,2.25,1670,4800.0,1.5,0,3,3,1670,0.0,1903,2005,715 W Howe St,Seattle,WA 98119,USA,111,1,-0.4871,-0.2769,-0.1693,-0.665,2.2777
2014-06-27 00:00:00,399950.0,3.0,2.5,2570,7663.0,2.0,0,0,3,2570,0.0,1989,0,9531 S 204th Pl,Kent,WA 98031,USA,25,0,0.4945,-0.1971,0.9096,-0.665,-0.6122
2014-06-27 00:00:00,480000.0,2.0,1.0,1500,3420.0,1.0,0,0,3,1500,0.0,1902,0,4422 Woodlawn Ave N,Seattle,WA 98103,USA,112,0,-0.6725,-0.3154,-0.3732,-0.665,2.3113
2014-06-27 00:00:00,410000.0,3.0,1.0,2710,19000.0,2.0,0,3,4,2710,0.0,1950,1983,17449 Sylvester Rd SW,Burien,WA 98166,USA,64,1,0.6472,0.119,1.0775,-0.665,0.6983
2014-06-27 00:00:00,530000.0,4.0,1.75,2860,48351.0,1.0,0,0,3,1710,1150.0,1978,0,18926 NE 183rd St,Woodinville,WA 98077,USA,36,0,0.8108,0.9374,-0.1214,1.9042,-0.2426
2014-06-27 00:00:00,528000.0,2.0,0.75,840,40642.0,1.0,1,4,4,840,0.0,1937,0,8907 SW Quartermaster Dr,Vashon,WA 98070,USA,77,0,-1.3923,0.7225,-1.1644,-0.665,1.1352
2014-06-27 00:00:00,469900.0,4.0,2.5,2990,8913.0,2.0,0,0,4,2990,0.0,1991,0,18626 136th Pl SE,Renton,WA 98058,USA,23,0,0.9526,-0.1622,1.4132,-0.665,-0.6794
2014-06-27 00:00:00,397000.0,5.0,1.0,1170,6757.0,1.0,0,0,4,800,370.0,1944,0,14327 24th Ave NE,Seattle,WA 98125,USA,70,0,-1.0324,-0.2223,-1.2124,0.1616,0.8999
2014-06-27 00:00:00,718500.0,3.0,1.5,1200,6240.0,1.0,0,0,3,1030,170.0,1952,2008,326 36th Ave E,Seattle,WA 98112,USA,62,1,-0.9997,-0.2367,-0.9366,-0.2852,0.6311
2014-06-27 00:00:00,195000.0,2.0,1.0,1020,8100.0,1.0,0,0,3,1020,0.0,1940,1996,11819 1st Avenue South,Seattle,WA 98168,USA,74,1,-1.196,-0.1849,-0.9486,-0.665,1.0344
2014-06-27 00:00:00,285000.0,2.0,1.0,910,8155.0,1.0,0,0,4,910,0.0,1948,0,15322 26th Ave NE,Shoreline,WA 98155,USA,66,0,-1.316,-0.1834,-1.0805,-0.665,0.7655
2014-06-27 00:00:00,295000.0,1.0,1.0,700,2500.0,1.0,0,0,4,700,0.0,1907,0,4108 25th Ave SW,Seattle,WA 98106,USA,107,0,-1.545,-0.341,-1.3322,-0.665,2.1433
2014-06-27 00:00:00,602000.0,4.0,1.75,2420,37800.0,1.0,0,0,4,1880,540.0,1981,0,23607 NE 72nd St,Redmond,WA 98053,USA,33,0,0.3309,0.6432,0.0824,0.5414,-0.3434
2014-06-27 00:00:00,235000.0,3.0,1.75,1950,8712.0,1.0,0,0,3,1950,0.0,1960,2012,18201-18223 114th Ave SE,Renton,WA 98055,USA,54,1,-0.1817,-0.1678,0.1663,-0.665,0.3623
2014-06-27 00:00:00,465000.0,4.0,2.5,3060,6000.0,2.0,0,0,3,3060,0.0,2012,1912,21212 SE 260th St,Maple Valley,WA 98038,USA,2,1,1.0289,-0.2434,1.4971,-0.665,-1.3851
2014-06-27 00:00:00,234000.0,4.0,1.0,1390,18000.0,1.0,0,0,3,1390,0.0,1955,2013,3915 S 238th St,Kent,WA 98032,USA,59,1,-0.7925,0.0912,-0.505,-0.665,0.5303
2014-06-27 00:00:00,504200.0,2.0,1.5,1200,1687.0,3.0,0,0,3,1200,0.0,2008,0,3467 Meridian Ave N,Seattle,WA 98103,USA,6,0,-0.9997,-0.3637,-0.7328,-0.665,-1.2507
2014-06-27 00:00:00,710000.0,3.0,2.5,2440,4153.0,2.0,0,0,3,2440,0.0,2003,0,6625 188th Pl NE,Redmond,WA 98052,USA,11,0,0.3527,-0.2949,0.7538,-0.665,-1.0827
2014-06-27 00:00:00,589500.0,3.0,3.25,2310,3075.0,2.0,0,0,3,1730,580.0,2005,0,4405 40th Ave SW,Seattle,WA 98116,USA,9,0,0.2109,-0.325,-0.0974,0.6307,-1.1499
2014-06-27 00:00:00,415000.0,3.0,2.75,2600,64626.0,1.5,0,0,3,2600,0.0,2009,0,69506 NE Money Creek Rd,Skykomish,WA 98288,USA,5,0,0.5272,1.3912,0.9456,-0.665,-1.2843
2014-06-27 00:00:00,735000.0,3.0,2.25,1490,7663.0,2.0,0,0,3,1040,450.0,2011,0,425 15th Ave E,Seattle,WA 98112,USA,3,0,-0.6834,-0.1971,-0.9246,0.3403,-1.3515
2014-06-27 00:00:00,427000.0,3.0,2.5,2432,9391.0,2.0,0,2,3,2432,0.0,2005,0,28461 54th Ave S,Federal Way,WA 98001,USA,9,0,0.344,-0.1489,0.7442,-0.665,-1.1499
2014-06-27 00:00:00,982000.0,4.0,2.75,3610,8580.0,2.0,0,0,3,3610,0.0,2014,0,12440 NE 73rd St,Kirkland,WA 98033,USA,0,0,1.6288,-0.1715,2.1565,-0.665,-1.4523
2014-06-27 00:00:00,459000.0,4.0,3.0,2530,10000.0,2.0,0,0,3,2530,0.0,2013,1923,111 S 192nd St,Burien,WA 98148,USA,1,1,0.4509,-0.1319,0.8617,-0.665,-1.4187
2014-06-27 00:00:00,483453.0,4.0,2.75,2790,5527.0,2.0,0,0,3,2790,0.0,2014,0,897 SE 11th St,North Bend,WA 98045,USA,0,0,0.7344,-0.2566,1.1734,-0.665,-1.4523
2014-06-27 00:00:00,246950.0,3.0,3.0,1670,4440.0,1.0,0,0,3,1670,0.0,2014,0,495 Petersen Dr E,Enumclaw,WA 98022,USA,0,0,-0.4871,-0.2869,-0.1693,-0.665,-1.4523
2014-06-27 00:00:00,235000.0,1.0,1.5,1170,1456.0,2.0,0,0,3,1070,100.0,2007,0,3003 SW Cycle Ct,Seattle,WA 98126,USA,7,0,-1.0324,-0.3701,-0.8887,-0.4416,-1.2171
2014-06-27 00:00:00,288790.0,4.0,2.0,1350,942.0,3.0,0,0,3,1350,0.0,2008,0,916 4th Ave NE,Issaquah,WA 98029,USA,6,0,-0.8361,-0.3845,-0.553,-0.665,-1.2507
2014-06-27 00:00:00,229800.0,2.0,1.75,1110,1773.0,2.0,0,0,3,1110,0.0,2014,0,4217 Renton Ave S,Seattle,WA 98108,USA,0,0,-1.0979,-0.3613,-0.8407,-0.665,-1.4523
2014-06-27 00:00:00,516500.0,1.0,1.25,1100,638.0,3.0,0,0,3,1100,0.0,2014,0,416 19th Ave E,Seattle,WA 98112,USA,0,0,-1.1088,-0.3929,-0.8527,-0.665,-1.4523
2014-06-28 00:00:00,1600000.0,3.0,4.25,2820,7200.0,2.0,0,0,4,2460,360.0,1930,0,3221 E Morley Way,Seattle,WA 98112,USA,84,0,0.7672,-0.21,0.7778,0.1393,1.3704
2014-06-28 00:00:00,234000.0,3.0,1.0,1040,8128.0,1.0,0,0,3,1040,0.0,1983,2009,26720 NE Stewart St,Duvall,WA 98019,USA,31,1,-1.1742,-0.1841,-0.9246,-0.665,-0.4106
2014-06-28 00:00:00,230000.0,2.0,1.75,1910,3376.0,2.0,0,0,3,1910,0.0,1980,0,213th Ave SE,Maple Valley,WA 98038,USA,34,0,-0.2253,-0.3166,0.1184,-0.665,-0.3098
2014-06-28 00:00:00,300000.0,4.0,1.0,1370,8499.0,1.0,0,0,3,1370,0.0,1949,1998,14709 26th Ave NE,Shoreline,WA 98155,USA,65,1,-0.8143,-0.1738,-0.529,-0.665,0.7319
2014-06-28 00:00:00,470000.0,3.0,1.5,1500,5000.0,1.5,0,0,4,1140,360.0,1927,0,6737-6741 13th Ave NW,Seattle,WA 98117,USA,87,0,-0.6725,-0.2713,-0.8047,0.1393,1.4712
2014-06-28 00:00:00,339900.0,3.0,1.0,1200,9087.0,1.0,0,0,5,1200,0.0,1969,0,8860 122nd Ct SE,Newcastle,WA 98056,USA,45,0,-0.9997,-0.1574,-0.7328,-0.665,0.0599
2014-06-28 00:00:00,650000.0,2.0,1.0,1050,2542.0,1.0,0,0,3,880,170.0,1904,0,1723 27th Ave,Seattle,WA 98122,USA,110,0,-1.1633,-0.3399,-1.1165,-0.2852,2.2441
2014-06-28 00:00:00,585000.0,5.0,2.5,2670,16777.0,1.5,0,0,4,1620,1050.0,1920,0,2500 NE 100th St,Seattle,WA 98125,USA,94,0,0.6036,0.0571,-0.2293,1.6808,1.7064
2014-06-28 00:00:00,699900.0,4.0,2.5,2190,11500.0,1.0,0,0,4,1430,760.0,1972,0,4421 145th Ave SE,Bellevue,WA 98006,USA,42,0,0.08,-0.0901,-0.4571,1.0329,-0.0409
2014-06-28 00:00:00,598000.0,4.0,2.5,3130,40918.0,2.0,0,0,3,3130,0.0,1994,0,46300 SE 137th St,North Bend,WA 98045,USA,20,0,1.1053,0.7302,1.581,-0.665,-0.7802
2014-06-28 00:00:00,475000.0,3.0,2.5,1700,9100.0,1.0,0,0,3,1160,540.0,1998,2006,7318 36th Ave SW,Seattle,WA 98126,USA,16,1,-0.4544,-0.157,-0.7808,0.5414,-0.9146
2014-06-28 00:00:00,314500.0,3.0,1.75,1700,17355.0,1.0,0,0,3,1200,500.0,1978,0,26522 214th Ave SE,Maple Valley,WA 98038,USA,36,0,-0.4544,0.0732,-0.7328,0.452,-0.2426
2014-06-29 00:00:00,397000.0,3.0,3.5,1360,1275.0,2.0,0,0,3,1240,120.0,2007,0,1337 14th Ave S,Seattle,WA 98144,USA,7,0,-0.8252,-0.3752,-0.6849,-0.3969,-1.2171
2014-06-29 00:00:00,345000.0,3.0,2.0,1610,15005.0,1.0,0,0,4,1610,0.0,1986,0,31907 NE 102nd Pl,Carnation,WA 98014,USA,28,0,-0.5525,0.0076,-0.2413,-0.665,-0.5114
2014-06-29 00:00:00,325000.0,5.0,2.75,2130,6222.0,1.0,0,0,3,1300,830.0,1991,0,4443 S Camano Pl,Seattle,WA 98118,USA,23,0,0.0146,-0.2372,-0.6129,1.1893,-0.6794
2014-06-29 00:00:00,265000.0,3.0,1.0,1800,7650.0,1.0,0,0,5,1800,0.0,1957,0,600 Jefferson Ave NE,Renton,WA 98056,USA,57,0,-0.3453,-0.1974,-0.0135,-0.665,0.4631
2014-06-29 00:00:00,402000.0,4.0,2.75,2950,15540.0,1.0,0,0,4,2120,830.0,1974,0,24204-24298 142nd Ave SE,Kent,WA 98042,USA,40,0,0.909,0.0226,0.3701,1.1893,-0.1082
2014-06-29 00:00:00,835000.0,3.0,2.25,2120,54014.0,2.0,0,0,4,2120,0.0,1964,0,4204 134th Ave NE,Bellevue,WA 98005,USA,50,0,0.0037,1.0953,0.3701,-0.665,0.2279
2014-06-30 00:00:00,780000.0,4.0,2.5,3500,7048.0,2.0,0,0,3,3500,0.0,2005,0,8906-8914 236th Ave NE,Redmond,WA 98053,USA,9,0,1.5088,-0.2142,2.0246,-0.665,-1.1499
2014-06-30 00:00:00,250000.0,3.0,2.0,1440,9220.0,1.0,0,0,3,1440,0.0,1965,1993,25816 13th Pl S,Des Moines,WA 98198,USA,49,1,-0.7379,-0.1537,-0.4451,-0.665,0.1943
2014-06-30 00:00:00,1200000.0,4.0,2.0,2120,3360.0,2.0,0,0,3,2120,0.0,1905,2010,420 17th Ave E,Seattle,WA 98112,USA,109,1,0.0037,-0.317,0.3701,-0.665,2.2105
2014-06-30 00:00:00,935000.0,2.0,2.5,1780,2067.0,2.0,0,0,5,1780,0.0,1974,0,223 98th Ave NE,Bellevue,WA 98004,USA,40,0,-0.3671,-0.3531,-0.0375,-0.665,-0.1082
2014-06-30 00:00:00,300000.0,2.0,1.0,960,8153.0,1.0,0,0,3,960,0.0,1947,2012,2610 NE 145th St,Shoreline,WA 98155,USA,67,1,-1.2615,-0.1834,-1.0205,-0.665,0.7991
2014-06-30 00:00:00,419000.0,2.0,1.75,1510,4980.0,1.0,0,0,3,1510,0.0,2006,0,13471 Adair Creek Way NE,Redmond,WA 98053,USA,8,0,-0.6616,-0.2719,-0.3612,-0.665,-1.1835
2014-06-30 00:00:00,410000.0,1.0,1.5,1010,5750.0,1.0,0,0,3,1010,0.0,1911,1948,4611 SW Maple Way,Seattle,WA 98136,USA,103,1,-1.2069,-0.2504,-0.9606,-0.665,2.0089
2014-06-30 00:00:00,1165000.0,3.0,3.0,3790,5001.0,2.0,0,0,3,2810,980.0,1989,0,3809 E Alder St,Seattle,WA 98122,USA,25,0,1.8251,-0.2713,1.1974,1.5244,-0.6122
2014-06-30 00:00:00,461000.0,3.0,1.75,3600,8666.0,2.0,0,0,4,2400,1200.0,1948,0,13017 NE 100th St,Kirkland,WA 98033,USA,66,0,1.6179,-0.1691,0.7058,2.0159,0.7655
2014-06-30 00:00:00,385000.0,3.0,1.75,1300,7030.0,1.0,0,0,3,1300,0.0,1968,1997,13420 121st Ave NE,Kirkland,WA 98034,USA,46,1,-0.8906,-0.2147,-0.6129,-0.665,0.0935
2014-06-30 00:00:00,669500.0,4.0,2.25,2500,4046.0,1.5,0,0,4,1520,980.0,1940,2001,8044 20th Ave NW,Seattle,WA 98117,USA,74,1,0.4182,-0.2979,-0.3492,1.5244,1.0344
2014-06-30 00:00:00,491950.0,3.0,2.25,2090,7663.0,1.0,0,0,3,1440,650.0,1958,2004,4401 NE 95th St,Seattle,WA 98115,USA,56,1,-0.029,-0.1971,-0.4451,0.7871,0.4295
2014-06-30 00:00:00,1230000.0,3.0,1.75,2200,14630.0,1.5,0,1,3,2200,0.0,1948,2003,9329 SE Shoreland Dr,Bellevue,WA 98004,USA,66,1,0.091,-0.0028,0.4661,-0.665,0.7655
2014-06-30 00:00:00,560000.0,3.0,2.25,2070,15002.0,1.5,0,0,3,2070,0.0,1955,2013,5121 NE 187th St,Lake Forest Park,WA 98155,USA,59,1,-0.0508,0.0076,0.3102,-0.665,0.5303
2014-06-30 00:00:00,370000.0,3.0,1.0,1320,7341.0,1.0,0,0,3,1320,0.0,1982,0,14744 31st Ave NE,Shoreline,WA 98155,USA,32,0,-0.8688,-0.206,-0.5889,-0.665,-0.377
2014-06-30 00:00:00,263400.0,4.0,2.0,1360,60548.0,1.0,0,0,3,960,400.0,1960,2012,36656 55th Pl S,Auburn,WA 98001,USA,54,1,-0.8252,1.2775,-1.0205,0.2286,0.3623
2014-06-30 00:00:00,100000.0,2.0,1.0,930,7623.0,1.0,0,0,2,930,0.0,1942,0,1038 SW 152nd St,Burien,WA 98166,USA,72,0,-1.2942,-0.1982,-1.0565,-0.665,0.9672
2014-06-30 00:00:00,289950.0,3.0,2.5,1760,8584.0,1.5,0,0,5,1760,0.0,1937,0,15827 7th Pl S,Burien,WA 98148,USA,77,0,-0.3889,-0.1714,-0.0614,-0.665,1.1352
2014-06-30 00:00:00,263000.0,3.0,1.75,1410,8100.0,2.0,0,0,3,1410,0.0,1985,0,22036 SE 268th St,Maple Valley,WA 98038,USA,29,0,-0.7707,-0.1849,-0.4811,-0.665,-0.4778
2014-06-30 00:00:00,397500.0,4.0,2.5,2570,7859.0,2.0,0,0,3,2570,0.0,1992,0,22200 SE 255th St,Maple Valley,WA 98038,USA,22,0,0.4945,-0.1916,0.9096,-0.665,-0.713
2014-06-30 00:00:00,245000.0,3.0,2.75,1300,14197.0,1.0,0,0,3,860,440.0,1996,0,11748 SE 264th St,Kent,WA 98030,USA,18,0,-0.8906,-0.0149,-1.1404,0.318,-0.8474
2014-06-30 00:00:00,535000.0,3.0,1.0,1580,6300.0,1.0,0,0,3,1180,400.0,1925,2002,2108 W Bertona St,Seattle,WA 98199,USA,89,1,-0.5853,-0.2351,-0.7568,0.2286,1.5384
2014-06-30 00:00:00,449000.0,4.0,2.5,2960,6031.0,2.0,0,0,3,2960,0.0,2005,0,22614 SE 270th Pl,Maple Valley,WA 98038,USA,9,0,0.9199,-0.2426,1.3772,-0.665,-1.1499
2014-06-30 00:00:00,490000.0,4.0,3.0,2330,3497.0,2.0,0,0,3,1920,410.0,2003,0,5294-5296 19th Pl S,Seattle,WA 98108,USA,11,0,0.2327,-0.3132,0.1304,0.251,-1.0827
2014-06-30 00:00:00,445800.0,4.0,2.25,2070,39446.0,1.0,0,0,3,1470,600.0,1977,2004,20143 47th Ave NE,Lake Forest Park,WA 98155,USA,37,1,-0.0508,0.6891,-0.4091,0.6754,-0.209
2014-06-30 00:00:00,345000.0,2.0,1.0,970,5750.0,1.0,0,0,4,970,0.0,1932,1958,5601 29th Ave SW,Seattle,WA 98126,USA,82,1,-1.2506,-0.2504,-1.0086,-0.665,1.3032
2014-06-30 00:00:00,327500.0,3.0,2.25,2310,7200.0,2.0,0,0,3,2310,0.0,1990,2009,11103 SE 219th Pl,Kent,WA 98031,USA,24,1,0.2109,-0.21,0.5979,-0.665,-0.6458
2014-06-30 00:00:00,436500.0,4.0,2.5,2290,11173.0,2.0,0,0,4,2290,0.0,1988,0,133rd Ave SE,Renton,WA 98058,USA,26,0,0.1891,-0.0992,0.574,-0.665,-0.5786
2014-06-30 00:00:00,550000.0,3.0,2.25,1720,9600.0,1.0,0,0,4,1220,500.0,1967,0,5606 160th Ave NE,Redmond,WA 98052,USA,47,0,-0.4326,-0.1431,-0.7088,0.452,0.1271
2014-06-30 00:00:00,441000.0,2.0,1.5,1190,3400.0,1.0,0,0,3,990,200.0,1919,2001,6008 8th Ave NE,Seattle,WA 98115,USA,95,1,-1.0106,-0.3159,-0.9846,-0.2182,1.74
2014-06-30 00:00:00,406500.0,2.0,1.0,870,5750.0,1.0,0,0,4,870,0.0,1947,1988,4437 49th Ave SW,Seattle,WA 98116,USA,67,1,-1.3596,-0.2504,-1.1284,-0.665,0.7991
2014-06-30 00:00:00,243000.0,2.0,1.5,1068,1758.0,2.0,0,0,3,1068,0.0,1990,2009,7231 NE 171st Ln,Kenmore,WA 98028,USA,24,1,-1.1437,-0.3617,-0.8911,-0.665,-0.6458
2014-06-30 00:00:00,359500.0,4.0,2.75,2140,10316.0,2.0,0,0,3,2140,0.0,1993,0,27721 48th Ave S,Auburn,WA 98001,USA,21,0,0.0255,-0.1231,0.3941,-0.665,-0.7466
2014-06-30 00:00:00,760000.0,4.0,2.5,3300,165528.0,2.0,0,0,3,3300,0.0,1984,0,19014 233rd Ave NE,Woodinville,WA 98077,USA,30,0,1.2907,4.2046,1.7848,-0.665,-0.4442
2014-06-30 00:00:00,1925000.0,5.0,4.25,4830,8050.0,2.5,0,2,4,3710,1120.0,1914,1945,2653 Cascadia Ave S,Seattle,WA 98144,USA,100,1,2.9594,-0.1863,2.2763,1.8371,1.9081
2014-06-30 00:00:00,408000.0,5.0,3.25,2820,6589.0,1.5,0,0,3,2320,500.0,1906,2014,7403 48th Ave S,Seattle,WA 98118,USA,108,1,0.7672,-0.227,0.6099,0.452,2.1769
2014-06-30 00:00:00,480000.0,4.0,3.0,2440,9664.0,2.0,0,0,3,1890,550.0,1981,2013,18713 66th Ave NE,Kenmore,WA 98028,USA,33,1,0.3527,-0.1413,0.0944,0.5637,-0.3434
2014-06-30 00:00:00,875000.0,4.0,1.5,1800,3245.0,1.5,0,0,4,1800,0.0,1929,0,2304 N 44th St,Seattle,WA 98103,USA,85,0,-0.3453,-0.3203,-0.0135,-0.665,1.404
2014-06-30 00:00:00,308000.0,3.0,1.0,1010,8800.0,1.0,0,0,4,1010,0.0,1954,1979,5968 44th Ave S,Seattle,WA 98118,USA,60,1,-1.2069,-0.1654,-0.9606,-0.665,0.5639
2014-06-30 00:00:00,880000.0,4.0,2.75,3220,4392.0,1.5,0,0,4,2320,900.0,1931,0,5720 Princeton Ave NE,Seattle,WA 98105,USA,83,0,1.2034,-0.2883,0.6099,1.3456,1.3368
2014-06-30 00:00:00,1730000.0,5.0,3.5,5000,26540.0,2.0,0,3,3,3410,1590.0,2008,0,4419 Ferncroft Rd,Mercer Island,WA 98040,USA,6,0,3.1448,0.3293,1.9167,2.8871,-1.2507
2014-06-30 00:00:00,170000.0,2.0,1.0,1200,24792.0,2.0,0,0,2,1200,0.0,1976,0,3009 W Ames Lake Dr NE,Redmond,WA 98053,USA,38,0,-0.9997,0.2805,-0.7328,-0.665,-0.1754
2014-06-30 00:00:00,491500.0,3.0,2.25,1470,4322.0,2.0,0,0,3,1470,0.0,1985,0,4327 242nd Pl SE,Issaquah,WA 98029,USA,29,0,-0.7052,-0.2902,-0.4091,-0.665,-0.4778
2014-06-30 00:00:00,515000.0,3.0,2.5,2600,4506.0,2.0,0,0,3,2600,0.0,2003,0,14811 89th Pl NE,Kenmore,WA 98028,USA,11,0,0.5272,-0.2851,0.9456,-0.665,-1.0827
2014-06-30 00:00:00,550000.0,4.0,1.5,2750,128502.0,1.0,0,0,2,1500,1250.0,1958,0,18647 108th Ave SE,Renton,WA 98055,USA,56,0,0.6908,3.1722,-0.3732,2.1276,0.4295
2014-06-30 00:00:00,255000.0,2.0,1.0,1320,9967.0,1.0,0,0,3,940,380.0,1919,2001,3822 Martin Luther King Jr Way S,Seattle,WA 98108,USA,95,1,-0.8688,-0.1328,-1.0445,0.1839,1.74
2014-06-30 00:00:00,635000.0,3.0,2.5,3350,4007.0,2.0,0,0,3,2550,800.0,2005,0,10068 NE 142nd Pl,Kirkland,WA 98034,USA,9,0,1.3452,-0.299,0.8857,1.1222,-1.1499
2014-06-30 00:00:00,850000.0,3.0,2.25,2650,2387.0,2.0,0,0,3,1830,820.0,1920,1979,408 W Lee St,Seattle,WA 98119,USA,94,1,0.5818,-0.3442,0.0225,1.1669,1.7064
2014-06-30 00:00:00,265000.0,2.0,2.0,1860,10856.0,1.0,0,0,3,1260,600.0,1952,2008,11263-11611 Beacon Ave S,Seattle,WA 98178,USA,62,1,-0.2799,-0.108,-0.6609,0.6754,0.6311
2014-06-30 00:00:00,349810.0,3.0,1.0,960,8855.0,1.0,0,0,4,960,0.0,1958,1972,137 NE 193rd St,Shoreline,WA 98155,USA,56,1,-1.2615,-0.1638,-1.0205,-0.665,0.4295
2014-06-30 00:00:00,972000.0,4.0,1.75,2010,6300.0,1.0,0,2,5,1610,400.0,1937,0,2827 43rd Ave W,Seattle,WA 98199,USA,77,0,-0.1163,-0.2351,-0.2413,0.2286,1.1352
2014-06-30 00:00:00,235000.0,2.0,1.0,900,28800.0,1.0,0,0,1,900,0.0,1928,0,8406 Railroad Ave,Snoqualmie,WA 98065,USA,86,0,-1.3269,0.3923,-1.0925,-0.665,1.4376
2014-06-30 00:00:00,330000.0,4.0,2.5,2340,11784.0,2.0,0,0,3,2340,0.0,1997,0,24200-24498 144th Ave SE,Kent,WA 98042,USA,17,0,0.2436,-0.0822,0.6339,-0.665,-0.881
2014-06-30 00:00:00,500000.0,4.0,3.0,3720,15048.0,3.0,0,0,3,3720,0.0,1979,2014,10218 147th Ave SE,Renton,WA 98059,USA,35,1,1.7488,0.0088,2.2883,-0.665,-0.2762
2014-06-30 00:00:00,570000.0,3.0,2.0,1890,7663.0,1.0,0,0,3,1470,420.0,1949,2013,12933 SE 46th Ln,Bellevue,WA 98006,USA,65,1,-0.2471,-0.1971,-0.4091,0.2733,0.7319
2014-06-30 00:00:00,1309500.0,4.0,2.5,2680,12215.0,1.0,1,4,3,1590,1090.0,1956,2001,18051 Normandy Terrace SW,Normandy Park,WA 98166,USA,58,1,0.6145,-0.0701,-0.2653,1.7701,0.4967
2014-06-30 00:00:00,544000.0,3.0,2.5,1460,1613.0,2.0,0,0,3,1180,280.0,2007,0,6710 Alonzo Ave NW,Seattle,WA 98117,USA,7,0,-0.7161,-0.3658,-0.7568,-0.0395,-1.2171
2014-06-30 00:00:00,439000.0,3.0,2.5,3180,7904.0,1.0,0,0,3,1810,1370.0,2006,0,2813 NE 4th Ct,Renton,WA 98056,USA,8,0,1.1598,-0.1904,-0.0015,2.3956,-1.1835
2014-06-30 00:00:00,530000.0,4.0,2.25,1980,15086.0,2.0,0,0,3,1980,0.0,1981,2013,20703 NE 42nd Pl,Sammamish,WA 98074,USA,33,1,-0.149,0.0099,0.2023,-0.665,-0.3434
2014-06-30 00:00:00,427500.0,2.0,2.0,1090,934.0,3.0,0,0,3,1090,0.0,2008,0,1700 Dexter Ave N,Seattle,WA 98109,USA,6,0,-1.1197,-0.3847,-0.8647,-0.665,-1.2507
2014-06-30 00:00:00,337000.0,4.0,2.5,2230,5970.0,2.0,0,0,4,2230,0.0,2002,0,15731 SE 253rd Pl,Covington,WA 98042,USA,12,0,0.1237,-0.2443,0.502,-0.665,-1.049
2014-06-30 00:00:00,1095000.0,4.0,2.75,3330,9143.0,2.0,0,0,4,3330,0.0,1995,0,11217 NE 90th St,Kirkland,WA 98033,USA,19,0,1.3234,-0.1558,1.8208,-0.665,-0.8138
2014-06-30 00:00:00,435000.0,4.0,2.0,1880,3840.0,1.0,0,0,3,970,910.0,1904,0,1101 23rd Ave S,Seattle,WA 98144,USA,110,0,-0.2581,-0.3037,-1.0086,1.368,2.2441
2014-06-30 00:00:00,765000.0,5.0,3.0,2870,5700.0,1.0,0,0,3,1950,920.0,1964,2000,4520 Sunnyside Ave N,Seattle,WA 98103,USA,50,1,0.8217,-0.2518,0.1663,1.3903,0.2279
2014-06-30 00:00:00,492650.0,4.0,1.75,2120,9786.0,1.0,0,0,3,1640,480.0,1967,2011,520 NW 201st Pl,Shoreline,WA 98177,USA,47,1,0.0037,-0.1379,-0.2053,0.4073,0.1271
2014-06-30 00:00:00,383962.0,4.0,2.5,2700,6998.0,2.0,0,0,3,2700,0.0,2001,0,14911 57th Ave S,Tukwila,WA 98168,USA,13,0,0.6363,-0.2156,1.0655,-0.665,-1.0154
2014-06-30 00:00:00,950000.0,4.0,2.5,3670,7680.0,2.5,0,0,3,3670,0.0,2007,0,2913 NE Davis Loop,Issaquah,WA 98029,USA,7,0,1.6942,-0.1966,2.2284,-0.665,-1.2171
2014-06-30 00:00:00,457000.0,3.0,2.5,1220,1330.0,2.0,0,0,3,1010,210.0,2008,0,8354 11th Ave NW,Seattle,WA 98117,USA,6,0,-0.9779,-0.3737,-0.9606,-0.1958,-1.2507
2014-06-30 00:00:00,1510000.0,5.0,3.25,4390,11250.0,2.0,0,0,3,4390,0.0,2007,0,8442 SE 36th St,Mercer Island,WA 98040,USA,7,0,2.4795,-0.0971,3.0916,-0.665,-1.2171
2014-06-30 00:00:00,882566.0,4.0,2.5,3560,5265.0,3.0,0,0,3,3560,0.0,2014,0,17122 NE 117th St,Redmond,WA 98052,USA,0,0,1.5743,-0.2639,2.0965,-0.665,-1.4523
2014-06-30 00:00:00,963000.0,4.0,3.25,3530,8589.0,2.0,0,0,3,3530,0.0,2007,0,10815 110th Ave NE,Kirkland,WA 98033,USA,7,0,1.5415,-0.1713,2.0605,-0.665,-1.2171
2014-06-30 00:00:00,345000.0,4.0,2.5,2280,5000.0,2.0,0,0,3,2280,0.0,2006,0,27019 228th Pl SE,Maple Valley,WA 98038,USA,8,0,0.1782,-0.2713,0.562,-0.665,-1.1835
2014-06-30 00:00:00,2065000.0,4.0,3.75,4350,7965.0,2.0,0,0,3,4350,0.0,2013,1923,2000-2098 102nd Ave NE,Bellevue,WA 98004,USA,1,1,2.4359,-0.1886,3.0436,-0.665,-1.4187
2014-07-01 00:00:00,800000.0,3.0,3.5,3830,221284.0,2.0,0,0,3,3530,300.0,1993,0,18810 236th Ave NE,Woodinville,WA 98077,USA,21,0,1.8687,5.7592,2.0605,0.0052,-0.7466
2014-07-01 00:00:00,314500.0,3.0,2.0,2050,13303.0,1.0,0,0,3,2050,0.0,1993,0,37128 19th Way S,Federal Way,WA 98003,USA,21,0,-0.0726,-0.0398,0.2862,-0.665,-0.7466
2014-07-01 00:00:00,530000.0,3.0,2.5,3660,39478.0,2.0,0,2,4,3260,400.0,1989,0,27699 SE 401st St,Enumclaw,WA 98022,USA,25,0,1.6833,0.69,1.7369,0.2286,-0.6122
2014-07-01 00:00:00,650000.0,4.0,2.5,3350,46748.0,2.0,0,0,3,3350,0.0,2004,2003,28815 237th Pl SE,Black Diamond,WA 98010,USA,10,1,1.3452,0.8927,1.8447,-0.665,-1.1163
2014-07-01 00:00:00,349500.0,3.0,2.0,1270,3600.0,1.0,0,0,3,1270,0.0,1963,2008,2709 E Marion St,Seattle,WA 98122,USA,51,1,-0.9234,-0.3104,-0.6489,-0.665,0.2615
2014-07-01 00:00:00,1198000.0,4.0,3.5,3400,3850.0,2.5,0,0,3,2790,610.0,2008,0,2303 E Valley St,Seattle,WA 98112,USA,6,0,1.3997,-0.3034,1.1734,0.6978,-1.2507
2014-07-01 00:00:00,165050.0,3.0,1.0,1200,8514.0,1.0,0,0,3,1200,0.0,1959,1989,1419 Farrelly St,Enumclaw,WA 98022,USA,55,1,-0.9997,-0.1733,-0.7328,-0.665,0.3959
2014-07-01 00:00:00,580000.0,3.0,2.5,2200,11000.0,2.0,0,2,3,2200,0.0,1978,0,1430-1920 W Lake Sammamish Pkwy SE,Bellevue,WA 98008,USA,36,0,0.091,-0.104,0.4661,-0.665,-0.2426
2014-07-01 00:00:00,330000.0,3.0,2.5,1680,11312.0,1.0,0,0,3,1080,600.0,1959,1989,10843-10857 8th Ave SW,Seattle,WA 98146,USA,55,1,-0.4762,-0.0953,-0.8767,0.6754,0.3959
2014-07-01 00:00:00,875000.0,5.0,3.5,3840,8279.0,2.0,0,0,3,3840,0.0,2001,0,21033 SE 5th St,Sammamish,WA 98074,USA,13,0,1.8796,-0.1799,2.4322,-0.665,-1.0154
2014-07-01 00:00:00,500000.0,2.0,1.0,950,4500.0,1.0,0,2,3,850,100.0,1926,2003,4024 Phinney Ave N,Seattle,WA 98103,USA,88,1,-1.2724,-0.2853,-1.1524,-0.4416,1.5048
2014-07-01 00:00:00,445000.0,4.0,2.5,2280,42077.0,2.0,0,0,3,2280,0.0,1994,0,19901-19999 SE 290th Pl,Kent,WA 98042,USA,20,0,0.1782,0.7625,0.562,-0.665,-0.7802
2014-07-01 00:00:00,274900.0,4.0,2.5,1970,6600.0,2.0,0,0,3,1970,0.0,1987,2000,28206 130th Ave SE,Kent,WA 98030,USA,27,1,-0.1599,-0.2267,0.1903,-0.665,-0.545
2014-07-01 00:00:00,219950.0,3.0,1.5,1620,9310.0,1.0,0,0,4,1620,0.0,1967,0,17459 SE 262nd St,Covington,WA 98042,USA,47,0,-0.5416,-0.1511,-0.2293,-0.665,0.1271
2014-07-01 00:00:00,691500.0,4.0,2.5,2600,7200.0,2.0,0,0,3,2600,0.0,1962,2002,9041 49th Ave NE,Seattle,WA 98115,USA,52,1,0.5272,-0.21,0.9456,-0.665,0.2951
2014-07-01 00:00:00,459500.0,2.0,1.0,1250,3825.0,1.0,0,0,3,850,400.0,1929,0,7031 18th Ave NW,Seattle,WA 98117,USA,85,0,-0.9452,-0.3041,-1.1524,0.2286,1.404
2014-07-01 00:00:00,955500.0,4.0,1.75,2130,5080.0,1.5,0,0,3,2130,0.0,1914,1993,2572 5th Ave W,Seattle,WA 98119,USA,100,1,0.0146,-0.2691,0.3821,-0.665,1.9081
2014-07-01 00:00:00,328950.0,4.0,1.75,2550,8976.0,1.0,0,0,5,1300,1250.0,1978,0,19254 121st Pl SE,Kent,WA 98031,USA,36,0,0.4727,-0.1605,-0.6129,2.1276,-0.2426
2014-07-01 00:00:00,307000.0,3.0,1.0,1150,6000.0,1.5,0,0,3,1150,0.0,1927,2011,227 W 2nd St,North Bend,WA 98045,USA,87,1,-1.0542,-0.2434,-0.7928,-0.665,1.4712
2014-07-01 00:00:00,382500.0,3.0,1.75,1040,9000.0,1.0,0,0,4,1040,0.0,1967,0,425-445 Mt Defiance Cir SW,Issaquah,WA 98027,USA,47,0,-1.1742,-0.1598,-0.9246,-0.665,0.1271
2014-07-01 00:00:00,1150000.0,4.0,2.5,3340,10422.0,2.0,0,0,3,3340,0.0,1996,0,10640 NE 46th St,Kirkland,WA 98033,USA,18,0,1.3343,-0.1201,1.8328,-0.665,-0.8474
2014-07-01 00:00:00,1297000.0,6.0,2.75,2630,9420.0,2.0,0,0,5,2510,120.0,1900,0,5529 Wallingford Ave N,Seattle,WA 98103,USA,114,0,0.5599,-0.1481,0.8377,-0.3969,2.3785
2014-07-01 00:00:00,478000.0,3.0,2.25,1640,3896.0,2.0,0,0,3,1640,0.0,1994,0,4235 250th Pl SE,Issaquah,WA 98029,USA,20,0,-0.5198,-0.3021,-0.2053,-0.665,-0.7802
2014-07-01 00:00:00,260000.0,2.0,1.0,770,7906.0,1.0,0,0,4,770,0.0,1948,0,834 NE 189th St,Shoreline,WA 98155,USA,66,0,-1.4687,-0.1903,-1.2483,-0.665,0.7655
2014-07-01 00:00:00,850000.0,4.0,3.25,4350,112750.0,1.0,0,0,3,2200,2150.0,2006,0,6407 282nd Ave SE,Issaquah,WA 98027,USA,8,0,2.4359,2.733,0.4661,4.1382,-1.1835
2014-07-01 00:00:00,616000.0,4.0,1.75,1700,5846.0,1.0,0,0,3,1700,0.0,1957,2000,4003 W Emerson St,Seattle,WA 98199,USA,57,1,-0.4544,-0.2477,-0.1334,-0.665,0.4631
2014-07-01 00:00:00,540000.0,3.0,1.75,2050,9580.0,1.0,0,0,3,1400,650.0,1984,0,22607 NE 14th Dr,Sammamish,WA 98074,USA,30,0,-0.0726,-0.1436,-0.493,0.7871,-0.4442
2014-07-01 00:00:00,300000.0,3.0,2.25,1660,5128.0,2.0,0,0,3,1660,0.0,2001,0,278th Ave NE,Duvall,WA 98019,USA,13,0,-0.498,-0.2678,-0.1813,-0.665,-1.0154
2014-07-01 00:00:00,507500.0,3.0,1.75,1990,9594.0,1.0,0,0,3,1190,800.0,1977,2004,15311 NE 62nd Ct,Redmond,WA 98052,USA,37,1,-0.1381,-0.1432,-0.7448,1.1222,-0.209
2014-07-01 00:00:00,241000.0,3.0,2.0,1770,7000.0,1.0,0,0,3,1770,0.0,1986,0,30027 58th Pl S,Auburn,WA 98001,USA,28,0,-0.378,-0.2156,-0.0495,-0.665,-0.5114
2014-07-01 00:00:00,485000.0,3.0,2.25,2440,47916.0,2.0,0,0,3,2090,350.0,1991,0,3036 E Ames Lake Dr NE,Redmond,WA 98053,USA,23,0,0.3527,0.9253,0.3342,0.1169,-0.6794
2014-07-01 00:00:00,695000.0,3.0,2.5,2620,51354.0,2.0,0,0,3,2620,0.0,1998,2006,23337 NE 138th Way,Woodinville,WA 98077,USA,16,1,0.549,1.0211,0.9696,-0.665,-0.9146
2014-07-01 00:00:00,548000.0,4.0,2.5,2440,11005.0,2.0,0,0,3,2440,0.0,1994,0,12219 SE 80th Way,Newcastle,WA 98056,USA,20,0,0.3527,-0.1039,0.7538,-0.665,-0.7802
2014-07-01 00:00:00,345000.0,2.0,1.0,1080,7775.0,1.0,0,0,3,1080,0.0,1955,2005,6439 Marshall Ave SW,Seattle,WA 98136,USA,59,1,-1.1306,-0.1939,-0.8767,-0.665,0.5303
2014-07-01 00:00:00,280000.0,3.0,1.0,1090,10710.0,1.0,0,0,4,1090,0.0,1962,0,1048 Redmond Ave NE,Renton,WA 98056,USA,52,0,-1.1197,-0.1121,-0.8647,-0.665,0.2951
2014-07-01 00:00:00,450000.0,3.0,1.75,1400,13775.0,1.0,0,0,3,1400,0.0,1963,2008,6217 NE 156th St,Kenmore,WA 98028,USA,51,1,-0.7816,-0.0267,-0.493,-0.665,0.2615
2014-07-01 00:00:00,515000.0,3.0,2.5,2010,7200.0,2.0,0,0,3,2010,0.0,1994,0,8818 NE 150th St,Kenmore,WA 98028,USA,20,0,-0.1163,-0.21,0.2383,-0.665,-0.7802
2014-07-01 00:00:00,1014250.0,3.0,1.0,1640,12855.0,1.5,0,0,5,1500,140.0,1920,0,720 96th Ave NE,Bellevue,WA 98004,USA,94,0,-0.5198,-0.0523,-0.3732,-0.3522,1.7064
2014-07-01 00:00:00,739900.0,5.0,2.5,3290,5029.0,2.0,0,0,3,3290,0.0,2004,2003,3602 212th Pl SE,Sammamish,WA 98075,USA,10,1,1.2798,-0.2705,1.7728,-0.665,-1.1163
2014-07-01 00:00:00,600000.0,2.0,2.5,2510,14878.0,2.0,0,0,3,2510,0.0,1990,2009,17221 102nd Ave NE,Bothell,WA 98011,USA,24,1,0.4291,0.0041,0.8377,-0.665,-0.6458
2014-07-01 00:00:00,370000.0,2.0,1.0,860,6050.0,1.0,0,0,3,860,0.0,1952,2008,3818 53rd Ave SW,Seattle,WA 98116,USA,62,1,-1.3705,-0.242,-1.1404,-0.665,0.6311
2014-07-01 00:00:00,729032.0,4.0,2.5,2840,12866.0,1.0,0,0,4,1780,1060.0,1977,0,3200 130th Ave NE,Bellevue,WA 98005,USA,37,0,0.789,-0.052,-0.0375,1.7031,-0.209
2014-07-01 00:00:00,510000.0,3.0,1.75,1750,7020.0,2.0,0,0,3,1750,0.0,1934,1978,30734 229th Pl SE,Black Diamond,WA 98010,USA,80,1,-0.3998,-0.215,-0.0734,-0.665,1.236
2014-07-01 00:00:00,425000.0,3.0,1.5,1300,19163.0,1.0,0,0,3,1300,0.0,1964,2000,14011 NE 71st Pl,Redmond,WA 98052,USA,50,1,-0.8906,0.1236,-0.6129,-0.665,0.2279
2014-07-01 00:00:00,1080000.0,3.0,2.75,3890,7216.0,2.0,0,1,3,3260,630.0,1967,2010,5226 S Morgan St,Seattle,WA 98118,USA,47,1,1.9342,-0.2095,1.7369,0.7425,0.1271
2014-07-01 00:00:00,337000.0,3.0,2.25,1460,941.0,3.0,0,0,3,1460,0.0,2006,0,11707 Greenwood Ave N,Seattle,WA 98133,USA,8,0,-0.7161,-0.3845,-0.4211,-0.665,-1.1835
2014-07-01 00:00:00,563000.0,4.0,1.0,1410,3376.0,1.5,0,0,5,1410,0.0,1911,1984,621 NW 44th St,Seattle,WA 98107,USA,103,1,-0.7707,-0.3166,-0.4811,-0.665,2.0089
2014-07-01 00:00:00,1695000.0,4.0,2.75,3770,10900.0,2.0,0,2,5,3070,700.0,1924,1956,3333 S Plum St,Seattle,WA 98144,USA,90,1,1.8033,-0.1068,1.5091,0.8988,1.572
2014-07-01 00:00:00,245000.0,3.0,2.0,1190,4072.0,1.5,0,0,5,1190,0.0,1907,0,8301-8399 47th Ave S,Seattle,WA 98118,USA,107,0,-1.0106,-0.2972,-0.7448,-0.665,2.1433
2014-07-01 00:00:00,590000.0,3.0,2.0,1410,6413.0,1.0,0,0,4,910,500.0,1947,1988,7264 27th Ave NE,Seattle,WA 98115,USA,67,1,-0.7707,-0.2319,-1.0805,0.452,0.7991
2014-07-01 00:00:00,695000.0,3.0,2.0,2500,4080.0,1.5,0,0,5,1680,820.0,1922,1956,922 N 72nd St,Seattle,WA 98103,USA,92,1,0.4182,-0.297,-0.1574,1.1669,1.6392
2014-07-01 00:00:00,402500.0,2.0,1.0,800,2280.0,1.0,0,0,5,800,0.0,1946,0,4235 4th Ave NW,Seattle,WA 98107,USA,68,0,-1.436,-0.3472,-1.2124,-0.665,0.8327
2014-07-01 00:00:00,435000.0,3.0,2.5,2530,13446.0,2.0,0,0,3,2530,0.0,1993,0,28219 NE 149th Pl,Duvall,WA 98019,USA,21,0,0.4509,-0.0358,0.8617,-0.665,-0.7466
2014-07-01 00:00:00,660000.0,3.0,2.0,2570,28500.0,1.0,0,0,3,1970,600.0,1983,2009,15031 NE 144th St,Redmond,WA 98052,USA,31,1,0.4945,0.3839,0.1903,0.6754,-0.4106
2014-07-01 00:00:00,300000.0,3.0,2.75,2090,9620.0,1.0,0,0,3,1340,750.0,1987,2000,36529 2nd Ave SW,Federal Way,WA 98023,USA,27,1,-0.029,-0.1425,-0.565,1.0105,-0.545
2014-07-01 00:00:00,600000.0,5.0,2.25,2980,7781.0,1.0,0,0,3,1580,1400.0,1960,2012,4531 NE 106th St,Seattle,WA 98125,USA,54,1,0.9417,-0.1938,-0.2772,2.4627,0.3623
2014-07-01 00:00:00,205000.0,3.0,1.75,1170,8239.0,1.0,0,0,3,1170,0.0,1981,2013,26118 189th Ct SE,Covington,WA 98042,USA,33,1,-1.0324,-0.181,-0.7688,-0.665,-0.3434
2014-07-01 00:00:00,357500.0,3.0,3.5,2080,5100.0,2.0,0,0,3,2080,0.0,2004,2003,28121 Maple Ridge Way SE,Maple Valley,WA 98038,USA,10,1,-0.0399,-0.2685,0.3222,-0.665,-1.1163
2014-07-01 00:00:00,1110000.0,5.0,3.25,3350,4000.0,2.0,0,0,4,2510,840.0,1997,0,4776 34th Ave NE,Seattle,WA 98105,USA,17,0,1.3452,-0.2992,0.8377,1.2116,-0.881
2014-07-01 00:00:00,332888.0,2.0,2.5,1050,1029.0,2.0,0,0,3,950,100.0,2007,0,101-115 26th Ave,Seattle,WA 98122,USA,7,0,-1.1633,-0.382,-1.0325,-0.4416,-1.2171
2014-07-01 00:00:00,174000.0,2.0,1.0,900,13531.0,1.0,0,0,3,900,0.0,1979,2014,102-1/2 5th Ave SW,Pacific,WA 98047,USA,35,1,-1.3269,-0.0335,-1.0925,-0.665,-0.2762
2014-07-01 00:00:00,515000.0,2.0,1.0,1050,5000.0,1.0,0,0,5,1050,0.0,1907,0,5609 9th Ave NW,Seattle,WA 98107,USA,107,0,-1.1633,-0.2713,-0.9126,-0.665,2.1433
2014-07-01 00:00:00,392000.0,5.0,2.25,3740,32481.0,1.5,0,0,3,2240,1500.0,1958,2004,22835 16th Ave S,Des Moines,WA 98198,USA,56,1,1.7706,0.4949,0.514,2.6861,0.4295
2014-07-01 00:00:00,485000.0,4.0,2.25,1430,4096.0,2.0,0,0,3,1430,0.0,1900,2005,216 20th Ave,Seattle,WA 98122,USA,114,1,-0.7489,-0.2965,-0.4571,-0.665,2.3785
2014-07-01 00:00:00,217500.0,3.0,1.75,1400,9546.0,1.0,0,0,4,1400,0.0,1984,0,230 S 317th Pl,Federal Way,WA 98003,USA,30,0,-0.7816,-0.1446,-0.493,-0.665,-0.4442
2014-07-01 00:00:00,502000.0,3.0,2.25,1600,45613.0,2.0,0,0,4,1600,0.0,1983,0,17120 166th Pl NE,Woodinville,WA 98072,USA,31,0,-0.5634,0.8611,-0.2533,-0.665,-0.4106
2014-07-01 00:00:00,820000.0,3.0,2.25,2880,9750.0,2.0,0,0,3,2880,0.0,1989,0,16614 SE 50th Pl,Bellevue,WA 98006,USA,25,0,0.8326,-0.1389,1.2813,-0.665,-0.6122
2014-07-01 00:00:00,1640000.0,3.0,3.25,3140,5445.0,2.0,0,3,4,2240,900.0,1913,0,471 Wheeler St,Seattle,WA 98109,USA,101,0,1.1162,-0.2589,0.514,1.3456,1.9417
2014-07-01 00:00:00,102500.0,2.0,1.0,820,4320.0,1.0,0,0,3,820,0.0,1937,1999,9852 20th Ave SW,Seattle,WA 98106,USA,77,1,-1.4142,-0.2903,-1.1884,-0.665,1.1352
2014-07-01 00:00:00,925000.0,5.0,5.5,5190,12637.0,2.0,0,2,3,5190,0.0,2001,0,6525 Cascade Ave SE,Snoqualmie,WA 98065,USA,13,0,3.352,-0.0584,4.0507,-0.665,-1.0154
2014-07-01 00:00:00,540000.0,4.0,2.5,2180,10140.0,1.0,0,0,4,1180,1000.0,1968,0,9003 172nd Ave NE,Redmond,WA 98052,USA,46,0,0.0691,-0.128,-0.7568,1.569,0.0935
2014-07-01 00:00:00,600000.0,2.0,1.0,910,2002.0,1.5,0,0,3,910,0.0,1900,2005,100 20th Ave E,Seattle,WA 98112,USA,114,1,-1.316,-0.3549,-1.0805,-0.665,2.3785
2014-07-01 00:00:00,406000.0,4.0,1.0,1580,8475.0,1.5,0,2,4,1580,0.0,1928,0,10041 64th Ave S,Seattle,WA 98178,USA,86,0,-0.5853,-0.1744,-0.2772,-0.665,1.4376
2014-07-01 00:00:00,620000.0,4.0,3.0,2130,6325.0,1.0,0,0,5,1440,690.0,1948,1985,4002 50th Ave SW,Seattle,WA 98116,USA,66,1,0.0146,-0.2344,-0.4451,0.8765,0.7655
2014-07-01 00:00:00,1060000.0,4.0,2.5,4570,16015.0,2.0,0,2,3,4570,0.0,1990,2009,1630 204th Pl NE,Sammamish,WA 98074,USA,24,1,2.6758,0.0358,3.3074,-0.665,-0.6458
2014-07-01 00:00:00,401000.0,3.0,2.0,1240,11172.0,1.0,0,0,3,1000,240.0,1984,0,3027 230th Pl NE,Sammamish,WA 98074,USA,30,0,-0.9561,-0.0992,-0.9726,-0.1288,-0.4442
2014-07-01 00:00:00,725000.0,3.0,1.75,1860,6000.0,2.0,0,2,4,1860,0.0,1959,0,3450 S King St,Seattle,WA 98144,USA,55,0,-0.2799,-0.2434,0.0584,-0.665,0.3959
2014-07-01 00:00:00,276000.0,1.0,2.25,370,1801.0,1.0,0,0,5,370,0.0,1923,0,2508 NW 67th St,Seattle,WA 98117,USA,91,0,-1.905,-0.3605,-1.7279,-0.665,1.6056
2014-07-01 00:00:00,500000.0,5.0,3.25,3130,12087.0,2.0,0,0,3,2180,950.0,1975,0,265 Almak Ct NW,Issaquah,WA 98027,USA,39,0,1.1053,-0.0737,0.4421,1.4573,-0.1418
2014-07-01 00:00:00,375000.0,3.0,1.75,2530,35150.0,1.0,0,0,4,1800,730.0,1977,0,16621 SE 235th St,Kent,WA 98042,USA,37,0,0.4509,0.5693,-0.0135,0.9659,-0.209
2014-07-01 00:00:00,2300000.0,4.0,4.75,3970,9778.0,2.0,0,2,4,3390,580.0,1928,0,1323 Willard Ave W,Seattle,WA 98119,USA,86,0,2.0214,-0.1381,1.8927,0.6307,1.4376
2014-07-01 00:00:00,260000.0,3.0,2.25,1920,9680.0,1.0,0,0,4,1300,620.0,1961,2001,10904 SE 212th St,Kent,WA 98031,USA,53,1,-0.2144,-0.1408,-0.6129,0.7201,0.3287
2014-07-01 00:00:00,1565000.0,4.0,2.75,2970,12750.0,1.5,0,1,4,2130,840.0,1918,1986,9563 NE 1st St,Bellevue,WA 98004,USA,96,1,0.9308,-0.0552,0.3821,1.2116,1.7736
2014-07-01 00:00:00,431000.0,4.0,2.5,2300,6087.0,2.0,0,0,3,2300,0.0,2001,0,2309 Aberdeen Ave NE,Renton,WA 98056,USA,13,0,0.2,-0.241,0.5859,-0.665,-1.0154
2014-07-01 00:00:00,321000.0,4.0,2.5,1830,9601.0,2.0,0,0,3,1830,0.0,2003,0,27619 245th Ave SE,Maple Valley,WA 98038,USA,11,0,-0.3126,-0.143,0.0225,-0.665,-1.0827
2014-07-01 00:00:00,433000.0,4.0,1.5,1550,5053.0,1.0,0,0,4,1180,370.0,1963,0,4702 S Juneau St,Seattle,WA 98118,USA,51,0,-0.618,-0.2698,-0.7568,0.1616,0.2615
2014-07-01 00:00:00,920000.0,4.0,3.5,4080,10666.0,2.0,0,0,3,4080,0.0,2005,0,8950 237th Pl NE,Redmond,WA 98053,USA,9,0,2.1414,-0.1133,2.7199,-0.665,-1.1499
2014-07-01 00:00:00,482000.0,3.0,2.25,1710,21485.0,2.0,0,0,3,1710,0.0,1989,0,1022 215th Ave NE,Sammamish,WA 98074,USA,25,0,-0.4435,0.1883,-0.1214,-0.665,-0.6122
2014-07-01 00:00:00,712000.0,3.0,2.5,2375,4094.0,2.0,0,0,3,2375,0.0,2002,0,6248 189th Pl NE,Redmond,WA 98052,USA,12,0,0.2818,-0.2966,0.6759,-0.665,-1.049
2014-07-01 00:00:00,505000.0,4.0,2.75,2200,9778.0,1.0,0,0,4,1100,1100.0,1962,0,12241 SE 62nd St,Bellevue,WA 98006,USA,52,0,0.091,-0.1381,-0.8527,1.7925,0.2951
2014-07-01 00:00:00,2367000.0,3.0,2.25,3530,17450.0,1.0,1,3,3,1840,1690.0,1930,1993,7436 E Mercer Way,Mercer Island,WA 98040,USA,84,1,1.5415,0.0758,0.0345,3.1105,1.3704
2014-07-01 00:00:00,452000.0,3.0,1.75,1110,9012.0,1.0,0,0,4,1110,0.0,1966,0,5321-5327 156th Dr NE,Redmond,WA 98052,USA,48,0,-1.0979,-0.1595,-0.8407,-0.665,0.1607
2014-07-01 00:00:00,581000.0,4.0,1.0,1630,2566.0,1.5,0,0,3,1630,0.0,1921,2000,1819-1827 25th Ave,Seattle,WA 98122,USA,93,1,-0.5307,-0.3392,-0.2173,-0.665,1.6728
2014-07-01 00:00:00,952500.0,4.0,1.5,2550,5055.0,2.0,0,0,4,2550,0.0,1910,0,1901 25th Ave E,Seattle,WA 98112,USA,104,0,0.4727,-0.2698,0.8857,-0.665,2.0425
2014-07-01 00:00:00,808000.0,4.0,2.25,2500,8866.0,2.0,0,0,4,2500,0.0,1987,0,14586 NE 58th St,Bellevue,WA 98007,USA,27,0,0.4182,-0.1635,0.8257,-0.665,-0.545
2014-07-01 00:00:00,476000.0,4.0,3.0,2890,6885.0,1.0,0,0,3,1590,1300.0,1945,2013,6516 43rd Ave NE,Seattle,WA 98115,USA,69,1,0.8435,-0.2188,-0.2653,2.2393,0.8663
2014-07-01 00:00:00,535000.0,4.0,1.75,1420,5000.0,1.5,0,0,4,1420,0.0,1945,0,3027 NW 67th St,Seattle,WA 98117,USA,69,0,-0.7598,-0.2713,-0.4691,-0.665,0.8663
2014-07-01 00:00:00,1356925.0,4.0,3.5,4270,5800.0,2.0,0,3,5,3170,1100.0,1937,0,3017 42nd Ave W,Seattle,WA 98199,USA,77,0,2.3486,-0.249,1.629,1.7925,1.1352
2014-07-01 00:00:00,629800.0,3.0,2.5,2390,1984.0,2.0,0,0,3,2220,170.0,2008,0,329 NE Eagle Way,Issaquah,WA 98029,USA,6,0,0.2982,-0.3554,0.49,-0.2852,-1.2507
2014-07-01 00:00:00,417838.0,4.0,2.5,2530,5048.0,2.0,0,0,3,2530,0.0,2014,0,27416 208th Ave SE,Maple Valley,WA 98038,USA,0,0,0.4509,-0.27,0.8617,-0.665,-1.4523
2014-07-01 00:00:00,399895.0,4.0,2.5,2701,4500.0,2.0,0,0,3,2701,0.0,2014,0,5535 Elaine Ave SE,Auburn,WA 98092,USA,0,0,0.6374,-0.2853,1.0667,-0.665,-1.4523
2014-07-01 00:00:00,825000.0,4.0,2.75,3990,6637.0,2.0,0,0,3,3990,0.0,2003,0,9342 221st PI NE,Redmond,WA 98053,USA,11,0,2.0432,-0.2257,2.612,-0.665,-1.0827
2014-07-01 00:00:00,300000.0,4.0,2.5,2303,3826.0,2.0,0,0,3,2303,0.0,2006,0,13328 SE 308 Ct,Auburn,WA 98092,USA,8,0,0.2033,-0.3041,0.5895,-0.665,-1.1835
2014-07-01 00:00:00,640000.0,2.0,2.25,1540,965.0,3.0,0,0,3,1540,0.0,2007,0,1816 11th Ave,Seattle,WA 98122,USA,7,0,-0.6289,-0.3838,-0.3252,-0.665,-1.2171
2014-07-01 00:00:00,460000.0,3.0,2.5,1450,1053.0,2.0,0,0,3,940,510.0,2008,0,1406B NW 64th St,Seattle,WA 98107,USA,6,0,-0.727,-0.3814,-1.0445,0.4744,-1.2507
2014-07-01 00:00:00,525000.0,2.0,2.5,1160,1458.0,2.0,0,0,3,1040,120.0,2012,1912,2067 Gilman Dr W,Seattle,WA 98119,USA,2,1,-1.0433,-0.3701,-0.9246,-0.3969,-1.3851
2014-07-01 00:00:00,499990.0,4.0,2.75,2910,6334.0,2.0,0,0,3,2910,0.0,2013,1923,1141 SE 11th St,North Bend,WA 98045,USA,1,1,0.8653,-0.2341,1.3172,-0.665,-1.4187
2014-07-01 00:00:00,1020000.0,4.0,3.5,3770,8501.0,2.0,0,0,3,3770,0.0,2008,0,104 6th St S,Kirkland,WA 98033,USA,6,0,1.8033,-0.1737,2.3483,-0.665,-1.2507
2014-07-02 00:00:00,675000.0,5.0,2.25,2900,10300.0,1.0,0,0,3,1450,1450.0,1985,0,14301-14399 SE 63rd St,Bellevue,WA 98006,USA,29,0,0.8544,-0.1235,-0.4331,2.5744,-0.4778
2014-07-02 00:00:00,512031.0,3.0,1.75,1540,3000.0,1.0,0,2,3,770,770.0,1920,1979,6528 3rd Ave NW,Seattle,WA 98117,USA,94,1,-0.6289,-0.3271,-1.2483,1.0552,1.7064
2014-07-02 00:00:00,310000.0,2.0,1.0,700,3000.0,1.0,0,0,4,700,0.0,1918,1974,929 N 77th St,Seattle,WA 98103,USA,96,1,-1.545,-0.3271,-1.3322,-0.665,1.7736
2014-07-02 00:00:00,1075000.0,3.0,2.5,3280,10302.0,1.0,0,0,3,1680,1600.0,1970,2014,3842 NE 92nd St,Seattle,WA 98115,USA,44,1,1.2689,-0.1235,-0.1574,2.9095,0.0263
2014-07-02 00:00:00,255000.0,4.0,2.0,2430,8960.0,1.0,0,0,3,1430,1000.0,1960,2012,8019 S 117th St,Seattle,WA 98178,USA,54,1,0.3418,-0.1609,-0.4571,1.569,0.3623
2014-07-02 00:00:00,435000.0,3.0,2.5,1900,7984.0,2.0,0,0,3,1900,0.0,1993,0,Tolt Pipeline Trail,Bothell,WA 98011,USA,21,0,-0.2362,-0.1881,0.1064,-0.665,-0.7466
2014-07-02 00:00:00,453000.0,3.0,2.0,1660,15050.0,1.0,0,0,3,1260,400.0,1983,2009,13417 110th Pl NE,Kirkland,WA 98034,USA,31,1,-0.498,0.0089,-0.6609,0.2286,-0.4106
2014-07-02 00:00:00,260000.0,4.0,2.0,1620,7992.0,2.0,0,0,4,1620,0.0,1975,0,23109 125th Ave SE,Kent,WA 98031,USA,39,0,-0.5416,-0.1879,-0.2293,-0.665,-0.1418
2014-07-02 00:00:00,659000.0,4.0,2.0,2090,10800.0,1.0,0,0,4,2090,0.0,1951,1999,3738 86th Ave SE,Mercer Island,WA 98040,USA,63,1,-0.029,-0.1096,0.3342,-0.665,0.6647
2014-07-02 00:00:00,223000.0,3.0,2.0,1110,7231.0,1.0,0,0,4,1110,0.0,1991,0,22124 112th Pl SE,Kent,WA 98031,USA,23,0,-1.0979,-0.2091,-0.8407,-0.665,-0.6794
2014-07-02 00:00:00,851000.0,5.0,3.25,3760,9792.0,2.0,0,0,3,2550,1210.0,1984,0,4412 170th Ave SE,Bellevue,WA 98006,USA,30,0,1.7924,-0.1377,0.8857,2.0382,-0.4442
2014-07-02 00:00:00,605000.0,3.0,2.25,2080,12134.0,1.0,0,0,4,1530,550.0,1973,0,2408 178th Ave NE,Redmond,WA 98052,USA,41,0,-0.0399,-0.0724,-0.3372,0.5637,-0.0746
2014-07-02 00:00:00,895000.0,4.0,2.25,1950,5950.0,1.0,0,0,3,1330,620.0,1947,2012,2220 5th Ave N,Seattle,WA 98109,USA,67,1,-0.1817,-0.2448,-0.577,0.7201,0.7991
2014-07-02 00:00:00,519000.0,5.0,2.25,2570,13054.0,1.0,0,1,3,1470,1100.0,1950,1992,1316 SW 172nd St,Normandy Park,WA 98166,USA,64,1,0.4945,-0.0468,-0.4091,1.7925,0.6983
2014-07-02 00:00:00,535000.0,3.0,1.75,2330,12141.0,1.0,0,0,3,1390,0.0,1983,2009,14506 NE 184th Pl,Woodinville,WA 98072,USA,31,1,0.2327,-0.0722,-0.505,-0.665,-0.4106
2014-07-02 00:00:00,489000.0,3.0,3.0,3700,10375.0,2.0,0,0,3,3700,0.0,1982,0,3309 S 194th St,SeaTac,WA 98188,USA,32,0,1.7269,-0.1215,2.2644,-0.665,-0.377
2014-07-02 00:00:00,250000.0,3.0,2.25,1920,7738.0,1.0,0,0,3,1520,400.0,1965,1993,249 S 163rd Pl,Burien,WA 98148,USA,49,1,-0.2144,-0.195,-0.3492,0.2286,0.1943
2014-07-02 00:00:00,580000.0,3.0,2.25,1900,3960.0,1.5,0,0,3,1200,0.0,1905,2010,1121 27th Ave,Seattle,WA 98122,USA,109,1,-0.2362,-0.3003,-0.7328,-0.665,2.2105
2014-07-02 00:00:00,1038000.0,4.0,1.75,1440,13296.0,1.0,0,0,4,1440,0.0,1967,0,10208 NE 26th St,Bellevue,WA 98004,USA,47,0,-0.7379,-0.04,-0.4451,-0.665,0.1271
2014-07-02 00:00:00,605000.0,4.0,2.25,2940,48788.0,1.0,0,0,5,1520,1420.0,1961,0,15611 72nd Ave NE,Kenmore,WA 98028,USA,53,0,0.898,0.9496,-0.3492,2.5073,0.3287
2014-07-02 00:00:00,599950.0,4.0,3.5,2500,3080.0,2.0,0,0,3,1810,690.0,2008,0,7928 150th Ct NE,Redmond,WA 98052,USA,6,0,0.4182,-0.3249,-0.0015,0.8765,-1.2507
2014-07-02 00:00:00,700000.0,3.0,2.5,2490,23891.0,2.0,0,0,3,2490,0.0,1993,0,23203 NE 78th Way,Redmond,WA 98053,USA,21,0,0.4072,0.2554,0.8137,-0.665,-0.7466
2014-07-02 00:00:00,480000.0,3.0,2.0,1470,10052.0,1.0,0,0,4,1470,0.0,1956,0,13341 12th Ave NE,Seattle,WA 98125,USA,58,0,-0.7052,-0.1305,-0.4091,-0.665,0.4967
2014-07-02 00:00:00,329950.0,4.0,2.5,2120,4558.0,2.0,0,0,3,2120,0.0,2002,0,23834 SE 248th Pl,Maple Valley,WA 98038,USA,12,0,0.0037,-0.2836,0.3701,-0.665,-1.049
2014-07-02 00:00:00,250000.0,3.0,1.75,1200,24805.0,1.0,0,0,3,1200,0.0,1984,0,10858 SE 200th St,Kent,WA 98031,USA,30,0,-0.9997,0.2809,-0.7328,-0.665,-0.4442
2014-07-02 00:00:00,345000.0,5.0,2.5,2450,6994.0,2.0,0,0,3,2450,0.0,2002,0,11207 SE 272nd Pl,Kent,WA 98030,USA,12,0,0.3636,-0.2157,0.7658,-0.665,-1.049
2014-07-02 00:00:00,175000.0,4.0,2.5,1780,6000.0,2.0,0,0,3,1780,0.0,1991,0,2401-2499 S 244th St,Des Moines,WA 98198,USA,23,0,-0.3671,-0.2434,-0.0375,-0.665,-0.6794
2014-07-02 00:00:00,185000.0,5.0,1.0,1590,6700.0,1.5,0,0,3,1090,500.0,1942,1999,10626 12th Ave SW,Seattle,WA 98146,USA,72,1,-0.5743,-0.2239,-0.8647,0.452,0.9672
2014-07-02 00:00:00,411000.0,4.0,2.0,2370,76665.0,2.0,0,0,4,2370,0.0,1978,2000,35516 44th Ave S,Auburn,WA 98001,USA,36,1,0.2764,1.7269,0.6699,-0.665,-0.2426
2014-07-02 00:00:00,690000.0,3.0,1.5,1760,4000.0,2.0,0,0,3,1760,0.0,1922,2008,2314 10th Ave E,Seattle,WA 98102,USA,92,1,-0.3889,-0.2992,-0.0614,-0.665,1.6392
2014-07-02 00:00:00,265000.0,4.0,3.0,1940,8170.0,1.0,0,0,4,1940,0.0,1948,0,15022 25th Ave NE,Shoreline,WA 98155,USA,66,0,-0.1926,-0.1829,0.1543,-0.665,0.7655
2014-07-02 00:00:00,720000.0,4.0,3.0,3550,12327.0,1.5,0,0,4,2180,1370.0,1990,0,17325 102nd Ave NE,Bothell,WA 98011,USA,24,0,1.5633,-0.067,0.4421,2.3956,-0.6458
2014-07-02 00:00:00,256000.0,4.0,2.5,2050,5787.0,2.0,0,0,3,2050,0.0,2002,0,1327 S 277th Pl,Des Moines,WA 98198,USA,12,0,-0.0726,-0.2494,0.2862,-0.665,-1.049
2014-07-02 00:00:00,255000.0,4.0,2.25,1680,3179.0,2.0,0,0,3,1680,0.0,2002,0,11631 SE 308th Pl,Auburn,WA 98092,USA,12,0,-0.4762,-0.3221,-0.1574,-0.665,-1.049
2014-07-02 00:00:00,540000.0,3.0,2.25,1320,1800.0,2.0,0,0,3,1320,0.0,1994,0,3404 E Cherry St,Seattle,WA 98122,USA,20,0,-0.8688,-0.3605,-0.5889,-0.665,-0.7802
2014-07-02 00:00:00,481015.0,3.0,2.25,1550,5511.0,2.0,0,0,3,1550,0.0,1987,2000,10600-10650 117th Pl NE,Kirkland,WA 98033,USA,27,1,-0.618,-0.2571,-0.3132,-0.665,-0.545
2014-07-02 00:00:00,575000.0,3.0,1.75,2680,8625.0,1.0,0,0,5,1590,1090.0,1974,0,100 Mt Si Pl NW,Issaquah,WA 98027,USA,40,0,0.6145,-0.1702,-0.2653,1.7701,-0.1082
2014-07-02 00:00:00,339950.0,3.0,2.5,2390,34041.0,1.0,0,0,3,1840,550.0,1984,0,27622 195th Ave SE,Kent,WA 98042,USA,30,0,0.2982,0.5384,0.0345,0.5637,-0.4442
2014-07-02 00:00:00,475000.0,4.0,2.5,2040,7260.0,2.0,0,0,4,2040,0.0,1963,0,15320 Corliss Pl N,Shoreline,WA 98133,USA,51,0,-0.0836,-0.2083,0.2742,-0.665,0.2615
2014-07-02 00:00:00,732000.0,3.0,3.75,2670,6517.0,2.5,0,4,4,2020,650.0,1977,0,3741 Belvidere Ave SW,Seattle,WA 98126,USA,37,0,0.6036,-0.229,0.2503,0.7871,-0.209
2014-07-02 00:00:00,860000.0,4.0,1.75,1880,3720.0,1.5,0,0,4,1880,0.0,1924,0,15 Raye St,Seattle,WA 98109,USA,90,0,-0.2581,-0.307,0.0824,-0.665,1.572
2014-07-02 00:00:00,389000.0,4.0,1.75,2400,7700.0,1.5,0,0,4,1500,900.0,1927,0,2148 N 115th St,Seattle,WA 98133,USA,87,0,0.3091,-0.196,-0.3732,1.3456,1.4712
2014-07-02 00:00:00,645000.0,3.0,1.75,2270,11472.0,1.0,0,0,4,1370,900.0,1956,0,10514 14th Ave NW,Seattle,WA 98177,USA,58,0,0.1673,-0.0909,-0.529,1.3456,0.4967
2014-07-02 00:00:00,475000.0,4.0,2.5,1850,5444.0,2.0,0,0,5,1850,0.0,1981,0,13617 135th Ave NE,Kirkland,WA 98034,USA,33,0,-0.2908,-0.2589,0.0464,-0.665,-0.3434
2014-07-02 00:00:00,550000.0,4.0,2.75,2160,5005.0,1.0,0,0,3,1430,730.0,1987,2000,9417 25th Ave NE,Seattle,WA 98115,USA,27,1,0.0473,-0.2712,-0.4571,0.9659,-0.545
2014-07-02 00:00:00,305000.0,2.0,1.0,2160,12960.0,1.0,0,0,3,1360,800.0,1968,1997,14717 58th Ave S,Tukwila,WA 98168,USA,46,1,0.0473,-0.0494,-0.541,1.1222,0.0935
2014-07-02 00:00:00,782000.0,2.0,1.5,1570,3600.0,1.5,0,2,4,1320,250.0,1906,1990,1922 5th Ave W,Seattle,WA 98119,USA,108,1,-0.5962,-0.3104,-0.5889,-0.1065,2.1769
2014-07-02 00:00:00,545000.0,3.0,2.0,1340,7200.0,1.5,0,0,4,1340,0.0,1923,0,4714 54th Ave S,Seattle,WA 98118,USA,91,0,-0.847,-0.21,-0.565,-0.665,1.6056
2014-07-02 00:00:00,394500.0,4.0,2.5,3002,6042.0,2.0,0,0,3,3002,0.0,2004,2003,11619 SE 200th St,Kent,WA 98031,USA,10,1,0.9657,-0.2423,1.4275,-0.665,-1.1163
2014-07-02 00:00:00,600000.0,5.0,2.0,2190,9072.0,1.0,0,0,5,1110,1080.0,1965,0,14314 NE 72nd St,Redmond,WA 98052,USA,49,0,0.08,-0.1578,-0.8407,1.7478,0.1943
2014-07-02 00:00:00,1300000.0,4.0,1.75,2610,21600.0,1.0,0,0,4,2610,0.0,1966,0,1509 85th Ave NE,Clyde Hill,WA 98004,USA,48,0,0.5381,0.1915,0.9576,-0.665,0.1607
2014-07-02 00:00:00,300000.0,2.0,1.0,1010,11919.0,1.0,0,0,3,1010,0.0,1947,2012,16036 6th Ave NE,Shoreline,WA 98155,USA,67,1,-1.2069,-0.0784,-0.9606,-0.665,0.7991
2014-07-02 00:00:00,330000.0,4.0,2.5,2105,6093.0,2.0,0,0,3,2105,0.0,2003,0,27631-27699 145th Pl SE,Kent,WA 98042,USA,11,0,-0.0127,-0.2408,0.3522,-0.665,-1.0827
2014-07-02 00:00:00,723000.0,4.0,2.25,2430,4748.0,1.5,0,0,3,1630,800.0,1928,1954,1503 45th Ave SW,Seattle,WA 98116,USA,86,1,0.3418,-0.2783,-0.2173,1.1222,1.4376
2014-07-02 00:00:00,2271150.0,4.0,3.25,4040,18916.0,1.0,0,0,4,4040,0.0,1954,1979,7623 Overlake Dr W,Medina,WA 98039,USA,60,1,2.0978,0.1167,2.672,-0.665,0.5639
2014-07-02 00:00:00,480000.0,5.0,2.5,2160,7737.0,2.0,0,0,3,2160,0.0,1998,2006,7001 Autumn Ave SE,Snoqualmie,WA 98065,USA,16,1,0.0473,-0.195,0.4181,-0.665,-0.9146
2014-07-02 00:00:00,496000.0,2.0,1.0,900,9260.0,1.0,0,0,3,900,0.0,1946,0,219 NW 56th St,Seattle,WA 98107,USA,68,0,-1.3269,-0.1525,-1.0925,-0.665,0.8327
2014-07-02 00:00:00,625000.0,3.0,3.0,1820,1641.0,3.0,0,0,3,1540,280.0,2006,0,10 W Etruria St,Seattle,WA 98119,USA,8,0,-0.3235,-0.365,-0.3252,-0.0395,-1.1835
2014-07-02 00:00:00,475000.0,4.0,2.0,2100,13468.0,1.0,0,0,5,1050,1050.0,1962,0,11719 33rd Pl NE,Seattle,WA 98125,USA,52,0,-0.0181,-0.0352,-0.9126,1.6808,0.2951
2014-07-02 00:00:00,275250.0,3.0,2.25,1520,7199.0,2.0,0,0,4,1520,0.0,1992,0,23017 SE 281st Ct,Maple Valley,WA 98038,USA,22,0,-0.6507,-0.21,-0.3492,-0.665,-0.713
2014-07-02 00:00:00,253000.0,2.0,1.0,1310,7128.0,1.0,0,0,4,940,370.0,1980,0,11414 SE 230th Pl,Kent,WA 98031,USA,34,0,-0.8797,-0.212,-1.0445,0.1616,-0.3098
2014-07-02 00:00:00,630000.0,4.0,2.5,2190,9880.0,1.0,0,0,4,1410,780.0,1979,0,11607 NE 103rd Pl,Kirkland,WA 98033,USA,35,0,0.08,-0.1353,-0.4811,1.0776,-0.2762
2014-07-02 00:00:00,660500.0,5.0,2.5,2950,5500.0,1.5,0,0,5,1720,1230.0,1918,0,2739 31st Ave S,Seattle,WA 98144,USA,96,0,0.909,-0.2574,-0.1094,2.0829,1.7736
2014-07-02 00:00:00,262000.0,5.0,1.0,1870,7800.0,1.0,0,0,3,1580,290.0,1962,2003,903 S 101st St,Seattle,WA 98168,USA,52,1,-0.269,-0.1933,-0.2772,-0.0171,0.2951
2014-07-02 00:00:00,2147500.0,3.0,3.5,4660,5500.0,2.0,0,4,5,3040,1620.0,1909,1988,2826 10th Ave E,Seattle,WA 98102,USA,105,1,2.774,-0.2574,1.4731,2.9542,2.0761
2014-07-02 00:00:00,552000.0,3.0,2.5,1840,9900.0,1.0,0,0,3,1840,0.0,1978,0,300 142nd Ave NE,Bellevue,WA 98007,USA,36,0,-0.3017,-0.1347,0.0345,-0.665,-0.2426
2014-07-02 00:00:00,1411600.0,2.0,2.5,3180,9400.0,2.0,0,4,5,2610,0.0,1985,0,4631 Somerset Ave SE,Bellevue,WA 98006,USA,29,0,1.1598,-0.1486,0.9576,-0.665,-0.4778
2014-07-02 00:00:00,736000.0,2.0,1.0,1500,4000.0,1.0,0,0,3,1100,400.0,1933,0,2401-2599 Lorentz Pl N,Seattle,WA 98109,USA,81,0,-0.6725,-0.2992,-0.8527,0.2286,1.2696
2014-07-02 00:00:00,355000.0,3.0,1.75,1730,7416.0,1.5,0,0,3,1730,0.0,1954,2005,18010 N Park Pl N,Shoreline,WA 98133,USA,60,1,-0.4217,-0.204,-0.0974,-0.665,0.5639
2014-07-02 00:00:00,305000.0,3.0,1.0,1580,7424.0,1.0,0,0,3,1010,570.0,1962,2003,12633 SE 158th St,Renton,WA 98058,USA,52,1,-0.5853,-0.2037,-0.9606,0.6084,0.2951
2014-07-02 00:00:00,484998.0,4.0,2.5,1540,1870.0,2.0,0,0,3,1540,0.0,2014,0,2520 Mulberry Walk NE,Issaquah,WA 98029,USA,0,0,-0.6289,-0.3586,-0.3252,-0.665,-1.4523
2014-07-02 00:00:00,1054690.0,4.0,3.5,3390,3979.0,2.0,0,0,3,2610,780.0,2014,0,3906 W Briarcliff Ln,Seattle,WA 98199,USA,0,0,1.3888,-0.2998,0.9576,1.0776,-1.4523
2014-07-02 00:00:00,334500.0,2.0,1.5,830,1858.0,2.0,0,0,3,830,0.0,2005,0,2300 14th Ave S,Seattle,WA 98144,USA,9,0,-1.4033,-0.3589,-1.1764,-0.665,-1.1499
2014-07-02 00:00:00,475000.0,4.0,2.75,2620,6178.0,2.0,0,0,3,2620,0.0,2013,1923,996 SE 12th St,North Bend,WA 98045,USA,1,1,0.549,-0.2385,0.9696,-0.665,-1.4187
2014-07-02 00:00:00,309780.0,3.0,2.5,2242,4500.0,2.0,0,0,3,2242,0.0,2014,0,Bennett Ave SE,Auburn,WA 98092,USA,0,0,0.1368,-0.2853,0.5164,-0.665,-1.4523
2014-07-02 00:00:00,795000.0,4.0,2.5,2890,7798.0,2.0,0,0,3,2890,0.0,2005,0,15941 SE Cougar Mountain Way,Bellevue,WA 98006,USA,9,0,0.8435,-0.1933,1.2933,-0.665,-1.1499
2014-07-02 00:00:00,274500.0,3.0,2.25,1450,4050.0,2.0,0,0,3,1450,0.0,2010,0,26133 242nd Ave SE,Maple Valley,WA 98038,USA,4,0,-0.727,-0.2978,-0.4331,-0.665,-1.3179
2014-07-02 00:00:00,265050.0,2.0,1.5,800,2119.0,2.0,0,0,3,800,0.0,2008,0,5257 23rd Ave SW,Seattle,WA 98106,USA,6,0,-1.436,-0.3517,-1.2124,-0.665,-1.2507
2014-07-02 00:00:00,567500.0,3.0,2.5,2280,2502.0,2.0,0,0,3,1880,400.0,2006,0,561 Mountain View Ln NW,Issaquah,WA 98027,USA,8,0,0.1782,-0.341,0.0824,0.2286,-1.1835
2014-07-02 00:00:00,915000.0,3.0,4.5,3850,62726.0,2.0,0,0,3,3120,730.0,2013,1923,21101-21199 NE 78th St,Redmond,WA 98053,USA,1,1,1.8905,1.3382,1.569,0.9659,-1.4187
2014-07-03 00:00:00,285000.0,5.0,2.5,2270,6300.0,2.0,0,0,3,2270,0.0,1995,0,12840 SE 307th Pl,Auburn,WA 98092,USA,19,0,0.1673,-0.2351,0.55,-0.665,-0.8138
2014-07-03 00:00:00,445838.0,3.0,2.5,2250,5692.0,2.0,0,0,3,2250,0.0,2000,0,10010 37th Ave SW,Seattle,WA 98146,USA,14,0,0.1455,-0.252,0.526,-0.665,-0.9818
2014-07-03 00:00:00,304900.0,4.0,1.75,2600,11325.0,1.0,0,0,4,1610,990.0,1969,0,23030 100th Ave SE,Kent,WA 98031,USA,45,0,0.5272,-0.095,-0.2413,1.5467,0.0599
2014-07-03 00:00:00,940000.0,4.0,2.0,2490,9525.0,2.0,0,0,5,2490,0.0,1968,0,4558 91st Ave SE,Mercer Island,WA 98040,USA,46,0,0.4072,-0.1452,0.8137,-0.665,0.0935
2014-07-03 00:00:00,1127000.0,4.0,2.5,3160,8281.0,2.0,0,0,4,3160,0.0,1995,0,709 7th St S,Kirkland,WA 98033,USA,19,0,1.138,-0.1798,1.617,-0.665,-0.8138
2014-07-03 00:00:00,835000.0,4.0,4.25,4930,25714.0,2.0,0,0,3,4930,0.0,2005,0,32805 145th Pl SE,Auburn,WA 98092,USA,9,0,3.0685,0.3062,3.739,-0.665,-1.1499
2014-07-03 00:00:00,290000.0,3.0,1.0,1440,11250.0,1.0,0,0,3,1440,0.0,1967,2011,1901 Shattuck Ave S,Renton,WA 98055,USA,47,1,-0.7379,-0.0971,-0.4451,-0.665,0.1271
2014-07-03 00:00:00,250000.0,3.0,1.75,1770,8868.0,1.0,0,0,4,1770,0.0,1959,0,1201-1215 O St NE,Auburn,WA 98002,USA,55,0,-0.378,-0.1635,-0.0495,-0.665,0.3959
2014-07-03 00:00:00,342000.0,4.0,2.5,2300,6448.0,2.0,0,0,3,2300,0.0,2001,0,24612 102nd Pl SE,Kent,WA 98030,USA,13,0,0.2,-0.2309,0.5859,-0.665,-1.0154
2014-07-03 00:00:00,1012000.0,4.0,2.5,2980,16263.0,2.0,0,0,3,2980,0.0,1989,0,6410 141st Ave SE,Bellevue,WA 98006,USA,25,0,0.9417,0.0427,1.4012,-0.665,-0.6122
2014-07-03 00:00:00,400000.0,4.0,2.25,2230,7200.0,1.0,0,0,4,1300,930.0,1963,0,2357 N 187th St,Shoreline,WA 98133,USA,51,0,0.1237,-0.21,-0.6129,1.4127,0.2615
2014-07-03 00:00:00,312500.0,3.0,1.75,1830,7969.0,1.0,0,0,3,930,0.0,1950,2008,306 S 15th St,Renton,WA 98055,USA,64,1,-0.3126,-0.1885,-1.0565,-0.665,0.6983
2014-07-03 00:00:00,267000.0,3.0,1.0,1740,10875.0,1.0,0,0,4,1020,720.0,1962,0,4035 S 150th St,Tukwila,WA 98188,USA,52,0,-0.4107,-0.1075,-0.9486,0.9435,0.2951
2014-07-03 00:00:00,575000.0,3.0,1.75,1530,6743.0,1.0,0,0,3,1410,120.0,1955,2005,4931 SW Forney St,Seattle,WA 98116,USA,59,1,-0.6398,-0.2227,-0.4811,-0.3969,0.5303
2014-07-03 00:00:00,810000.0,3.0,1.5,1520,7663.0,1.0,0,0,4,1520,0.0,1954,1979,9530 NE 5th St,Bellevue,WA 98004,USA,60,1,-0.6507,-0.1971,-0.3492,-0.665,0.5639
2014-07-03 00:00:00,850000.0,3.0,2.5,3230,5000.0,2.0,0,2,5,2430,800.0,1945,0,2431 NW Neptune Pl,Seattle,WA 98117,USA,69,0,1.2143,-0.2713,0.7418,1.1222,0.8663
2014-07-03 00:00:00,1015000.0,3.0,3.25,3620,4000.0,2.0,0,0,3,2730,890.0,2005,0,3505 W McGraw St,Seattle,WA 98199,USA,9,0,1.6397,-0.2992,1.1015,1.3233,-1.1499
2014-07-03 00:00:00,1100000.0,4.0,3.75,5070,60123.0,2.0,0,0,3,5070,0.0,2000,0,5725 251st Ct NE,Redmond,WA 98053,USA,14,0,3.2212,1.2657,3.9068,-0.665,-0.9818
2014-07-03 00:00:00,240000.0,3.0,1.75,1570,8750.0,1.0,0,0,3,1570,0.0,1960,2012,17820 1st Avenue South,Burien,WA 98148,USA,54,1,-0.5962,-0.1668,-0.2892,-0.665,0.3623
2014-07-03 00:00:00,198000.0,4.0,1.75,2080,7200.0,1.0,0,0,4,1050,1030.0,1966,0,4114 S 294th St,Auburn,WA 98001,USA,48,0,-0.0399,-0.21,-0.9126,1.6361,0.1607
2014-07-03 00:00:00,565000.0,4.0,2.5,2230,8624.0,1.0,0,0,4,1430,800.0,1969,0,14021 NE 62nd St,Redmond,WA 98052,USA,45,0,0.1237,-0.1703,-0.4571,1.1222,0.0599
2014-07-03 00:00:00,1195000.0,5.0,3.0,3420,18129.0,2.0,0,0,3,2540,880.0,1952,2005,7657-7801 E Mercer Way,Mercer Island,WA 98040,USA,62,1,1.4216,0.0947,0.8737,1.301,0.6311
2014-07-03 00:00:00,340000.0,8.0,2.75,2790,6695.0,1.0,0,0,3,1470,1320.0,1977,2004,17512 Corliss Ave N,Shoreline,WA 98133,USA,37,1,0.7344,-0.2241,-0.4091,2.2839,-0.209
2014-07-03 00:00:00,815000.0,4.0,2.5,3150,4203.0,2.0,0,0,3,3150,0.0,2002,0,9714 132nd Ave NE,Kirkland,WA 98033,USA,12,0,1.1271,-0.2935,1.605,-0.665,-1.049
2014-07-03 00:00:00,1875000.0,4.0,3.25,3930,10929.0,2.0,0,0,3,3930,0.0,2006,0,10924 NE 18th Pl,Bellevue,WA 98004,USA,8,0,1.9778,-0.106,2.5401,-0.665,-1.1835
2014-07-03 00:00:00,588000.0,5.0,3.0,2190,4900.0,2.0,0,0,5,1490,700.0,1940,0,8314 Jones Ave NW,Seattle,WA 98117,USA,74,0,0.08,-0.2741,-0.3851,0.8988,1.0344
2014-07-03 00:00:00,280500.0,4.0,2.5,1890,6962.0,2.0,0,0,3,1890,0.0,1997,0,30021 114th Way SE,Auburn,WA 98092,USA,17,0,-0.2471,-0.2166,0.0944,-0.665,-0.881
2014-07-03 00:00:00,390000.0,4.0,2.0,1900,76877.0,1.0,0,0,3,1900,0.0,2004,2003,17116 SE Covington Sawyer Rd,Kent,WA 98042,USA,10,1,-0.2362,1.7328,0.1064,-0.665,-1.1163
2014-07-03 00:00:00,509000.0,2.0,1.5,1930,3521.0,2.0,0,0,3,1930,0.0,1989,0,78 145th Pl SE,Bellevue,WA 98007,USA,25,0,-0.2035,-0.3126,0.1424,-0.665,-0.6122
2014-07-03 00:00:00,490600.0,3.0,2.5,3316,11447.0,2.0,0,0,3,3316,0.0,1986,0,33247-33248 2nd Pl SW,Federal Way,WA 98023,USA,28,0,1.3081,-0.0916,1.804,-0.665,-0.5114
2014-07-03 00:00:00,650000.0,3.0,1.5,1380,4500.0,1.0,0,0,5,1380,0.0,1960,0,2719 63rd Ave SE,Mercer Island,WA 98040,USA,54,0,-0.8034,-0.2853,-0.517,-0.665,0.3623
2014-07-03 00:00:00,715000.0,3.0,4.0,2080,2250.0,3.0,0,4,3,2080,0.0,1997,0,4326 Greenwood Ave N,Seattle,WA 98103,USA,17,0,-0.0399,-0.348,0.3222,-0.665,-0.881
2014-07-03 00:00:00,529950.0,3.0,1.0,1240,5000.0,1.5,0,0,5,1240,0.0,1909,1988,820 NW 64th St,Seattle,WA 98107,USA,105,1,-0.9561,-0.2713,-0.6849,-0.665,2.0761
2014-07-03 00:00:00,265000.0,3.0,1.0,1020,8610.0,1.0,0,0,5,1020,0.0,1959,0,3704 NE 9th Ct,Renton,WA 98056,USA,55,0,-1.196,-0.1707,-0.9486,-0.665,0.3959
2014-07-03 00:00:00,1755000.0,3.0,2.0,2360,4800.0,2.0,0,0,3,2360,0.0,1909,2014,1242 15th Ave E,Seattle,WA 98112,USA,105,1,0.2655,-0.2769,0.6579,-0.665,2.0761
2014-07-03 00:00:00,1140000.0,3.0,2.5,2780,33503.0,1.5,0,1,4,2110,670.0,1969,0,2800-2998 194th Ave SE,Sammamish,WA 98075,USA,45,0,0.7235,0.5234,0.3582,0.8318,0.0599
2014-07-03 00:00:00,610000.0,3.0,2.0,2300,13418.0,1.0,0,0,3,1430,870.0,1955,2005,335-345 105th Ave SE,Bellevue,WA 98004,USA,59,1,0.2,-0.0366,-0.4571,1.2786,0.5303
2014-07-03 00:00:00,554729.0,4.0,2.5,2020,4350.0,2.0,0,0,5,1730,290.0,1943,0,4109 W Bertona St,Seattle,WA 98199,USA,71,0,-0.1054,-0.2894,-0.0974,-0.0171,0.9336
2014-07-03 00:00:00,395000.0,5.0,1.75,1840,10453.0,1.0,0,2,3,1360,480.0,1948,1994,2716 SW 170th St,Burien,WA 98166,USA,66,1,-0.3017,-0.1193,-0.541,0.4073,0.7655
2014-07-03 00:00:00,341000.0,3.0,1.0,1390,4814.0,1.5,0,0,3,1390,0.0,1908,1988,8116 8th Ave NE,Seattle,WA 98115,USA,106,1,-0.7925,-0.2765,-0.505,-0.665,2.1097
2014-07-03 00:00:00,264500.0,4.0,2.25,2060,11385.0,1.0,0,0,4,1200,860.0,1962,0,2152 SW 323rd St,Federal Way,WA 98023,USA,52,0,-0.0617,-0.0933,-0.7328,1.2563,0.2951
2014-07-03 00:00:00,395000.0,4.0,2.75,2640,35070.0,1.5,0,0,3,2640,0.0,1963,2008,19803 121st Ave SE,Kent,WA 98031,USA,51,1,0.5708,0.5671,0.9936,-0.665,0.2615
2014-07-03 00:00:00,640000.0,3.0,2.25,1980,10115.0,1.0,0,0,3,1980,0.0,1959,1989,3060 124th Ave NE,Bellevue,WA 98005,USA,55,1,-0.149,-0.1287,0.2023,-0.665,0.3959
2014-07-03 00:00:00,430000.0,3.0,1.5,1810,5080.0,1.0,0,0,3,1030,780.0,1958,2004,7321 39th Ave NE,Seattle,WA 98115,USA,56,1,-0.3344,-0.2691,-0.9366,1.0776,0.4295
2014-07-03 00:00:00,410000.0,4.0,2.5,1700,9000.0,1.0,0,0,5,1700,0.0,1972,0,14214 81st Ave NE,Kirkland,WA 98034,USA,42,0,-0.4544,-0.1598,-0.1334,-0.665,-0.0409
2014-07-03 00:00:00,220000.0,4.0,1.0,1200,6000.0,1.5,0,0,3,1200,0.0,1923,1998,7943 13th Ave SW,Seattle,WA 98106,USA,91,1,-0.9997,-0.2434,-0.7328,-0.665,1.6056
2014-07-03 00:00:00,1625000.0,4.0,3.25,2980,3600.0,2.0,0,0,3,2150,830.0,1999,0,1820 38th Ave E,Seattle,WA 98112,USA,15,0,0.9417,-0.3104,0.4061,1.1893,-0.9482
2014-07-03 00:00:00,405500.0,2.0,2.75,1350,1252.0,2.0,0,0,3,1120,230.0,2006,0,9126 45th Ave SW,Seattle,WA 98136,USA,8,0,-0.8361,-0.3758,-0.8287,-0.1512,-1.1835
2014-07-03 00:00:00,633000.0,4.0,2.5,2360,10000.0,1.0,0,3,3,1980,380.0,1977,2004,3323-3325 33rd Ave SW,Seattle,WA 98126,USA,37,1,0.2655,-0.1319,0.2023,0.1839,-0.209
2014-07-03 00:00:00,295950.0,2.0,1.0,1190,6200.0,1.0,0,0,3,1190,0.0,1948,1994,1610 N 185th St,Shoreline,WA 98133,USA,66,1,-1.0106,-0.2379,-0.7448,-0.665,0.7655
2014-07-03 00:00:00,1042031.0,4.0,5.0,4110,43560.0,2.0,0,0,4,4110,0.0,1978,2000,2808 120th Ave NE,Bellevue,WA 98005,USA,36,1,2.1741,0.8038,2.7559,-0.665,-0.2426
2014-07-03 00:00:00,605000.0,4.0,2.5,2800,10786.0,1.0,0,0,3,1420,1380.0,1970,2014,16674 SE 17th St,Bellevue,WA 98008,USA,44,1,0.7454,-0.11,-0.4691,2.418,0.0263
2014-07-03 00:00:00,255000.0,2.0,1.5,920,1598.0,2.0,0,0,3,920,0.0,1995,0,10740 Stone Ave N,Seattle,WA 98133,USA,19,0,-1.3051,-0.3662,-1.0685,-0.665,-0.8138
2014-07-03 00:00:00,474000.0,3.0,1.75,1530,8000.0,2.0,0,0,3,1530,0.0,1978,0,10828 157th Ave NE,Redmond,WA 98052,USA,36,0,-0.6398,-0.1877,-0.3372,-0.665,-0.2426
2014-07-03 00:00:00,370000.0,2.0,1.0,860,5040.0,1.0,0,0,3,860,0.0,1956,2001,9257 7th Ave NW,Seattle,WA 98117,USA,58,1,-1.3705,-0.2702,-1.1404,-0.665,0.4967
2014-07-03 00:00:00,288000.0,3.0,2.5,1520,3593.0,2.0,0,0,3,1520,0.0,2004,2003,22412 SE 243rd St,Maple Valley,WA 98038,USA,10,1,-0.6507,-0.3106,-0.3492,-0.665,-1.1163
2014-07-03 00:00:00,100000.0,2.0,0.75,660,5240.0,1.0,0,0,4,660,0.0,1912,1989,749 1st Ave N,Kent,WA 98032,USA,102,1,-1.5887,-0.2646,-1.3802,-0.665,1.9753
2014-07-03 00:00:00,1150000.0,5.0,2.5,3580,8921.0,2.0,0,0,3,3580,0.0,2000,0,409 20th Ave,Kirkland,WA 98033,USA,14,0,1.5961,-0.162,2.1205,-0.665,-0.9818
2014-07-03 00:00:00,600000.0,5.0,2.25,3000,13899.0,2.0,0,0,4,3000,0.0,1975,0,17612 NE 30th Pl,Redmond,WA 98052,USA,39,0,0.9635,-0.0232,1.4251,-0.665,-0.1418
2014-07-03 00:00:00,515000.0,5.0,3.25,2740,9629.0,1.0,0,0,5,1390,1350.0,1977,0,10723 NE 189th St,Bothell,WA 98011,USA,37,0,0.6799,-0.1423,-0.505,2.351,-0.209
2014-07-03 00:00:00,345000.0,4.0,2.25,2040,5523.0,2.0,0,0,3,2040,0.0,1999,0,455 S 190th St,Burien,WA 98148,USA,15,0,-0.0836,-0.2567,0.2742,-0.665,-0.9482
2014-07-03 00:00:00,975000.0,6.0,2.75,2520,54160.0,2.0,1,4,3,2520,0.0,1954,2005,3405 SW Seola Ln,Seattle,WA 98146,USA,60,1,0.44,1.0994,0.8497,-0.665,0.5639
2014-07-03 00:00:00,850000.0,3.0,2.0,2470,8800.0,2.0,0,0,3,2470,0.0,1961,2004,3914 88th Ave SE,Mercer Island,WA 98040,USA,53,1,0.3854,-0.1654,0.7897,-0.665,0.3287
2014-07-03 00:00:00,439990.0,3.0,2.5,1930,1348.0,2.0,0,0,3,1300,630.0,2005,0,3433 21st Ave W,Seattle,WA 98199,USA,9,0,-0.2035,-0.3731,-0.6129,0.7425,-1.1499
2014-07-03 00:00:00,554950.0,3.0,2.5,2950,10254.0,2.0,0,0,3,2950,0.0,2006,0,409 Pasco Pl NE,Renton,WA 98059,USA,8,0,0.909,-0.1248,1.3652,-0.665,-1.1835
2014-07-03 00:00:00,605000.0,3.0,2.5,2610,6405.0,2.0,0,0,3,2610,0.0,2001,0,7102 Curtis Dr SE,Snoqualmie,WA 98065,USA,13,0,0.5381,-0.2321,0.9576,-0.665,-1.0154
2014-07-03 00:00:00,609000.0,3.0,1.75,1630,1526.0,3.0,0,0,3,1630,0.0,2014,0,3644 Phinney Ave N,Seattle,WA 98103,USA,0,0,-0.5307,-0.3682,-0.2173,-0.665,-1.4523
2014-07-03 00:00:00,425000.0,3.0,1.5,1400,1022.0,3.0,0,0,3,1400,0.0,2007,0,1018 NE 96th St,Seattle,WA 98115,USA,7,0,-0.7816,-0.3822,-0.493,-0.665,-1.2171
2014-07-03 00:00:00,399900.0,2.0,1.75,1410,1005.0,1.5,0,0,3,900,510.0,2011,0,932-968 NE High St,Issaquah,WA 98029,USA,3,0,-0.7707,-0.3827,-1.0925,0.4744,-1.3515
2014-07-03 00:00:00,1025000.0,4.0,3.5,4370,10860.0,2.0,0,0,3,4370,0.0,2008,0,5350 NE 16th St,Renton,WA 98059,USA,6,0,2.4577,-0.1079,3.0676,-0.665,-1.2507
2014-07-03 00:00:00,2351956.0,4.0,4.25,5010,19412.0,2.0,0,1,3,4000,1010.0,2014,0,6410 E Mercer Way,Mercer Island,WA 98040,USA,0,0,3.1557,0.1305,2.624,1.5914,-1.4523
2014-07-03 00:00:00,519995.0,4.0,3.0,2590,6160.0,2.0,0,0,3,2590,0.0,2014,0,14012 163rd Pl SE,Renton,WA 98059,USA,0,0,0.5163,-0.239,0.9336,-0.665,-1.4523
2014-07-04 00:00:00,625000.0,3.0,1.5,1300,7200.0,1.0,0,0,5,1300,0.0,1960,0,619 9th Ave,Kirkland,WA 98033,USA,54,0,-0.8906,-0.21,-0.6129,-0.665,0.3623
2014-07-04 00:00:00,600000.0,3.0,2.5,2320,7609.0,2.0,0,0,3,2320,0.0,2003,0,769-821 Big Tree Dr NW,Issaquah,WA 98027,USA,11,0,0.2218,-0.1986,0.6099,-0.665,-1.0827
2014-07-05 00:00:00,1200000.0,4.0,2.5,2700,4275.0,2.0,0,0,3,2700,0.0,2004,2003,124 NE 60th St,Seattle,WA 98115,USA,10,1,0.6363,-0.2915,1.0655,-0.665,-1.1163
2014-07-05 00:00:00,1738000.0,4.0,2.25,2920,6513.0,2.0,0,0,4,2260,660.0,1937,0,1987 Shenandoah Dr E,Seattle,WA 98112,USA,77,0,0.8762,-0.2291,0.538,0.8095,1.1352
2014-07-05 00:00:00,671000.0,4.0,3.0,3130,5700.0,1.5,0,0,3,1750,1380.0,1953,0,4222 NE 72nd St,Seattle,WA 98115,USA,61,0,1.1053,-0.2518,-0.0734,2.418,0.5975
2014-07-05 00:00:00,459500.0,3.0,1.75,1470,4950.0,1.0,0,0,3,1030,440.0,1984,0,14301 Wallingford Ave N,Seattle,WA 98133,USA,30,0,-0.7052,-0.2727,-0.9366,0.318,-0.4442
2014-07-05 00:00:00,499000.0,3.0,2.5,1540,1326.0,3.0,0,0,3,1390,150.0,1995,0,2841 13th Ave W,Seattle,WA 98119,USA,19,0,-0.6289,-0.3738,-0.505,-0.3299,-0.8138
2014-07-06 00:00:00,1280000.0,4.0,2.25,3160,4620.0,1.5,0,4,3,2020,1140.0,1917,2005,1730 Walnut Ave SW,Seattle,WA 98116,USA,97,1,1.138,-0.2819,0.2503,1.8818,1.8072
2014-07-06 00:00:00,395000.0,3.0,1.75,1480,7700.0,1.0,0,0,3,1480,0.0,1975,0,13547 104th Pl NE,Kirkland,WA 98034,USA,39,0,-0.6943,-0.196,-0.3971,-0.665,-0.1418
2014-07-07 00:00:00,861990.0,5.0,2.75,3595,5639.0,2.0,0,0,3,3595,0.0,2014,0,9622 242nd Way NE,Redmond,WA 98053,USA,0,0,1.6124,-0.2535,2.1385,-0.665,-1.4523
2014-07-07 00:00:00,382500.0,2.0,1.0,1190,4440.0,1.0,0,0,3,1190,0.0,1981,2013,3825 NE 117th St,Seattle,WA 98125,USA,33,1,-1.0106,-0.2869,-0.7448,-0.665,-0.3434
2014-07-07 00:00:00,404950.0,4.0,2.25,2340,217014.0,1.0,0,0,4,2340,0.0,1982,2011,19415 SE 342nd St,Auburn,WA 98092,USA,32,1,0.2436,5.6402,0.6339,-0.665,-0.377
2014-07-07 00:00:00,530000.0,3.0,1.75,1320,2500.0,1.0,0,0,3,870,450.0,1918,0,2108 NE 54th St,Seattle,WA 98105,USA,96,0,-0.8688,-0.341,-1.1284,0.3403,1.7736
2014-07-07 00:00:00,195000.0,2.0,1.0,1190,27007.0,1.0,0,0,4,1190,0.0,1910,0,205 SW Gibson Ln,Issaquah,WA 98027,USA,104,0,-1.0106,0.3423,-0.7448,-0.665,2.0425
2014-07-07 00:00:00,747500.0,4.0,2.25,2350,18600.0,2.0,0,0,4,2350,0.0,1977,0,16327 Inglewood Pl NE,Kenmore,WA 98028,USA,37,0,0.2546,0.1079,0.6459,-0.665,-0.209
2014-07-07 00:00:00,199990.0,3.0,1.0,1100,8560.0,1.0,0,0,3,1100,0.0,1961,2004,214 SW 305th St,Federal Way,WA 98023,USA,53,1,-1.1088,-0.1721,-0.8527,-0.665,0.3287
2014-07-07 00:00:00,548800.0,4.0,1.0,1660,4704.0,1.5,0,0,3,1260,400.0,1930,1997,8612 8th Ave NE,Seattle,WA 98115,USA,84,1,-0.498,-0.2796,-0.6609,0.2286,1.3704
2014-07-07 00:00:00,870000.0,4.0,3.0,3040,36246.0,1.5,0,0,3,2680,360.0,1923,2014,200 E Lake Sammamish Pkwy NE,Sammamish,WA 98074,USA,91,1,1.0071,0.5999,1.0415,0.1393,1.6056
2014-07-07 00:00:00,588000.0,3.0,2.0,1860,4777.0,2.0,0,0,5,1860,0.0,1908,0,8222 16th Ave NE,Seattle,WA 98115,USA,106,0,-0.2799,-0.2775,0.0584,-0.665,2.1097
2014-07-07 00:00:00,775000.0,4.0,3.25,4100,241322.0,2.0,0,0,3,2500,1600.0,1981,2013,18096-18162 NE 143rd Pl,Woodinville,WA 98072,USA,33,1,2.1632,6.318,0.8257,2.9095,-0.3434
2014-07-07 00:00:00,670000.0,6.0,3.0,4050,36171.0,2.0,0,0,4,2620,1430.0,1970,0,14717 245th Ave SE,Issaquah,WA 98027,USA,44,0,2.1087,0.5978,0.9696,2.5297,0.0263
2014-07-07 00:00:00,445000.0,2.0,2.0,1240,2500.0,2.0,0,0,3,1240,0.0,1985,0,2847 NW 70th St,Seattle,WA 98117,USA,29,0,-0.9561,-0.341,-0.6849,-0.665,-0.4778
2014-07-07 00:00:00,300000.0,4.0,3.0,2200,10800.0,1.0,0,0,3,2200,0.0,1960,2012,17237 129th Ave SE,Renton,WA 98058,USA,54,1,0.091,-0.1096,0.4661,-0.665,0.3623
2014-07-07 00:00:00,480000.0,3.0,2.25,1680,9090.0,1.0,0,0,4,1130,550.0,1959,0,305 158th Pl SE,Bellevue,WA 98008,USA,55,0,-0.4762,-0.1573,-0.8167,0.5637,0.3959
2014-07-07 00:00:00,300000.0,3.0,1.0,930,5160.0,1.5,0,0,5,930,0.0,1919,1934,8631 17th Ave SW,Seattle,WA 98106,USA,95,1,-1.2942,-0.2669,-1.0565,-0.665,1.74
2014-07-07 00:00:00,360000.0,3.0,1.5,1800,22000.0,2.0,0,0,3,1800,0.0,1931,0,3714 S 128th St,Tukwila,WA 98168,USA,83,0,-0.3453,0.2027,-0.0135,-0.665,1.3368
2014-07-07 00:00:00,527000.0,6.0,3.5,3000,8401.0,1.0,0,0,3,1500,1500.0,1979,2014,12750 27th Ave NE,Seattle,WA 98125,USA,35,1,0.9635,-0.1765,-0.3732,2.6861,-0.2762
2014-07-07 00:00:00,875000.0,3.0,1.5,1820,12686.0,1.0,0,0,4,1820,0.0,1952,0,2424 109th Ave SE,Bellevue,WA 98004,USA,62,0,-0.3235,-0.057,0.0105,-0.665,0.6311
2014-07-07 00:00:00,266000.0,4.0,2.25,1995,7102.0,2.0,0,0,4,1995,0.0,1981,0,33724 27th Pl SW,Federal Way,WA 98023,USA,33,0,-0.1326,-0.2127,0.2203,-0.665,-0.3434
2014-07-07 00:00:00,866000.0,4.0,3.25,3990,9786.0,2.0,0,0,3,3990,0.0,2004,2003,Nuthatch Trail,Redmond,WA 98053,USA,10,1,2.0432,-0.1379,2.612,-0.665,-1.1163
2014-07-07 00:00:00,335950.0,2.0,1.5,800,5192.0,1.0,0,0,5,800,0.0,1951,0,10203 42nd Ave SW,Seattle,WA 98146,USA,63,0,-1.436,-0.266,-1.2124,-0.665,0.6647
2014-07-07 00:00:00,215000.0,3.0,1.0,960,9563.0,1.0,0,0,5,960,0.0,1967,0,1625 SW 351st St,Federal Way,WA 98023,USA,47,0,-1.2615,-0.1441,-1.0205,-0.665,0.1271
2014-07-07 00:00:00,481000.0,4.0,2.5,2286,8269.0,2.0,0,0,3,2286,0.0,2002,0,1831 NE 29th Ct,Renton,WA 98056,USA,12,0,0.1848,-0.1802,0.5692,-0.665,-1.049
2014-07-07 00:00:00,320000.0,3.0,1.75,2220,11646.0,1.0,0,0,3,1270,950.0,1950,2005,5608 NE 204th St,Kenmore,WA 98028,USA,64,1,0.1128,-0.086,-0.6489,1.4573,0.6983
2014-07-07 00:00:00,295000.0,3.0,1.75,1940,7500.0,1.5,0,0,4,1940,0.0,1918,1985,1708 Franklin St,Enumclaw,WA 98022,USA,96,1,-0.1926,-0.2016,0.1543,-0.665,1.7736
2014-07-07 00:00:00,295000.0,3.0,1.5,1640,7222.0,2.0,0,0,4,1640,0.0,1908,0,9047 4th Ave S,Seattle,WA 98108,USA,106,0,-0.5198,-0.2094,-0.2053,-0.665,2.1097
2014-07-07 00:00:00,320000.0,3.0,1.0,1120,10576.0,1.0,0,0,4,1120,0.0,1969,0,17722 199th Ave NE,Woodinville,WA 98077,USA,45,0,-1.087,-0.1158,-0.8287,-0.665,0.0599
2014-07-07 00:00:00,780000.0,4.0,2.0,2600,4800.0,1.0,0,2,3,1400,1200.0,1953,0,1937 10th Ave W,Seattle,WA 98119,USA,61,0,0.5272,-0.2769,-0.493,2.0159,0.5975
2014-07-07 00:00:00,437500.0,3.0,2.0,1490,4800.0,2.0,0,0,5,1490,0.0,1948,1985,309 NW 89th St,Seattle,WA 98117,USA,66,1,-0.6834,-0.2769,-0.3851,-0.665,0.7655
2014-07-07 00:00:00,443000.0,5.0,1.75,1650,3000.0,1.5,0,0,3,1650,0.0,1902,0,814 20th Ave S,Seattle,WA 98144,USA,112,0,-0.5089,-0.3271,-0.1933,-0.665,2.3113
2014-07-07 00:00:00,575000.0,4.0,2.5,2400,6137.0,2.0,0,0,3,2400,0.0,1990,2009,22447 NE 9th Dr,Sammamish,WA 98074,USA,24,1,0.3091,-0.2396,0.7058,-0.665,-0.6458
2014-07-07 00:00:00,245000.0,2.0,1.0,1500,6685.0,1.0,0,0,3,1190,310.0,1926,2003,12226 Phinney Ave N,Seattle,WA 98133,USA,88,1,-0.6725,-0.2243,-0.7448,0.0276,1.5048
2014-07-07 00:00:00,450000.0,3.0,2.25,1990,12793.0,2.0,0,0,3,1990,0.0,1993,0,14543 86th Pl NE,Kenmore,WA 98028,USA,21,0,-0.1381,-0.054,0.2143,-0.665,-0.7466
2014-07-07 00:00:00,536000.0,2.0,1.5,1130,746.0,2.0,0,0,3,1030,100.0,2009,0,5412 6th Ave NW,Seattle,WA 98107,USA,5,0,-1.0761,-0.3899,-0.9366,-0.4416,-1.2843
2014-07-07 00:00:00,685000.0,3.0,3.25,2030,11070.0,2.0,0,0,4,2030,0.0,1980,0,16725 NE 42nd Ct,Redmond,WA 98052,USA,34,0,-0.0945,-0.1021,0.2622,-0.665,-0.3098
2014-07-07 00:00:00,373000.0,4.0,1.75,1590,7920.0,2.0,0,0,4,1590,0.0,1960,2001,16016 Burke Ave N,Shoreline,WA 98133,USA,54,1,-0.5743,-0.1899,-0.2653,-0.665,0.3623
2014-07-07 00:00:00,450000.0,3.0,1.75,1480,8394.0,1.0,0,0,4,1480,0.0,1971,0,6201 147th Ct NE,Redmond,WA 98052,USA,43,0,-0.6943,-0.1767,-0.3971,-0.665,-0.0073
2014-07-07 00:00:00,645000.0,4.0,2.5,2690,18653.0,2.0,0,0,3,2690,0.0,1985,0,4117 211th Pl NE,Sammamish,WA 98074,USA,29,0,0.6254,0.1094,1.0535,-0.665,-0.4778
2014-07-07 00:00:00,1275000.0,3.0,2.5,3870,46609.0,2.0,0,3,3,3870,0.0,1997,0,17002 SE 14th Ln,Bellevue,WA 98008,USA,17,0,1.9124,0.8888,2.4682,-0.665,-0.881
2014-07-07 00:00:00,230000.0,3.0,1.0,1390,6000.0,1.0,0,0,3,1390,0.0,1954,2005,880 Monroe Ave NE,Renton,WA 98056,USA,60,1,-0.7925,-0.2434,-0.505,-0.665,0.5639
2014-07-07 00:00:00,593000.0,3.0,2.75,1830,1850.0,2.0,0,0,3,1690,140.0,2011,0,2101-2499 NW Stoney Creek Dr,Issaquah,WA 98027,USA,3,0,-0.3126,-0.3592,-0.1454,-0.3522,-1.3515
2014-07-07 00:00:00,558000.0,2.0,2.0,1580,5750.0,1.0,0,0,5,790,790.0,1910,0,4052 41st Ave SW,Seattle,WA 98116,USA,104,0,-0.5853,-0.2504,-1.2243,1.0999,2.0425
2014-07-07 00:00:00,538250.0,3.0,2.25,2590,15229.0,2.0,0,3,3,2590,0.0,1984,0,23105 Marine View Dr S,Des Moines,WA 98198,USA,30,0,0.5163,0.0139,0.9336,-0.665,-0.4442
2014-07-07 00:00:00,475000.0,5.0,2.5,2510,8050.0,1.0,0,0,4,1490,1020.0,1977,0,12608 NE 134th Pl,Kirkland,WA 98034,USA,37,0,0.4291,-0.1863,-0.3851,1.6137,-0.209
2014-07-07 00:00:00,209950.0,3.0,1.5,1180,7300.0,1.0,0,0,4,1180,0.0,1968,0,2601-2667 Alpine St SE,Auburn,WA 98002,USA,46,0,-1.0215,-0.2072,-0.7568,-0.665,0.0935
2014-07-07 00:00:00,410000.0,3.0,2.25,1450,19206.0,2.0,0,0,3,1450,0.0,1989,0,1107 216th Ave NE,Sammamish,WA 98074,USA,25,0,-0.727,0.1248,-0.4331,-0.665,-0.6122
2014-07-07 00:00:00,1636000.0,3.0,2.5,3110,6765.0,2.0,0,1,4,2550,560.0,1946,1989,8240 Fairway Dr NE,Seattle,WA 98115,USA,68,1,1.0835,-0.2221,0.8857,0.5861,0.8327
2014-07-07 00:00:00,670000.0,5.0,2.5,2860,68519.0,2.0,0,0,5,2860,0.0,1958,0,37927 SE 82nd Pl,Snoqualmie,WA 98065,USA,56,0,0.8108,1.4998,1.2573,-0.665,0.4295
2014-07-07 00:00:00,821000.0,3.0,2.75,2760,8476.0,1.0,0,0,4,1690,1070.0,1967,0,6950 93rd Ave SE,Mercer Island,WA 98040,USA,47,0,0.7017,-0.1744,-0.1454,1.7254,0.1271
2014-07-07 00:00:00,665000.0,5.0,2.0,2800,17788.0,1.0,0,0,4,1400,1400.0,1963,0,7502 132nd Ave NE,Kirkland,WA 98033,USA,51,0,0.7454,0.0852,-0.493,2.4627,0.2615
2014-07-07 00:00:00,339000.0,3.0,2.5,1450,3748.0,2.0,0,0,3,1450,0.0,2004,2003,7621 Orchard Ave SE,Snoqualmie,WA 98065,USA,10,1,-0.727,-0.3062,-0.4331,-0.665,-1.1163
2014-07-07 00:00:00,631500.0,4.0,2.0,2530,5650.0,1.5,0,0,4,1910,620.0,1910,0,2900-2998 Fairmount Ave SW,Seattle,WA 98116,USA,104,0,0.4509,-0.2532,0.1184,0.7201,2.0425
2014-07-07 00:00:00,570000.0,3.0,2.0,1640,2808.0,1.0,0,3,4,820,820.0,1924,0,3209 S Charles St,Seattle,WA 98144,USA,90,0,-0.5198,-0.3324,-1.1884,1.1669,1.572
2014-07-07 00:00:00,437000.0,3.0,1.75,2220,17568.0,1.0,0,0,4,2220,0.0,1967,0,16527 191st Pl NE,Woodinville,WA 98072,USA,47,0,0.1128,0.0791,0.49,-0.665,0.1271
2014-07-07 00:00:00,542500.0,3.0,2.5,2040,10086.0,2.0,0,0,3,2040,0.0,1987,2000,8511 170th Ct NE,Redmond,WA 98052,USA,27,1,-0.0836,-0.1295,0.2742,-0.665,-0.545
2014-07-07 00:00:00,229500.0,3.0,1.0,1230,6000.0,1.0,0,0,4,1230,0.0,1967,0,1605 21st St NE,Auburn,WA 98002,USA,47,0,-0.967,-0.2434,-0.6968,-0.665,0.1271
2014-07-07 00:00:00,170500.0,2.0,1.0,1060,7700.0,1.0,0,0,3,820,240.0,1981,2013,1019 S 22nd Ct,Renton,WA 98055,USA,33,1,-1.1524,-0.196,-1.1884,-0.1288,-0.3434
2014-07-07 00:00:00,391500.0,3.0,2.5,1920,9625.0,2.0,0,0,3,1920,0.0,1993,0,955 11th Ct SW,North Bend,WA 98045,USA,21,0,-0.2144,-0.1424,0.1304,-0.665,-0.7466
2014-07-07 00:00:00,296475.0,3.0,2.5,1520,4170.0,2.0,0,0,3,1520,0.0,2004,2003,24312 226th Ave SE,Maple Valley,WA 98038,USA,10,1,-0.6507,-0.2945,-0.3492,-0.665,-1.1163
2014-07-07 00:00:00,1450000.0,4.0,3.25,3770,4103.0,2.0,0,0,5,2710,1060.0,1925,0,410 Wheeler St,Seattle,WA 98109,USA,89,0,1.8033,-0.2963,1.0775,1.7031,1.5384
2014-07-07 00:00:00,888550.0,3.0,2.5,3540,38322.0,2.0,0,0,3,3540,0.0,1989,0,21837 NE 102nd St,Redmond,WA 98053,USA,25,0,1.5524,0.6578,2.0725,-0.665,-0.6122
2014-07-07 00:00:00,1360000.0,4.0,3.0,5430,108900.0,2.0,0,0,4,5430,0.0,1987,0,22701 NE 57th Ct,Redmond,WA 98053,USA,27,0,3.6138,2.6257,4.3384,-0.665,-0.545
2014-07-07 00:00:00,328000.0,3.0,2.0,2250,7904.0,1.5,0,0,3,2250,0.0,1998,2006,1512 10th Ct NW,Auburn,WA 98001,USA,16,1,0.1455,-0.1904,0.526,-0.665,-0.9146
2014-07-07 00:00:00,300000.0,4.0,2.5,2090,5195.0,2.0,0,0,3,2090,0.0,2007,0,22736 129th Pl SE,Kent,WA 98031,USA,7,0,-0.029,-0.2659,0.3342,-0.665,-1.2171
2014-07-07 00:00:00,500000.0,3.0,2.5,1720,3012.0,2.0,0,0,3,1720,0.0,2011,0,14020 Meridian Ave N,Seattle,WA 98133,USA,3,0,-0.4326,-0.3268,-0.1094,-0.665,-1.3515
2014-07-07 00:00:00,494815.0,3.0,2.5,1910,2091.0,2.0,0,0,3,1910,0.0,2014,0,1273 NE Hickory Ln,Issaquah,WA 98029,USA,0,0,-0.2253,-0.3524,0.1184,-0.665,-1.4523
2014-07-07 00:00:00,378000.0,3.0,2.5,1601,2491.0,3.0,0,0,3,1536,65.0,2007,0,12341 10th Pl NE,Seattle,WA 98125,USA,7,0,-0.5624,-0.3413,-0.33,-0.5198,-1.2171
2014-07-07 00:00:00,505000.0,2.0,2.25,1060,1209.0,2.0,0,0,3,940,120.0,2006,0,2000 Yale Ave E,Seattle,WA 98102,USA,8,0,-1.1524,-0.377,-1.0445,-0.3969,-1.1835
2014-07-07 00:00:00,680000.0,4.0,2.75,2330,3920.0,2.0,0,0,3,2330,0.0,2005,0,3440 NE Marion Ln,Issaquah,WA 98029,USA,9,0,0.2327,-0.3014,0.6219,-0.665,-1.1499
2014-07-07 00:00:00,351999.0,3.0,2.5,2370,4200.0,2.0,0,0,3,2370,0.0,2014,0,25828 243rd Ave SE,Maple Valley,WA 98038,USA,0,0,0.2764,-0.2936,0.6699,-0.665,-1.4523
2014-07-07 00:00:00,510000.0,3.0,2.25,1420,1237.0,3.0,0,0,3,1420,0.0,2014,0,2252 NW 62nd St,Seattle,WA 98107,USA,0,0,-0.7598,-0.3762,-0.4691,-0.665,-1.4523
2014-07-07 00:00:00,1300000.0,4.0,2.25,2360,4000.0,2.0,0,0,3,2360,0.0,2013,1923,186 34th Ave E,Seattle,WA 98112,USA,1,1,0.2655,-0.2992,0.6579,-0.665,-1.4187
2014-07-07 00:00:00,374000.0,2.0,1.5,1260,1575.0,2.0,0,0,3,1260,0.0,2001,0,2900-2948 S Irving St,Seattle,WA 98144,USA,13,0,-0.9343,-0.3668,-0.6609,-0.665,-1.0154
2014-07-07 00:00:00,509900.0,3.0,2.5,3030,9053.0,2.0,0,0,3,3030,0.0,2009,0,5221 NE 7th Pl,Renton,WA 98059,USA,5,0,0.9962,-0.1583,1.4611,-0.665,-1.2843
2014-07-07 00:00:00,230000.0,3.0,1.75,1140,1201.0,2.0,0,0,3,1140,0.0,2014,0,4424-4438 Martin Luther King Jr Way S,Seattle,WA 98108,USA,0,0,-1.0651,-0.3772,-0.8047,-0.665,-1.4523
2014-07-08 00:00:00,527700.0,5.0,2.5,2820,9375.0,1.0,0,0,4,1550,1270.0,1968,0,15910 SE 42nd Pl,Bellevue,WA 98006,USA,46,0,0.7672,-0.1493,-0.3132,2.1722,0.0935
2014-07-08 00:00:00,438000.0,2.0,2.0,1270,1372.0,3.0,0,0,3,1270,0.0,2000,0,848 NE 67th St,Seattle,WA 98115,USA,14,0,-0.9234,-0.3725,-0.6489,-0.665,-0.9818
2014-07-08 00:00:00,900000.0,3.0,2.5,3180,12600.0,2.0,0,0,4,3180,0.0,1978,2000,3004 211th Ave NE,Sammamish,WA 98074,USA,36,1,1.1598,-0.0594,1.6409,-0.665,-0.2426
2014-07-08 00:00:00,1131000.0,3.0,2.25,2790,13791.0,1.0,0,3,3,2790,0.0,2006,0,18125 Brittany Dr SW,Normandy Park,WA 98166,USA,8,0,0.7344,-0.0262,1.1734,-0.665,-1.1835
2014-07-08 00:00:00,439000.0,4.0,2.25,2570,9503.0,2.0,0,0,3,2570,0.0,1980,0,18719 129th Ct NE,Bothell,WA 98011,USA,34,0,0.4945,-0.1458,0.9096,-0.665,-0.3098
2014-07-08 00:00:00,315000.0,2.0,1.0,1080,2674.0,1.0,0,0,4,720,360.0,1919,1985,4820 12th Ave S,Seattle,WA 98108,USA,95,1,-1.1306,-0.3362,-1.3083,0.1393,1.74
2014-07-08 00:00:00,765000.0,4.0,4.0,3010,7221.0,2.0,0,0,3,3010,0.0,2004,2003,2828 277th Terrace SE,Sammamish,WA 98075,USA,10,1,0.9744,-0.2094,1.4371,-0.665,-1.1163
2014-07-08 00:00:00,332000.0,3.0,2.25,2120,14915.0,1.0,0,0,3,1720,400.0,1979,2014,27840 38th Pl S,Auburn,WA 98001,USA,35,1,0.0037,0.0051,-0.1094,0.2286,-0.2762
2014-07-08 00:00:00,600000.0,3.0,2.25,1900,46609.0,1.5,0,0,4,1440,460.0,1969,0,17308 167th Ave NE,Woodinville,WA 98072,USA,45,0,-0.2362,0.8888,-0.4451,0.3627,0.0599
2014-07-08 00:00:00,378500.0,3.0,2.5,2860,43821.0,2.0,0,0,4,2860,0.0,1990,0,14921 SE Auburn-Black Diamond Rd,Auburn,WA 98092,USA,24,0,0.8108,0.8111,1.2573,-0.665,-0.6458
2014-07-08 00:00:00,190000.0,3.0,1.0,910,10575.0,1.0,0,0,4,910,0.0,1968,0,2536 S 365th Pl,Federal Way,WA 98003,USA,46,0,-1.316,-0.1159,-1.0805,-0.665,0.0935
2014-07-08 00:00:00,645000.0,4.0,2.5,2850,37522.0,2.0,0,0,3,2850,0.0,1987,2000,26007 SE 27th St,Sammamish,WA 98075,USA,27,1,0.7999,0.6355,1.2453,-0.665,-0.545
2014-07-08 00:00:00,780000.0,2.0,2.5,2560,2500.0,2.0,0,0,5,1690,870.0,1901,0,419 25th Ave E,Seattle,WA 98112,USA,113,0,0.4836,-0.341,-0.1454,1.2786,2.3449
2014-07-08 00:00:00,370000.0,3.0,1.75,1570,16817.0,2.0,0,0,3,1570,0.0,1982,0,43719 SE 142nd St,North Bend,WA 98045,USA,32,0,-0.5962,0.0582,-0.2892,-0.665,-0.377
2014-07-08 00:00:00,875000.0,4.0,3.5,3110,108464.0,2.0,0,2,4,3110,0.0,1979,0,24119 SE 18th Pl,Sammamish,WA 98075,USA,35,0,1.0835,2.6135,1.557,-0.665,-0.2762
2014-07-08 00:00:00,1049000.0,4.0,3.75,4740,126759.0,2.0,0,0,4,4740,0.0,1991,0,27125-27131 SE 175th Pl,Issaquah,WA 98027,USA,23,0,2.8612,3.1236,3.5112,-0.665,-0.6794
2014-07-08 00:00:00,479000.0,3.0,1.0,1340,13750.0,1.0,0,0,4,1340,0.0,1955,2009,14211 SE 37th St,Bellevue,WA 98006,USA,59,1,-0.847,-0.0273,-0.565,-0.665,0.5303
2014-07-08 00:00:00,245000.0,4.0,2.25,2600,6390.0,1.0,0,0,3,1390,1210.0,1978,0,26th Ave SW,Federal Way,WA 98023,USA,36,0,0.5272,-0.2326,-0.505,2.0382,-0.2426
2014-07-08 00:00:00,542000.0,3.0,1.75,1070,8030.0,1.0,0,0,3,1070,0.0,1966,2014,13820 NE 72nd Pl,Redmond,WA 98052,USA,48,1,-1.1415,-0.1868,-0.8887,-0.665,0.1607
2014-07-08 00:00:00,557500.0,3.0,2.25,1820,9670.0,2.0,0,0,3,1820,0.0,1984,0,17213 NE 32nd St,Redmond,WA 98052,USA,30,0,-0.3235,-0.1411,0.0105,-0.665,-0.4442
2014-07-08 00:00:00,480000.0,2.0,1.0,1060,3040.0,1.0,0,0,3,860,200.0,1924,2011,2342 N 60th St,Seattle,WA 98103,USA,90,1,-1.1524,-0.326,-1.1404,-0.2182,1.572
2014-07-08 00:00:00,330000.0,3.0,2.25,2220,4060.0,1.0,0,0,3,1330,890.0,1993,0,5401 S Fletcher St,Seattle,WA 98118,USA,21,0,0.1128,-0.2975,-0.577,1.3233,-0.7466
2014-07-08 00:00:00,160000.0,3.0,1.0,1350,8700.0,1.5,0,0,3,1350,0.0,1942,1999,17052 34th Ave S,SeaTac,WA 98188,USA,72,1,-0.8361,-0.1682,-0.553,-0.665,0.9672
2014-07-08 00:00:00,695500.0,5.0,2.75,2510,9180.0,1.0,0,1,4,1600,0.0,1975,0,3312 181st Pl NE,Redmond,WA 98052,USA,39,0,0.4291,-0.1548,-0.2533,-0.665,-0.1418
2014-07-08 00:00:00,235500.0,5.0,2.5,2340,13713.0,1.0,0,0,2,1670,670.0,1967,0,30221 8th Ave S,Federal Way,WA 98003,USA,47,0,0.2436,-0.0284,-0.1693,0.8318,0.1271
2014-07-08 00:00:00,326500.0,3.0,1.0,1060,7920.0,1.0,0,0,4,1060,0.0,1968,0,4149-4399 19th Ave SW,Seattle,WA 98106,USA,46,0,-1.1524,-0.1899,-0.9007,-0.665,0.0935
2014-07-08 00:00:00,300000.0,4.0,2.5,2200,8065.0,2.0,0,0,3,2200,0.0,1998,2006,9526 S 221st Pl,Kent,WA 98031,USA,16,1,0.091,-0.1859,0.4661,-0.665,-0.9146
2014-07-08 00:00:00,267000.0,3.0,1.0,1400,8100.0,1.5,0,0,3,1400,0.0,1944,0,11520 36th Ave NE,Seattle,WA 98125,USA,70,0,-0.7816,-0.1849,-0.493,-0.665,0.8999
2014-07-08 00:00:00,292600.0,3.0,1.5,1520,7123.0,1.0,0,0,4,1520,0.0,1959,0,1012 Lynnwood Ave NE,Renton,WA 98056,USA,55,0,-0.6507,-0.2121,-0.3492,-0.665,0.3959
2014-07-08 00:00:00,362000.0,5.0,3.0,1810,3000.0,2.0,0,0,3,1810,0.0,1998,2006,4519 33rd Ave S,Seattle,WA 98118,USA,16,1,-0.3344,-0.3271,-0.0015,-0.665,-0.9146
2014-07-08 00:00:00,1087500.0,2.0,2.0,2360,11340.0,1.5,0,0,3,2360,0.0,1997,0,3063-3103 84th Ave SE,Mercer Island,WA 98040,USA,17,0,0.2655,-0.0945,0.6579,-0.665,-0.881
2014-07-08 00:00:00,357562.0,2.0,1.75,1210,1032.0,2.0,0,0,3,1210,0.0,2014,0,2520 Mulberry Walk NE,Issaquah,WA 98029,USA,0,0,-0.9888,-0.382,-0.7208,-0.665,-1.4523
2014-07-08 00:00:00,789900.0,3.0,2.5,3420,25150.0,1.0,0,0,4,1750,1670.0,1987,0,14102 SE 42nd St,Bellevue,WA 98006,USA,27,0,1.4216,0.2905,-0.0734,3.0659,-0.545
2014-07-08 00:00:00,513000.0,3.0,2.5,1810,4592.0,2.0,0,0,3,1810,0.0,1992,0,25744 SE 37th St,Issaquah,WA 98029,USA,22,0,-0.3344,-0.2827,-0.0015,-0.665,-0.713
2014-07-08 00:00:00,336000.0,3.0,2.25,2760,10160.0,1.0,0,0,3,2760,0.0,1969,2010,14213 SE 170th St,Renton,WA 98058,USA,45,1,0.7017,-0.1274,1.1374,-0.665,0.0599
2014-07-08 00:00:00,560000.0,4.0,2.25,1950,9800.0,1.0,0,0,3,1330,620.0,1968,1997,12034 NE 67th St,Kirkland,WA 98033,USA,46,1,-0.1817,-0.1375,-0.577,0.7201,0.0935
2014-07-08 00:00:00,1150000.0,3.0,2.5,3830,48743.0,2.0,0,0,3,3830,0.0,1991,0,16123 SE 44th Way,Bellevue,WA 98006,USA,23,0,1.8687,0.9483,2.4202,-0.665,-0.6794
2014-07-08 00:00:00,410000.0,4.0,2.25,2060,7283.0,1.0,0,0,3,1220,840.0,1963,2013,15568 11th Ave NE,Shoreline,WA 98155,USA,51,1,-0.0617,-0.2077,-0.7088,1.2116,0.2615
2014-07-08 00:00:00,371500.0,3.0,1.0,1650,6400.0,1.0,0,0,4,980,670.0,1954,1979,9233 25th Ave SW,Seattle,WA 98106,USA,60,1,-0.5089,-0.2323,-0.9966,0.8318,0.5639
2014-07-08 00:00:00,368000.0,4.0,1.75,2100,11942.0,1.0,0,0,3,1030,1070.0,1964,2000,5901-5909 17th Ave SW,Seattle,WA 98106,USA,50,1,-0.0181,-0.0778,-0.9366,1.7254,0.2279
2014-07-08 00:00:00,650000.0,4.0,3.0,3720,57499.0,1.0,0,0,3,1880,1840.0,2003,0,4316 331st Ave NE,Carnation,WA 98014,USA,11,0,1.7488,1.1925,0.0824,3.4456,-1.0827
2014-07-08 00:00:00,308950.0,4.0,2.5,1920,8562.0,2.0,0,2,4,1920,0.0,1994,0,203 Farrelly St,Enumclaw,WA 98022,USA,20,0,-0.2144,-0.172,0.1304,-0.665,-0.7802
2014-07-08 00:00:00,440000.0,3.0,2.0,1860,217800.0,2.0,0,2,3,1860,0.0,1998,2006,9700 174th Ave SE,Renton,WA 98059,USA,16,1,-0.2799,5.6621,0.0584,-0.665,-0.9146
2014-07-08 00:00:00,630000.0,2.0,2.5,2290,3507.0,2.0,0,0,3,2290,0.0,2005,0,2598 NE Natalie Way,Issaquah,WA 98029,USA,9,0,0.1891,-0.313,0.574,-0.665,-1.1499
2014-07-08 00:00:00,228950.0,3.0,1.75,1200,9085.0,1.0,0,0,4,1200,0.0,1968,0,35839 14th Ave SW,Federal Way,WA 98023,USA,46,0,-0.9997,-0.1574,-0.7328,-0.665,0.0935
2014-07-08 00:00:00,782000.0,4.0,3.5,5270,53428.0,2.0,0,0,3,3440,1830.0,2004,2003,18603 E Spring Lake Dr SE,Renton,WA 98058,USA,10,1,3.4393,1.079,1.9526,3.4233,-1.1163
2014-07-08 00:00:00,245000.0,3.0,2.5,1600,2788.0,2.0,0,0,4,1600,0.0,1992,0,11539 SE 221st Pl,Kent,WA 98031,USA,22,0,-0.5634,-0.333,-0.2533,-0.665,-0.713
2014-07-08 00:00:00,410000.0,4.0,2.5,2560,4020.0,2.0,0,0,3,2560,0.0,2006,0,27645 236th Ct SE,Maple Valley,WA 98038,USA,8,0,0.4836,-0.2986,0.8976,-0.665,-1.1835
2014-07-08 00:00:00,427550.0,2.0,1.0,880,4000.0,1.0,0,0,3,880,0.0,1940,1996,7554 Jones Ave NW,Seattle,WA 98117,USA,74,1,-1.3487,-0.2992,-1.1165,-0.665,1.0344
2014-07-08 00:00:00,235000.0,2.0,1.0,1020,7920.0,1.0,0,0,3,1020,0.0,1939,1969,1712 S Dawson St,Seattle,WA 98108,USA,75,1,-1.196,-0.1899,-0.9486,-0.665,1.068
2014-07-08 00:00:00,210000.0,3.0,2.0,960,9380.0,1.0,0,0,3,960,0.0,1949,1998,13045 6th Pl SW,Seattle,WA 98146,USA,65,1,-1.2615,-0.1492,-1.0205,-0.665,0.7319
2014-07-08 00:00:00,485000.0,4.0,2.25,1900,7200.0,1.0,0,0,3,1370,530.0,1977,2004,11042 31st Ave SW,Seattle,WA 98146,USA,37,1,-0.2362,-0.21,-0.529,0.519,-0.209
2014-07-08 00:00:00,410000.0,3.0,2.0,1320,6000.0,1.5,0,0,4,1320,0.0,1920,0,2200 S Hanford St,Seattle,WA 98144,USA,94,0,-0.8688,-0.2434,-0.5889,-0.665,1.7064
2014-07-08 00:00:00,435000.0,4.0,2.75,2230,9640.0,1.0,0,0,3,1320,910.0,1998,2006,13362 3rd Ave NE,Seattle,WA 98125,USA,16,1,0.1237,-0.1419,-0.5889,1.368,-0.9146
2014-07-08 00:00:00,300000.0,3.0,1.0,1150,7314.0,1.0,0,0,3,1150,0.0,1960,2012,16940 NE 16th Pl,Bellevue,WA 98008,USA,54,1,-1.0542,-0.2068,-0.7928,-0.665,0.3623
2014-07-08 00:00:00,455000.0,4.0,3.5,3440,6000.0,2.0,0,0,4,3440,0.0,2002,0,21625 4th Ave S,Normandy Park,WA 98198,USA,12,0,1.4434,-0.2434,1.9526,-0.665,-1.049
2014-07-08 00:00:00,210000.0,3.0,1.0,1070,7663.0,1.0,0,0,3,1070,0.0,1949,1998,11247 11th Ave SW,Seattle,WA 98146,USA,65,1,-1.1415,-0.1971,-0.8887,-0.665,0.7319
2014-07-08 00:00:00,1050000.0,4.0,2.75,2250,3433.0,1.5,0,0,3,1500,750.0,1927,2013,2052 Boyer Ave E,Seattle,WA 98112,USA,87,1,0.1455,-0.315,-0.3732,1.0105,1.4712
2014-07-08 00:00:00,458400.0,4.0,2.5,1910,10300.0,1.0,0,0,3,1910,0.0,1921,1968,105 NW 178th St,Shoreline,WA 98177,USA,93,1,-0.2253,-0.1235,0.1184,-0.665,1.6728
2014-07-08 00:00:00,390000.0,3.0,1.75,1180,16552.0,1.0,0,0,4,1180,0.0,1967,0,16714 NE 158th St,Woodinville,WA 98072,USA,47,0,-1.0215,0.0508,-0.7568,-0.665,0.1271
2014-07-08 00:00:00,148226.0,3.0,1.0,1400,7360.0,1.0,0,0,4,1400,0.0,1968,0,11626-11630 SE 323rd Pl,Auburn,WA 98092,USA,46,0,-0.7816,-0.2055,-0.493,-0.665,0.0935
2014-07-08 00:00:00,711600.0,4.0,3.0,3580,9316.0,2.5,0,0,3,2370,1210.0,1991,0,15502 SE 18th St,Bellevue,WA 98007,USA,23,0,1.5961,-0.151,0.6699,2.0382,-0.6794
2014-07-08 00:00:00,819000.0,3.0,2.75,3176,13391.0,2.0,0,3,4,2726,450.0,1985,0,401 S 289th St,Federal Way,WA 98003,USA,29,0,1.1554,-0.0374,1.0967,0.3403,-0.4778
2014-07-08 00:00:00,613000.0,2.0,2.0,1170,1890.0,1.5,0,1,4,1170,0.0,1927,0,2425 Westview Dr W,Seattle,WA 98119,USA,87,0,-1.0324,-0.358,-0.7688,-0.665,1.4712
2014-07-08 00:00:00,592350.0,2.0,2.0,1570,4665.0,1.0,0,0,3,1570,0.0,2006,0,Adair Creek Trail,Redmond,WA 98053,USA,8,0,-0.5962,-0.2807,-0.2892,-0.665,-1.1835
2014-07-08 00:00:00,232000.0,3.0,1.5,1460,15000.0,1.0,0,0,3,1460,0.0,1966,1963,31605-31625 51st Ave S,Auburn,WA 98001,USA,48,1,-0.7161,0.0075,-0.4211,-0.665,0.1607
2014-07-08 00:00:00,250000.0,3.0,1.75,1140,10400.0,1.0,0,0,4,1140,0.0,1983,0,1705 Douglas Ct,Milton,WA 98354,USA,31,0,-1.0651,-0.1208,-0.8047,-0.665,-0.4106
2014-07-08 00:00:00,115000.0,1.0,2.0,1150,7663.0,1.0,0,0,4,1150,0.0,1962,0,34215 40th Ave S,Auburn,WA 98001,USA,52,0,-1.0542,-0.1971,-0.7928,-0.665,0.2951
2014-07-08 00:00:00,1115000.0,4.0,2.5,3180,31931.0,1.0,0,0,4,2390,790.0,1978,2000,3108 142nd Pl NE,Bellevue,WA 98007,USA,36,1,1.1598,0.4796,0.6938,1.0999,-0.2426
2014-07-08 00:00:00,585000.0,4.0,2.5,2630,6185.0,2.0,0,0,3,2630,0.0,1999,0,3505 Monterey Ct NE,Renton,WA 98056,USA,15,0,0.5599,-0.2383,0.9816,-0.665,-0.9482
2014-07-08 00:00:00,580000.0,3.0,2.25,1940,5980.0,1.0,0,0,3,1520,420.0,1987,2000,1130 Oak Hill Pl NW,Issaquah,WA 98027,USA,27,1,-0.1926,-0.244,-0.3492,0.2733,-0.545
2014-07-08 00:00:00,165000.0,1.0,1.0,850,8050.0,1.0,0,0,2,850,0.0,1906,0,3510 S Holly St,Seattle,WA 98118,USA,108,0,-1.3814,-0.1863,-1.1524,-0.665,2.1769
2014-07-08 00:00:00,430000.0,3.0,2.0,1550,6039.0,1.0,0,0,5,830,720.0,1942,0,6537 36th Ave SW,Seattle,WA 98126,USA,72,0,-0.618,-0.2424,-1.1764,0.9435,0.9672
2014-07-08 00:00:00,383000.0,3.0,2.25,2090,15000.0,1.0,0,0,3,2090,0.0,1961,2004,608 Riverside Dr SE,North Bend,WA 98045,USA,53,1,-0.029,0.0075,0.3342,-0.665,0.3287
2014-07-08 00:00:00,1195000.0,4.0,3.5,3960,6654.0,2.0,0,0,3,2850,1110.0,2006,0,2905 25th Ave W,Seattle,WA 98199,USA,8,0,2.0105,-0.2252,1.2453,1.8148,-1.1835
2014-07-08 00:00:00,201500.0,3.0,1.0,1320,5000.0,1.5,0,0,3,1320,0.0,1912,1994,4207 SW Manning St,Seattle,WA 98116,USA,102,1,-0.8688,-0.2713,-0.5889,-0.665,1.9753
2014-07-08 00:00:00,690000.0,4.0,2.5,3220,35400.0,2.0,0,0,3,3220,0.0,1991,0,16831 NE 176th St,Woodinville,WA 98072,USA,23,0,1.2034,0.5763,1.6889,-0.665,-0.6794
2014-07-08 00:00:00,325000.0,2.0,1.0,800,7260.0,1.0,0,0,3,800,0.0,1953,0,7354 27th Ave SW,Seattle,WA 98126,USA,61,0,-1.436,-0.2083,-1.2124,-0.665,0.5975
2014-07-08 00:00:00,375000.0,3.0,1.75,1660,9673.0,1.0,0,0,3,1130,530.0,1976,0,13300 NE 186th St,Woodinville,WA 98072,USA,38,0,-0.498,-0.141,-0.8167,0.519,-0.1754
2014-07-08 00:00:00,600000.0,4.0,2.5,2250,11370.0,2.0,0,0,3,2250,0.0,1991,0,12362 76th Ct NE,Kirkland,WA 98034,USA,23,0,0.1455,-0.0937,0.526,-0.665,-0.6794
2014-07-08 00:00:00,340000.0,3.0,2.25,2120,13090.0,1.0,0,0,3,2120,0.0,1997,0,1310 G St SE,Auburn,WA 98002,USA,17,0,0.0037,-0.0458,0.3701,-0.665,-0.881
2014-07-08 00:00:00,890000.0,4.0,2.75,2310,4020.0,3.0,0,0,5,2310,0.0,1979,0,1602 32nd Ave,Seattle,WA 98122,USA,35,0,0.2109,-0.2986,0.5979,-0.665,-0.2762
2014-07-08 00:00:00,415000.0,4.0,1.75,1920,7700.0,2.0,0,0,4,1920,0.0,1970,0,7209 SE 70th St,Newcastle,WA 98056,USA,44,0,-0.2144,-0.196,0.1304,-0.665,0.0263
2014-07-08 00:00:00,255000.0,3.0,1.75,1550,9720.0,1.0,0,0,3,1050,500.0,1976,0,22821 SE 288th St,Black Diamond,WA 98010,USA,38,0,-0.618,-0.1397,-0.9126,0.452,-0.1754
2014-07-08 00:00:00,530000.0,2.0,2.5,1785,779.0,2.0,0,0,3,1595,190.0,1975,0,1600-1718 107th Ave SE,Bellevue,WA 98004,USA,39,0,-0.3617,-0.389,-0.2593,-0.2405,-0.1418
2014-07-08 00:00:00,468000.0,3.0,1.5,1830,9848.0,1.0,0,0,5,1830,0.0,1962,0,12000-12098 SE 71st Pl,Newcastle,WA 98056,USA,52,0,-0.3126,-0.1361,0.0225,-0.665,0.2951
2014-07-08 00:00:00,970000.0,5.0,2.75,3500,5040.0,2.0,0,2,3,2950,550.0,1927,2007,5433 37th Ave SW,Seattle,WA 98126,USA,87,1,1.5088,-0.2702,1.3652,0.5637,1.4712
2014-07-08 00:00:00,599000.0,3.0,2.0,2560,14680.0,1.0,0,0,3,1330,1230.0,1987,2000,16604 NE 42nd Ct,Redmond,WA 98052,USA,27,1,0.4836,-0.0014,-0.577,2.0829,-0.545
2014-07-08 00:00:00,399500.0,4.0,1.75,1360,4840.0,1.5,0,0,4,1360,0.0,1928,0,5048 35th Ave SW,Seattle,WA 98126,USA,86,0,-0.8252,-0.2758,-0.541,-0.665,1.4376
2014-07-08 00:00:00,1205000.0,4.0,3.5,3150,5500.0,2.0,0,0,3,3150,0.0,2014,0,4908 32nd Ave NE,Seattle,WA 98105,USA,0,0,1.1271,-0.2574,1.605,-0.665,-1.4523
2014-07-08 00:00:00,325000.0,2.0,1.0,810,4080.0,1.0,0,0,4,810,0.0,1941,1998,3620 SW Holden St,Seattle,WA 98126,USA,73,1,-1.4251,-0.297,-1.2004,-0.665,1.0008
2014-07-08 00:00:00,1135250.0,5.0,4.0,7320,217800.0,2.0,0,0,3,7320,0.0,1992,0,19100 SE 174th St,Renton,WA 98058,USA,22,0,5.6751,5.6621,6.6042,-0.665,-0.713
2014-07-08 00:00:00,568000.0,4.0,1.75,2790,17476.0,1.0,0,2,3,1450,1340.0,1956,2001,2714 SW 164th Pl,Burien,WA 98166,USA,58,1,0.7344,0.0765,-0.4331,2.3286,0.4967
2014-07-08 00:00:00,517000.0,2.0,1.5,1920,3408.0,1.0,0,0,4,960,960.0,1912,1989,1103 26th Ave,Seattle,WA 98122,USA,102,1,-0.2144,-0.3157,-1.0205,1.4797,1.9753
2014-07-08 00:00:00,469950.0,4.0,2.75,2530,14178.0,2.0,0,0,3,2530,0.0,1997,0,15200 287th Ave NE,Duvall,WA 98019,USA,17,0,0.4509,-0.0154,0.8617,-0.665,-0.881
2014-07-08 00:00:00,1675000.0,3.0,2.5,3490,8343.0,2.0,1,4,4,2150,0.0,1939,1991,Burke-Gilman Trail,Seattle,WA 98125,USA,75,1,1.4979,-0.1781,0.4061,-0.665,1.068
2014-07-08 00:00:00,2180000.0,6.0,2.75,4710,11000.0,2.0,0,3,3,3690,1020.0,1931,0,4530 51st Ave NE,Seattle,WA 98105,USA,83,0,2.8285,-0.104,2.2524,1.6137,1.3368
2014-07-08 00:00:00,623000.0,3.0,1.75,2050,16313.0,1.0,0,0,2,2050,0.0,1973,0,4009 97th Ave SE,Mercer Island,WA 98040,USA,41,0,-0.0726,0.0441,0.2862,-0.665,-0.0746
2014-07-08 00:00:00,720000.0,4.0,2.25,2410,8400.0,2.0,0,0,5,2410,0.0,1965,0,16451 NE 18th St,Bellevue,WA 98008,USA,49,0,0.32,-0.1765,0.7178,-0.665,0.1943
2014-07-08 00:00:00,205000.0,3.0,1.0,1180,8240.0,1.0,0,0,4,1180,0.0,1967,0,30105 10th Ave S,Federal Way,WA 98003,USA,47,0,-1.0215,-0.181,-0.7568,-0.665,0.1271
2014-07-08 00:00:00,148000.0,2.0,1.0,630,4200.0,1.0,0,0,3,630,0.0,1930,1997,7760 10th Ave SW,Seattle,WA 98106,USA,84,1,-1.6214,-0.2936,-1.4162,-0.665,1.3704
2014-07-08 00:00:00,950000.0,3.0,2.5,3480,7800.0,1.0,0,0,4,1750,1730.0,1941,1998,10323 Valmay Ave NW,Seattle,WA 98177,USA,73,1,1.487,-0.1933,-0.0734,3.1999,1.0008
2014-07-08 00:00:00,405000.0,3.0,1.5,1010,7683.0,1.5,0,0,5,1010,0.0,1953,0,12500-12578 10th Ave NE,Seattle,WA 98125,USA,61,0,-1.2069,-0.1965,-0.9606,-0.665,0.5975
2014-07-08 00:00:00,293000.0,3.0,2.25,1910,3481.0,2.0,0,0,3,1910,0.0,2009,0,19358 114th Pl SE,Kent,WA 98031,USA,5,0,-0.2253,-0.3137,0.1184,-0.665,-1.2843
2014-07-08 00:00:00,550000.0,3.0,3.5,2490,3582.0,2.0,0,0,3,1720,770.0,2005,0,320 NW Boulder Pl,Issaquah,WA 98027,USA,9,0,0.4072,-0.3109,-0.1094,1.0552,-1.1499
2014-07-08 00:00:00,435000.0,4.0,2.5,2150,3143.0,2.0,0,0,3,2150,0.0,2010,0,1356 Elma Pl NE,Renton,WA 98059,USA,4,0,0.0364,-0.3231,0.4061,-0.665,-1.3179
2014-07-08 00:00:00,355000.0,4.0,2.75,3000,5470.0,2.0,0,0,3,3000,0.0,2005,0,22710 SE 268th Pl,Maple Valley,WA 98038,USA,9,0,0.9635,-0.2582,1.4251,-0.665,-1.1499
2014-07-08 00:00:00,673000.0,3.0,2.75,2830,3496.0,2.0,0,0,3,2830,0.0,2012,1912,24588-24638 SE Issaquah-Fall City Rd,Issaquah,WA 98029,USA,2,1,0.7781,-0.3133,1.2213,-0.665,-1.3851
2014-07-08 00:00:00,449990.0,4.0,2.5,2680,5539.0,2.0,0,0,3,2680,0.0,2013,1923,13800 453rd Ave SE,North Bend,WA 98045,USA,1,1,0.6145,-0.2563,1.0415,-0.665,-1.4187
2014-07-08 00:00:00,249000.0,2.0,1.5,1090,2686.0,2.0,0,0,3,1090,0.0,1982,0,13124 113th Pl NE,Kirkland,WA 98034,USA,32,0,-1.1197,-0.3358,-0.8647,-0.665,-0.377
2014-07-08 00:00:00,380000.0,4.0,2.5,1984,32400.0,1.0,0,0,3,1564,420.0,1962,2003,26856 12th Ave S,Des Moines,WA 98198,USA,52,1,-0.1446,0.4927,-0.2964,0.2733,0.2951
2014-07-08 00:00:00,760005.0,4.0,2.75,3090,5859.0,2.0,0,0,3,3090,0.0,2010,0,384 218th Pl SE,Sammamish,WA 98074,USA,4,0,1.0616,-0.2474,1.533,-0.665,-1.3179
2014-07-08 00:00:00,674600.0,4.0,2.5,2610,5140.0,2.0,0,0,3,2610,0.0,2006,0,922 N 91st St,Seattle,WA 98103,USA,8,0,0.5381,-0.2674,0.9576,-0.665,-1.1835
2014-07-08 00:00:00,812000.0,4.0,3.5,3370,3634.0,2.0,0,0,3,2750,620.0,2007,0,2154 NE Morgan Ln,Issaquah,WA 98029,USA,7,0,1.367,-0.3094,1.1254,0.7201,-1.2171
2014-07-08 00:00:00,333490.0,4.0,2.5,2250,3916.0,2.0,0,0,3,2250,0.0,2014,0,29024 121st Way SE,Auburn,WA 98092,USA,0,0,0.1455,-0.3015,0.526,-0.665,-1.4523
2014-07-08 00:00:00,320000.0,3.0,3.25,1450,1387.0,2.0,0,0,3,1180,270.0,2013,1923,5107 Puget Blvd SW,Seattle,WA 98106,USA,1,1,-0.727,-0.3721,-0.7568,-0.0618,-1.4187
2014-07-08 00:00:00,999000.0,4.0,2.5,3130,10849.0,2.0,0,0,3,3130,0.0,2013,1923,9006 116th Ave NE,Kirkland,WA 98033,USA,1,1,1.1053,-0.1082,1.581,-0.665,-1.4187
2014-07-08 00:00:00,810000.0,2.0,2.75,2700,8572.0,1.0,0,0,3,2700,0.0,2007,0,22857 NE 138th Ct,Redmond,WA 98053,USA,7,0,0.6363,-0.1717,1.0655,-0.665,-1.2171
2014-07-09 00:00:00,399950.0,5.0,2.75,1970,5400.0,1.0,0,0,3,1320,650.0,1986,0,1770 19th Ave S,Seattle,WA 98144,USA,28,0,-0.1599,-0.2602,-0.5889,0.7871,-0.5114
2014-07-09 00:00:00,550000.0,3.0,2.0,1970,4166.0,2.0,0,3,5,1270,700.0,1929,0,3608 34th Ave SW,Seattle,WA 98126,USA,85,0,-0.1599,-0.2946,-0.6489,0.8988,1.404
2014-07-09 00:00:00,290000.0,3.0,1.5,1950,15954.0,1.0,0,0,4,1950,0.0,1959,0,1020 S 299th Pl,Federal Way,WA 98003,USA,55,0,-0.1817,0.0341,0.1663,-0.665,0.3959
2014-07-09 00:00:00,232500.0,3.0,1.5,1940,9887.0,1.0,0,0,4,1140,800.0,1969,0,450 S 305th St,Federal Way,WA 98003,USA,45,0,-0.1926,-0.1351,-0.8047,1.1222,0.0599
2014-07-09 00:00:00,1355000.0,4.0,3.5,3550,11000.0,1.0,0,2,3,2260,1290.0,1999,0,15317 SE 58th St,Bellevue,WA 98006,USA,15,0,1.5633,-0.104,0.538,2.2169,-0.9482
2014-07-09 00:00:00,565000.0,3.0,2.5,2500,7394.0,2.0,0,0,3,2500,0.0,1990,2009,12440 NE 160th St,Woodinville,WA 98072,USA,24,1,0.4182,-0.2046,0.8257,-0.665,-0.6458
2014-07-09 00:00:00,749950.0,4.0,2.75,2910,18700.0,1.0,0,0,3,2210,700.0,1957,1995,821 NW 175th St,Shoreline,WA 98177,USA,57,1,0.8653,0.1107,0.478,0.8988,0.4631
2014-07-09 00:00:00,720500.0,4.0,2.5,3350,35298.0,2.0,0,0,4,3350,0.0,1985,0,22720 NE 46th St,Redmond,WA 98053,USA,29,0,1.3452,0.5735,1.8447,-0.665,-0.4778
2014-07-09 00:00:00,507000.0,3.0,1.75,2140,40098.0,1.0,0,0,5,1490,650.0,1950,0,17295-17403 SE 192nd Dr,Renton,WA 98058,USA,64,0,0.0255,0.7073,-0.3851,0.7871,0.6983
2014-07-09 00:00:00,989000.0,5.0,4.5,4030,13474.0,2.0,0,0,3,4030,0.0,2000,0,25758 SE 31st Pl,Sammamish,WA 98075,USA,14,0,2.0869,-0.035,2.66,-0.665,-0.9818
2014-07-09 00:00:00,463000.0,4.0,2.5,1980,6660.0,2.0,0,0,4,1980,0.0,1974,0,12812 130th Ct NE,Kirkland,WA 98034,USA,40,0,-0.149,-0.225,0.2023,-0.665,-0.1082
2014-07-09 00:00:00,310000.0,3.0,1.5,1460,9908.0,1.0,0,0,3,1460,0.0,1952,2008,19539 4th Ave S,Des Moines,WA 98148,USA,62,1,-0.7161,-0.1345,-0.4211,-0.665,0.6311
2014-07-09 00:00:00,284000.0,4.0,1.75,1880,8800.0,1.0,0,0,3,1130,750.0,1960,2012,10000-10026 S 100th St,Seattle,WA 98168,USA,54,1,-0.2581,-0.1654,-0.8167,1.0105,0.3623
2014-07-09 00:00:00,737500.0,3.0,1.75,2320,10900.0,2.0,0,0,3,2320,0.0,1935,1974,8038 42nd Ave NE,Seattle,WA 98115,USA,79,1,0.2218,-0.1068,0.6099,-0.665,1.2024
2014-07-09 00:00:00,569000.0,3.0,3.25,2220,8227.0,1.5,0,0,5,1770,450.0,1929,0,4123 13th Ave S,Seattle,WA 98108,USA,85,0,0.1128,-0.1813,-0.0495,0.3403,1.404
2014-07-09 00:00:00,700000.0,3.0,1.0,1410,7200.0,2.0,0,0,4,1410,0.0,1901,0,1122A 23rd Ave S,Seattle,WA 98144,USA,113,0,-0.7707,-0.21,-0.4811,-0.665,2.3449
2014-07-09 00:00:00,660000.0,3.0,1.0,1240,3500.0,1.0,0,0,4,1240,0.0,1927,0,768 N 75th St,Seattle,WA 98103,USA,87,0,-0.9561,-0.3131,-0.6849,-0.665,1.4712
2014-07-09 00:00:00,275000.0,4.0,2.0,2030,8426.0,2.0,0,0,3,2030,0.0,1944,0,3515 S 137th St,Tukwila,WA 98168,USA,70,0,-0.0945,-0.1758,0.2622,-0.665,0.8999
2014-07-09 00:00:00,570000.0,6.0,3.75,4000,6015.0,2.0,0,2,3,3080,920.0,2004,2003,16638 SE 167th St,Renton,WA 98058,USA,10,1,2.0541,-0.243,1.5211,1.3903,-1.1163
2014-07-09 00:00:00,150000.0,3.0,0.75,490,38500.0,1.5,0,0,4,490,0.0,1959,0,11881 Tye River Rd NE,Skykomish,WA 98288,USA,55,0,-1.7741,0.6627,-1.584,-0.665,0.3959
2014-07-09 00:00:00,356000.0,3.0,2.5,1590,3411.0,2.0,0,0,3,1590,0.0,2000,0,7828 Douglas Ave SE,Snoqualmie,WA 98065,USA,14,0,-0.5743,-0.3156,-0.2653,-0.665,-0.9818
2014-07-09 00:00:00,610000.0,3.0,2.5,2630,5827.0,2.0,0,0,3,2630,0.0,2001,0,9954 227th Way NE,Redmond,WA 98053,USA,13,0,0.5599,-0.2483,0.9816,-0.665,-1.0154
2014-07-09 00:00:00,498800.0,2.0,1.75,1350,4614.0,1.0,0,0,3,1350,0.0,2008,0,12412 243rd Terrace NE,Redmond,WA 98053,USA,6,0,-0.8361,-0.2821,-0.553,-0.665,-1.2507
2014-07-09 00:00:00,226550.0,3.0,1.0,990,4440.0,1.0,0,0,3,990,0.0,1943,2002,9025 15th Ave SW,Seattle,WA 98106,USA,71,1,-1.2287,-0.2869,-0.9846,-0.665,0.9336
2014-07-09 00:00:00,692500.0,4.0,2.75,3710,7984.0,2.0,0,0,3,3710,0.0,1999,0,7313 Chanticleer Ave SE,Snoqualmie,WA 98065,USA,15,0,1.7379,-0.1881,2.2763,-0.665,-0.9482
2014-07-09 00:00:00,250000.0,3.0,1.0,990,8062.0,1.0,0,0,4,990,0.0,1960,2001,20824-20836 Occidental Ave S,Des Moines,WA 98198,USA,54,1,-1.2287,-0.1859,-0.9846,-0.665,0.3623
2014-07-09 00:00:00,660000.0,4.0,2.5,2510,4543.0,2.0,0,0,3,2510,0.0,2002,0,22518 SE 15th Pl,Sammamish,WA 98075,USA,12,0,0.4291,-0.2841,0.8377,-0.665,-1.049
2014-07-09 00:00:00,295000.0,2.0,1.0,800,6500.0,1.0,0,0,4,800,0.0,1953,1983,108 N 183rd St,Shoreline,WA 98133,USA,61,1,-1.436,-0.2295,-1.2124,-0.665,0.5975
2014-07-09 00:00:00,154950.0,4.0,1.0,1600,10183.0,1.0,0,0,4,1600,0.0,1966,0,3516 O St SE,Auburn,WA 98002,USA,48,0,-0.5634,-0.1268,-0.2533,-0.665,0.1607
2014-07-09 00:00:00,409124.0,5.0,3.25,3320,11340.0,2.0,0,0,4,2480,840.0,1999,0,14014 SE 236th Pl,Kent,WA 98042,USA,15,0,1.3125,-0.0945,0.8017,1.2116,-0.9482
2014-07-09 00:00:00,287000.0,5.0,1.5,1730,9230.0,1.0,0,0,3,1010,720.0,1962,2003,1724 Edmonds Way SE,Renton,WA 98058,USA,52,1,-0.4217,-0.1534,-0.9606,0.9435,0.2951
2014-07-09 00:00:00,810000.0,4.0,1.75,2000,3988.0,1.0,0,4,4,1000,1000.0,1958,1972,1322 Alki Ave SW,Seattle,WA 98116,USA,56,1,-0.1272,-0.2995,-0.9726,1.569,0.4295
2014-07-09 00:00:00,525000.0,4.0,2.75,2910,6308.0,1.0,0,0,3,1640,1270.0,1985,0,14812 104th Ave NE,Bothell,WA 98011,USA,29,0,0.8653,-0.2349,-0.2053,2.1722,-0.4778
2014-07-09 00:00:00,525000.0,4.0,1.75,1710,10440.0,1.0,0,0,4,1710,0.0,1955,2009,3834 136th Ave SE,Bellevue,WA 98006,USA,59,1,-0.4435,-0.1196,-0.1214,-0.665,0.5303
2014-07-09 00:00:00,275000.0,3.0,1.0,1200,7800.0,1.0,0,0,4,1200,0.0,1954,1979,9246 30th Ave SW,Seattle,WA 98126,USA,60,1,-0.9997,-0.1933,-0.7328,-0.665,0.5639
2014-07-09 00:00:00,583000.0,3.0,2.5,2600,5100.0,2.0,0,1,3,2600,0.0,1998,2006,1007 N 29th St,Renton,WA 98056,USA,16,1,0.5272,-0.2685,0.9456,-0.665,-0.9146
2014-07-09 00:00:00,237950.0,2.0,1.75,1460,7926.0,1.0,0,0,4,1460,0.0,1987,0,26231 187th Pl SE,Covington,WA 98042,USA,27,0,-0.7161,-0.1897,-0.4211,-0.665,-0.545
2014-07-09 00:00:00,1065000.0,4.0,3.75,4260,9800.0,2.0,0,0,3,4260,0.0,2008,0,7811 126th Ave NE,Kirkland,WA 98033,USA,6,0,2.3377,-0.1375,2.9357,-0.665,-1.2507
2014-07-09 00:00:00,679000.0,4.0,2.75,2100,4480.0,1.5,0,0,4,1780,320.0,1928,0,5519 31st Ave NE,Seattle,WA 98105,USA,86,0,-0.0181,-0.2858,-0.0375,0.0499,1.4376
2014-07-09 00:00:00,1465000.0,6.0,4.5,4230,6420.0,2.0,0,3,4,2360,1870.0,1916,0,1206 9th Ave W,Seattle,WA 98119,USA,98,0,2.305,-0.2317,0.6579,3.5127,1.8408
2014-07-09 00:00:00,410000.0,3.0,1.75,1660,6250.0,1.0,0,0,3,830,830.0,1980,0,1919 42nd Ave SW,Seattle,WA 98116,USA,34,0,-0.498,-0.2365,-1.1764,1.1893,-0.3098
2014-07-09 00:00:00,306000.0,3.0,1.0,1450,7200.0,1.0,0,0,3,1010,440.0,1969,2010,10606 NE 143rd Pl,Kirkland,WA 98034,USA,45,1,-0.727,-0.21,-0.9606,0.318,0.0599
2014-07-09 00:00:00,215000.0,4.0,1.5,1860,5040.0,1.5,0,0,5,1860,0.0,1920,0,1730 Washington Ave,Enumclaw,WA 98022,USA,94,0,-0.2799,-0.2702,0.0584,-0.665,1.7064
2014-07-09 00:00:00,594950.0,4.0,2.5,2720,10006.0,2.0,0,0,3,2720,0.0,1989,0,2201 223rd Pl NE,Sammamish,WA 98074,USA,25,0,0.6581,-0.1317,1.0895,-0.665,-0.6122
2014-07-09 00:00:00,1250000.0,4.0,2.5,2920,5500.0,1.0,0,3,3,2030,890.0,1957,2000,2440 Magnolia Blvd W,Seattle,WA 98199,USA,57,1,0.8762,-0.2574,0.2622,1.3233,0.4631
2014-07-09 00:00:00,305000.0,3.0,1.5,1800,12196.0,1.0,0,0,4,1800,0.0,1966,0,30002 8th Ave SW,Federal Way,WA 98023,USA,48,0,-0.3453,-0.0707,-0.0135,-0.665,0.1607
2014-07-09 00:00:00,425000.0,2.0,1.0,1320,8830.0,1.0,0,0,3,1020,300.0,1939,1969,2603 36th Ave W,Seattle,WA 98199,USA,75,1,-0.8688,-0.1645,-0.9486,0.0052,1.068
2014-07-09 00:00:00,215000.0,3.0,1.75,1770,29004.0,1.0,0,0,3,1770,0.0,1959,1989,2253 SW 313th St,Federal Way,WA 98023,USA,55,1,-0.378,0.398,-0.0495,-0.665,0.3959
2014-07-09 00:00:00,480000.0,5.0,2.75,2550,7725.0,1.0,0,0,5,1390,1160.0,1967,0,12570 SE 72nd St,Newcastle,WA 98056,USA,47,0,0.4727,-0.1953,-0.505,1.9265,0.1271
2014-07-09 00:00:00,550000.0,4.0,1.75,2150,9000.0,1.0,0,0,4,1110,1040.0,1966,0,17010 NE 88th St,Redmond,WA 98052,USA,48,0,0.0364,-0.1598,-0.8407,1.6584,0.1607
2014-07-09 00:00:00,750000.0,4.0,2.5,3020,7465.0,2.0,0,0,3,3020,0.0,2004,2003,1125 270th Pl SE,Sammamish,WA 98075,USA,10,1,0.9853,-0.2026,1.4491,-0.665,-1.1163
2014-07-09 00:00:00,137124.0,3.0,1.0,960,27442.0,1.0,0,0,4,960,0.0,1970,0,15416 SE Jones Rd,Renton,WA 98058,USA,44,0,-1.2615,0.3544,-1.0205,-0.665,0.0263
2014-07-09 00:00:00,840000.0,3.0,2.0,2783,11177.0,2.0,0,0,3,2783,0.0,1910,1999,3672 SW Orchard St,Seattle,WA 98126,USA,104,1,0.7268,-0.0991,1.165,-0.665,2.0425
2014-07-09 00:00:00,624800.0,3.0,2.0,2250,14274.0,1.0,0,0,4,1500,750.0,1964,0,3726 Gallagher Hill Rd,Mercer Island,WA 98040,USA,50,0,0.1455,-0.0127,-0.3732,1.0105,0.2279
2014-07-09 00:00:00,630000.0,3.0,1.75,1710,8767.0,1.0,0,0,4,1710,0.0,1986,0,10515 115th Pl NE,Kirkland,WA 98033,USA,28,0,-0.4435,-0.1663,-0.1214,-0.665,-0.5114
2014-07-09 00:00:00,590000.0,3.0,2.5,2650,9380.0,1.0,0,0,5,1680,970.0,1975,0,4765 NE 203rd St,Lake Forest Park,WA 98155,USA,39,0,0.5818,-0.1492,-0.1574,1.502,-0.1418
2014-07-09 00:00:00,599950.0,3.0,3.25,1830,1804.0,3.0,0,0,3,1830,0.0,2014,0,1501 NW 90th St,Seattle,WA 98117,USA,0,0,-0.3126,-0.3604,0.0225,-0.665,-1.4523
2014-07-09 00:00:00,299880.0,3.0,2.5,1460,3044.0,2.0,0,0,3,1460,0.0,2000,0,6511 29th Ave S,Seattle,WA 98108,USA,14,0,-0.7161,-0.3259,-0.4211,-0.665,-0.9818
2014-07-09 00:00:00,400000.0,3.0,2.0,1760,6875.0,1.0,0,0,4,1760,0.0,1967,0,Brooktrails Trail 14,Woodinville,WA 98072,USA,47,0,-0.3889,-0.219,-0.0614,-0.665,0.1271
2014-07-09 00:00:00,560000.0,3.0,2.5,1960,6058.0,2.0,0,0,3,1960,0.0,2002,0,2501-2507 248th Terrace NE,Sammamish,WA 98074,USA,12,0,-0.1708,-0.2418,0.1783,-0.665,-1.049
2014-07-09 00:00:00,229000.0,4.0,2.25,2010,7688.0,1.0,0,0,3,1170,840.0,1979,2014,32701-32911 49th Pl SW,Federal Way,WA 98023,USA,35,1,-0.1163,-0.1964,-0.7688,1.2116,-0.2762
2014-07-09 00:00:00,525000.0,4.0,2.5,3670,9958.0,2.0,0,0,3,3670,0.0,2005,0,13559 SE 159th Pl,Renton,WA 98058,USA,9,0,1.6942,-0.1331,2.2284,-0.665,-1.1499
2014-07-09 00:00:00,737000.0,2.0,2.25,2290,9772.0,1.0,0,0,3,2290,0.0,2007,0,13555 Adair Creek Way NE,Redmond,WA 98053,USA,7,0,0.1891,-0.1383,0.574,-0.665,-1.2171
2014-07-09 00:00:00,680000.0,3.0,2.0,1780,5720.0,1.0,0,0,5,980,800.0,1925,0,537 N 70th St,Seattle,WA 98103,USA,89,0,-0.3671,-0.2512,-0.9966,1.1222,1.5384
2014-07-09 00:00:00,635000.0,4.0,2.5,3080,35430.0,2.0,0,0,3,3080,0.0,1997,0,9788-16090 NE Quail Creek Dr,Redmond,WA 98053,USA,17,0,1.0507,0.5771,1.5211,-0.665,-0.881
2014-07-09 00:00:00,740000.0,4.0,2.5,3360,15091.0,2.0,0,0,3,3360,0.0,1997,0,6520 154th Ave NE,Redmond,WA 98052,USA,17,0,1.3561,0.01,1.8567,-0.665,-0.881
2014-07-09 00:00:00,335500.0,3.0,1.0,1370,6780.0,2.0,0,0,3,1370,0.0,1930,1997,12008 35th Ave NE,Seattle,WA 98125,USA,84,1,-0.8143,-0.2217,-0.529,-0.665,1.3704
2014-07-09 00:00:00,270000.0,4.0,2.25,1660,8063.0,1.0,0,0,4,1660,0.0,1978,2000,25139 11th Ave S,Des Moines,WA 98198,USA,36,1,-0.498,-0.1859,-0.1813,-0.665,-0.2426
2014-07-09 00:00:00,1037000.0,4.0,3.5,4440,10660.0,2.0,0,0,3,4440,0.0,2003,0,15124 SE 82nd Ct,Newcastle,WA 98059,USA,11,0,2.534,-0.1135,3.1515,-0.665,-1.0827
2014-07-09 00:00:00,450000.0,5.0,2.5,2850,209523.0,1.0,0,0,4,1930,920.0,1925,1968,23211 190th Ave SE,Renton,WA 98058,USA,89,1,0.7999,5.4313,0.1424,1.3903,1.5384
2014-07-09 00:00:00,379000.0,3.0,2.5,1530,2913.0,2.0,0,0,4,1530,0.0,1986,0,11807 NE 105th Ct,Kirkland,WA 98033,USA,28,0,-0.6398,-0.3295,-0.3372,-0.665,-0.5114
2014-07-09 00:00:00,468000.0,4.0,2.5,2100,8400.0,1.0,0,0,4,1240,860.0,1976,1992,14634 128th Ave NE,Woodinville,WA 98072,USA,38,1,-0.0181,-0.1765,-0.6849,1.2563,-0.1754
2014-07-09 00:00:00,321500.0,1.0,1.0,730,1942.0,1.0,0,0,3,730,0.0,2008,0,924 26th Ave S,Seattle,WA 98144,USA,6,0,-1.5123,-0.3566,-1.2963,-0.665,-1.2507
2014-07-09 00:00:00,443000.0,3.0,2.25,1920,8223.0,2.0,0,0,4,1920,0.0,1989,0,14808 104th Ave NE,Bothell,WA 98011,USA,25,0,-0.2144,-0.1815,0.1304,-0.665,-0.6122
2014-07-09 00:00:00,340000.0,3.0,1.0,1600,7324.0,1.0,0,0,4,1600,0.0,1958,1972,1496 Aberdeen Ave NE,Renton,WA 98056,USA,56,1,-0.5634,-0.2065,-0.2533,-0.665,0.4295
2014-07-09 00:00:00,470000.0,4.0,2.25,2380,17199.0,2.0,0,0,3,1530,850.0,1979,2014,5504 NE 190th St,Kenmore,WA 98028,USA,35,1,0.2873,0.0688,-0.3372,1.2339,-0.2762
2014-07-09 00:00:00,545000.0,3.0,2.5,2760,17377.0,2.0,0,0,3,2760,0.0,2002,0,615 Bronson Pl NE,Renton,WA 98056,USA,12,0,0.7017,0.0738,1.1374,-0.665,-1.049
2014-07-09 00:00:00,415000.0,4.0,1.5,1840,11367.0,1.5,0,0,4,1840,0.0,1950,1983,18820 1st Ave NW,Shoreline,WA 98177,USA,64,1,-0.3017,-0.0938,0.0345,-0.665,0.6983
2014-07-09 00:00:00,599000.0,7.0,2.5,2580,5750.0,1.0,0,0,4,1880,700.0,1901,0,125 30th Ave,Seattle,WA 98122,USA,113,0,0.5054,-0.2504,0.0824,0.8988,2.3449
2014-07-09 00:00:00,759000.0,4.0,1.75,2100,4750.0,1.0,0,0,3,1340,760.0,1975,0,5626 Keystone Pl N,Seattle,WA 98103,USA,39,0,-0.0181,-0.2783,-0.565,1.0329,-0.1418
2014-07-09 00:00:00,300000.0,4.0,1.75,1820,7663.0,1.0,0,0,4,1190,630.0,1926,1993,1714 S Pearl St,Seattle,WA 98108,USA,88,1,-0.3235,-0.1971,-0.7448,0.7425,1.5048
2014-07-09 00:00:00,1681000.0,5.0,5.25,4830,18707.0,2.0,0,1,5,3930,900.0,1952,1998,6702 SE 28th St,Mercer Island,WA 98040,USA,62,1,2.9594,0.1109,2.5401,1.3456,0.6311
2014-07-09 00:00:00,359000.0,3.0,1.5,1550,4980.0,1.0,0,0,3,1080,470.0,1978,0,10304 Interlake Ave N,Seattle,WA 98133,USA,36,0,-0.618,-0.2719,-0.8767,0.385,-0.2426
2014-07-09 00:00:00,550000.0,4.0,2.25,1440,3600.0,1.5,0,0,4,1440,0.0,1924,0,3822 42nd Ave SW,Seattle,WA 98116,USA,90,0,-0.7379,-0.3104,-0.4451,-0.665,1.572
2014-07-09 00:00:00,395000.0,2.0,1.0,930,6380.0,1.0,0,0,4,930,0.0,1940,2001,548 NE 86th St,Seattle,WA 98115,USA,74,1,-1.2942,-0.2328,-1.0565,-0.665,1.0344
2014-07-09 00:00:00,486000.0,4.0,2.5,3560,12047.0,2.0,0,0,3,3560,0.0,1988,2000,509 SW 335th St,Federal Way,WA 98023,USA,26,1,1.5743,-0.0748,2.0965,-0.665,-0.5786
2014-07-09 00:00:00,187000.0,2.0,1.0,840,11600.0,1.0,0,0,3,840,0.0,1952,2008,12314-12426 24th Ave S,Burien,WA 98168,USA,62,1,-1.3923,-0.0873,-1.1644,-0.665,0.6311
2014-07-09 00:00:00,734950.0,4.0,2.25,4280,47179.0,2.0,0,0,3,3050,1230.0,2002,0,33518 161st Ln SE,Auburn,WA 98092,USA,12,0,2.3595,0.9047,1.4851,2.0829,-1.049
2014-07-09 00:00:00,284000.0,3.0,1.5,1500,10018.0,1.0,0,0,4,1500,0.0,1957,2001,15012 133rd Ave SE,Renton,WA 98058,USA,57,1,-0.6725,-0.1314,-0.3732,-0.665,0.4631
2014-07-09 00:00:00,696000.0,4.0,3.5,3650,38546.0,2.0,0,0,3,2550,1100.0,1996,0,45804 SE 137th St,North Bend,WA 98045,USA,18,0,1.6724,0.664,0.8857,1.7925,-0.8474
2014-07-09 00:00:00,380000.0,2.0,1.0,780,3910.0,1.0,0,0,3,780,0.0,1918,0,4112 38th Ave SW,Seattle,WA 98126,USA,96,0,-1.4578,-0.3017,-1.2363,-0.665,1.7736
2014-07-09 00:00:00,625000.0,4.0,1.0,1600,5500.0,1.5,0,0,4,1600,0.0,1946,1989,9510 28th Ave NW,Seattle,WA 98117,USA,68,1,-0.5634,-0.2574,-0.2533,-0.665,0.8327
2014-07-09 00:00:00,252000.0,4.0,1.75,1120,8250.0,1.0,0,0,4,1120,0.0,1966,0,12224 SE 165th St,Renton,WA 98058,USA,48,0,-1.087,-0.1807,-0.8287,-0.665,0.1607
2014-07-09 00:00:00,560000.0,2.0,1.0,1010,9219.0,1.0,0,0,4,1010,0.0,1960,2001,1641-1699 4th St,Kirkland,WA 98033,USA,54,1,-1.2069,-0.1537,-0.9606,-0.665,0.3623
2014-07-09 00:00:00,395000.0,4.0,2.75,1970,37026.0,1.0,0,0,4,1970,0.0,1961,2001,18625 Ridge Rd SW,Vashon,WA 98070,USA,53,1,-0.1599,0.6216,0.1903,-0.665,0.3287
2014-07-09 00:00:00,900000.0,4.0,2.5,2230,4372.0,2.0,0,0,5,1540,690.0,1935,0,5641 Keystone Pl N,Seattle,WA 98103,USA,79,0,0.1237,-0.2888,-0.3252,0.8765,1.2024
2014-07-09 00:00:00,625000.0,3.0,1.75,3160,76230.0,1.0,0,0,4,2160,1000.0,1978,2000,3297 S 366th St,Auburn,WA 98001,USA,36,1,1.138,1.7148,0.4181,1.569,-0.2426
2014-07-09 00:00:00,580000.0,3.0,1.75,1850,5100.0,1.0,0,0,3,1020,830.0,1909,2004,4408 Thackeray Pl NE,Seattle,WA 98105,USA,105,1,-0.2908,-0.2685,-0.9486,1.1893,2.0761
2014-07-09 00:00:00,309000.0,3.0,2.25,1980,8755.0,1.0,0,0,4,1300,680.0,1963,0,23300-23306 10th Ave S,Des Moines,WA 98198,USA,51,0,-0.149,-0.1666,-0.6129,0.8542,0.2615
2014-07-09 00:00:00,412000.0,4.0,3.5,3360,9767.0,2.0,0,0,3,2450,910.0,1990,2009,32648-33020 10th Ave SW,Federal Way,WA 98023,USA,24,1,1.3561,-0.1384,0.7658,1.368,-0.6458
2014-07-09 00:00:00,495000.0,3.0,2.0,2660,192099.0,1.0,0,0,4,2660,0.0,1964,0,43600-43610 244th Ave SE,Enumclaw,WA 98022,USA,50,0,0.5927,4.9455,1.0175,-0.665,0.2279
2014-07-09 00:00:00,215000.0,3.0,1.0,1200,7280.0,1.0,0,0,4,1200,0.0,1967,0,4503 S 256th St,Kent,WA 98032,USA,47,0,-0.9997,-0.2077,-0.7328,-0.665,0.1271
2014-07-09 00:00:00,741500.0,2.0,2.5,2150,5760.0,1.0,0,0,3,2150,0.0,2010,0,12468 240th Pl NE,Redmond,WA 98053,USA,4,0,0.0364,-0.2501,0.4061,-0.665,-1.3179
2014-07-09 00:00:00,749000.0,3.0,2.75,2820,5348.0,2.0,0,0,3,2820,0.0,2008,0,12070 166th Pl NE,Redmond,WA 98052,USA,6,0,0.7672,-0.2616,1.2093,-0.665,-1.2507
2014-07-09 00:00:00,659950.0,4.0,2.75,3510,9400.0,2.0,0,0,3,3510,0.0,2014,0,6504-6618 NE 1st St,Renton,WA 98059,USA,0,0,1.5197,-0.1486,2.0366,-0.665,-1.4523
2014-07-09 00:00:00,530000.0,3.0,2.5,1790,3078.0,2.0,0,0,3,1790,0.0,2010,0,4528 W Lake Sammamish Pkwy SE,Issaquah,WA 98027,USA,4,0,-0.3562,-0.3249,-0.0255,-0.665,-1.3179
2014-07-09 00:00:00,749000.0,4.0,2.75,2700,6000.0,2.0,0,0,4,2100,600.0,1910,0,1925 Walnut Ave SW,Seattle,WA 98116,USA,104,0,0.6363,-0.2434,0.3462,0.6754,2.0425
2014-07-09 00:00:00,2321000.0,5.0,4.75,5780,17004.0,2.0,0,0,3,4260,1520.0,2006,0,9403 SE 33rd St,Mercer Island,WA 98040,USA,8,0,3.9955,0.0634,2.9357,2.7308,-1.1835
2014-07-09 00:00:00,595000.0,4.0,3.25,3730,4560.0,2.0,0,0,3,2760,970.0,2013,1923,2318 N 60th St,Seattle,WA 98103,USA,1,1,1.7597,-0.2836,1.1374,1.502,-1.4187
2014-07-09 00:00:00,487000.0,4.0,2.5,2540,5001.0,2.0,0,0,3,2540,0.0,2005,0,6732 Mars Ave S,Seattle,WA 98108,USA,9,0,0.4618,-0.2713,0.8737,-0.665,-1.1499
2014-07-09 00:00:00,760000.0,4.0,2.25,3300,8365.0,3.0,0,0,3,3300,0.0,2014,0,7335 35th Ave SW,Seattle,WA 98126,USA,0,0,1.2907,-0.1775,1.7848,-0.665,-1.4523
2014-07-09 00:00:00,1240000.0,5.0,3.5,5430,10327.0,2.0,0,2,3,4010,1420.0,2007,0,6151 168th Pl SE,Bellevue,WA 98006,USA,7,0,3.6138,-0.1228,2.636,2.5073,-1.2171
2014-07-09 00:00:00,435000.0,4.0,2.5,2550,5200.0,2.0,0,0,3,2550,0.0,2009,0,576 Field Pl NE,Renton,WA 98059,USA,5,0,0.4727,-0.2657,0.8857,-0.665,-1.2843
2014-07-09 00:00:00,374950.0,3.0,2.25,1390,1484.0,3.0,0,0,3,1390,0.0,2007,0,8548 Nesbit Ave N,Seattle,WA 98103,USA,7,0,-0.7925,-0.3694,-0.505,-0.665,-1.2171
2014-07-09 00:00:00,440000.0,3.0,1.5,1270,1413.0,3.0,0,0,3,1270,0.0,2007,0,1018 NE 96th St,Seattle,WA 98115,USA,7,0,-0.9234,-0.3713,-0.6489,-0.665,-1.2171
2014-07-10 00:00:00,360000.0,4.0,2.5,2380,5000.0,2.0,0,0,3,2380,0.0,2005,0,22840 SE 269th St,Maple Valley,WA 98038,USA,9,0,0.2873,-0.2713,0.6818,-0.665,-1.1499
2014-07-10 00:00:00,879000.0,4.0,2.5,3360,22111.0,2.0,0,0,3,3360,0.0,1994,0,24142 SE 18th Pl,Sammamish,WA 98075,USA,20,0,1.3561,0.2058,1.8567,-0.665,-0.7802
2014-07-10 00:00:00,1550000.0,5.0,4.25,6070,171626.0,2.0,0,0,3,6070,0.0,1999,0,29433 SE 15th Pl,Fall City,WA 98024,USA,15,0,4.3118,4.3747,5.1057,-0.665,-0.9482
2014-07-10 00:00:00,505000.0,2.0,1.0,1240,57000.0,1.0,0,0,3,1240,0.0,1962,2003,21014 SE 14th Pl,Sammamish,WA 98075,USA,52,1,-0.9561,1.1786,-0.6849,-0.665,0.2951
2014-07-10 00:00:00,545000.0,2.0,2.0,2930,14057.0,1.0,0,2,4,1680,1250.0,1980,0,22514 101st Ln SW,Vashon,WA 98070,USA,34,0,0.8871,-0.0188,-0.1574,2.1276,-0.3098
2014-07-10 00:00:00,600000.0,2.0,2.5,2410,102366.0,1.0,0,0,4,1940,470.0,1912,1989,31600-31726 SE Issaquah-Fall City Rd,Fall City,WA 98024,USA,102,1,0.32,2.4435,0.1543,0.385,1.9753
2014-07-10 00:00:00,775000.0,6.0,2.75,2980,5000.0,1.5,0,0,3,2480,500.0,1916,1986,5428 Kirkwood Pl N,Seattle,WA 98103,USA,98,1,0.9417,-0.2713,0.8017,0.452,1.8408
2014-07-10 00:00:00,725000.0,2.0,2.25,1950,2719.0,1.0,0,0,5,1010,940.0,1919,1934,3609-3615 Whitman Ave N,Seattle,WA 98103,USA,95,1,-0.1817,-0.3349,-0.9606,1.435,1.74
2014-07-10 00:00:00,610000.0,4.0,2.75,2600,36583.0,1.0,0,0,5,1580,1020.0,1976,0,21301-21399 SE 19th St,Sammamish,WA 98075,USA,38,0,0.5272,0.6093,-0.2772,1.6137,-0.1754
2014-07-10 00:00:00,350000.0,4.0,1.0,1170,8147.0,1.5,0,0,3,1170,0.0,1959,1989,3611 NE 137th St,Seattle,WA 98125,USA,55,1,-1.0324,-0.1836,-0.7688,-0.665,0.3959
2014-07-10 00:00:00,410000.0,3.0,1.0,1470,6500.0,1.0,0,0,4,1470,0.0,1953,1983,14429 22nd Ave SW,Burien,WA 98166,USA,61,1,-0.7052,-0.2295,-0.4091,-0.665,0.5975
2014-07-10 00:00:00,639000.0,4.0,2.0,1840,5419.0,1.0,0,0,4,920,920.0,1942,1982,3051 36th Ave W,Seattle,WA 98199,USA,72,1,-0.3017,-0.2596,-1.0685,1.3903,0.9672
2014-07-10 00:00:00,439000.0,4.0,2.0,1560,7500.0,1.0,0,0,4,1560,0.0,1968,0,14206 119th Ave NE,Kirkland,WA 98034,USA,46,0,-0.6071,-0.2016,-0.3012,-0.665,0.0935
2014-07-10 00:00:00,499950.0,4.0,1.75,1520,7700.0,1.0,0,0,4,1520,0.0,1967,0,14812 113th Ave NE,Kirkland,WA 98034,USA,47,0,-0.6507,-0.196,-0.3492,-0.665,0.1271
2014-07-10 00:00:00,800000.0,3.0,2.75,2220,4000.0,2.0,0,0,3,1700,520.0,1914,2000,1718 32nd Ave,Seattle,WA 98122,USA,100,1,0.1128,-0.2992,-0.1334,0.4967,1.9081
2014-07-10 00:00:00,350000.0,4.0,2.5,2800,9538.0,2.0,0,0,3,2800,0.0,1993,0,2110 S 373rd Ct,Federal Way,WA 98003,USA,21,0,0.7454,-0.1448,1.1854,-0.665,-0.7466
2014-07-10 00:00:00,279000.0,2.0,1.0,670,6300.0,1.0,0,0,5,670,0.0,1942,0,9716 33rd Ave SW,Seattle,WA 98126,USA,72,0,-1.5778,-0.2351,-1.3682,-0.665,0.9672
2014-07-10 00:00:00,290256.0,3.0,2.25,1720,7885.0,2.0,0,0,3,1720,0.0,1983,2009,32237 7th Ave SW,Federal Way,WA 98023,USA,31,1,-0.4326,-0.1909,-0.1094,-0.665,-0.4106
2014-07-10 00:00:00,355000.0,3.0,2.5,2110,4038.0,2.0,0,0,4,2110,0.0,1989,0,23884 140th Ln SE,Kent,WA 98042,USA,25,0,-0.0072,-0.2981,0.3582,-0.665,-0.6122
2014-07-10 00:00:00,263000.0,3.0,1.75,1580,9187.0,1.0,0,0,3,1180,400.0,1993,0,27621 221st Ave SE,Maple Valley,WA 98038,USA,21,0,-0.5853,-0.1546,-0.7568,0.2286,-0.7466
2014-07-10 00:00:00,880000.0,6.0,2.5,2640,3680.0,2.0,0,0,5,1760,880.0,1922,1956,3008 38th Ave SW,Seattle,WA 98126,USA,92,1,0.5708,-0.3081,-0.0614,1.301,1.6392
2014-07-10 00:00:00,426500.0,4.0,2.5,2700,6515.0,2.0,0,0,3,2700,0.0,1998,2006,18563 173rd Way SE,Renton,WA 98058,USA,16,1,0.6363,-0.2291,1.0655,-0.665,-0.9146
2014-07-10 00:00:00,735000.0,3.0,2.5,2820,8159.0,2.0,0,0,3,2820,0.0,2004,2003,3243 NE Mulberry St,Issaquah,WA 98029,USA,10,1,0.7672,-0.1832,1.2093,-0.665,-1.1163
2014-07-10 00:00:00,720000.0,4.0,2.5,3340,8930.0,2.0,0,2,3,3340,0.0,1999,0,35505 SE English St,Snoqualmie,WA 98065,USA,15,0,1.3343,-0.1617,1.8328,-0.665,-0.9482
2014-07-10 00:00:00,265000.0,3.0,2.5,1530,6000.0,2.0,0,0,4,1530,0.0,1991,0,22923 SE 282nd St,Maple Valley,WA 98038,USA,23,0,-0.6398,-0.2434,-0.3372,-0.665,-0.6794
2014-07-10 00:00:00,840000.0,4.0,3.5,3840,85728.0,2.0,0,0,3,3840,0.0,1998,2006,615 289th Ave NE,Carnation,WA 98014,USA,16,1,1.8796,1.9796,2.4322,-0.665,-0.9146
2014-07-10 00:00:00,657500.0,3.0,2.0,2320,10960.0,1.0,0,0,3,1510,810.0,1956,2001,12423 NE 6th Pl,Bellevue,WA 98005,USA,58,1,0.2218,-0.1051,-0.3612,1.1446,0.4967
2014-07-10 00:00:00,850000.0,5.0,2.0,2310,13430.0,1.5,0,0,4,2310,0.0,1966,0,3200 102nd Ave NE,Bellevue,WA 98004,USA,48,0,0.2109,-0.0363,0.5979,-0.665,0.1607
2014-05-02 00:00:00,436110.0,3.0,2.5,1770,1235.0,3.0,0,0,3,1600,170.0,2007,0,1156 N 93rd St,Seattle,WA 98103,USA,7,0,-0.378,-0.3763,-0.2533,-0.2852,-1.2171
2014-05-08 00:00:00,589900.0,2.0,3.0,3160,66646.0,2.0,0,0,3,3160,0.0,1993,0,22819 NE 166th St,Woodinville,WA 98077,USA,21,0,1.138,1.4475,1.617,-0.665,-0.7466
2014-05-12 00:00:00,620000.0,3.0,1.5,1620,6630.0,1.0,0,0,3,1280,340.0,1954,2005,2822 NW 90th Pl,Seattle,WA 98117,USA,60,1,-0.5416,-0.2259,-0.6369,0.0946,0.5639
2014-05-16 00:00:00,254000.0,4.0,2.0,1510,4235.0,1.0,0,0,3,1510,0.0,1955,2005,3015 S Graham St,Seattle,WA 98108,USA,59,1,-0.6616,-0.2927,-0.3612,-0.665,0.5303
2014-06-05 00:00:00,375000.0,3.0,1.75,960,8106.0,1.0,0,0,3,960,0.0,1962,2003,13780 NE 77th Pl,Redmond,WA 98052,USA,52,1,-1.2615,-0.1847,-1.0205,-0.665,0.2951
2014-06-06 00:00:00,455000.0,4.0,2.25,1740,8449.0,1.0,0,0,4,1170,570.0,1958,1972,16204 SE 2nd St,Bellevue,WA 98008,USA,56,1,-0.4107,-0.1752,-0.7688,0.6084,0.4295
2014-06-06 00:00:00,445000.0,4.0,2.0,1470,8395.0,1.0,0,0,4,1470,0.0,1965,0,16720 NE 23rd Pl,Bellevue,WA 98008,USA,49,0,-0.7052,-0.1767,-0.4091,-0.665,0.1943
2014-06-07 00:00:00,568500.0,4.0,2.5,2460,4200.0,2.0,0,0,3,2460,0.0,1998,2006,547 240th Ave SE,Sammamish,WA 98074,USA,16,1,0.3745,-0.2936,0.7778,-0.665,-0.9146
2014-06-11 00:00:00,352500.0,3.0,1.75,1170,8182.0,1.0,0,0,3,1170,0.0,1962,2003,14737 28th Ave NE,Shoreline,WA 98155,USA,52,1,-1.0324,-0.1826,-0.7688,-0.665,0.2951
2014-06-24 00:00:00,342500.0,2.0,1.75,1210,7507.0,1.0,0,0,3,1210,0.0,1982,0,8101 NE 120th St,Kirkland,WA 98034,USA,32,0,-0.9888,-0.2014,-0.7208,-0.665,-0.377
2014-06-25 00:00:00,299950.0,3.0,2.5,1870,7942.0,2.0,0,0,3,1870,0.0,1990,2009,4313 S 289th Pl,Auburn,WA 98001,USA,24,1,-0.269,-0.1893,0.0704,-0.665,-0.6458
2014-07-01 00:00:00,425000.0,3.0,2.5,1950,5689.0,2.0,0,0,3,1950,0.0,2009,0,9416 Templeton Ave SE,Snoqualmie,WA 98065,USA,5,0,-0.1817,-0.2521,0.1663,-0.665,-1.2843
2014-07-09 00:00:00,561000.0,4.0,2.5,2570,5250.0,2.0,0,0,3,2570,0.0,1990,2009,3654 254th Ave SE,Issaquah,WA 98029,USA,24,1,0.4945,-0.2644,0.9096,-0.665,-0.6458
2014-05-27 00:00:00,455500.0,3.0,2.0,1460,10311.0,1.0,0,0,4,1460,0.0,1975,0,8208 138th Ave NE,Redmond,WA 98052,USA,39,0,-0.7161,-0.1232,-0.4211,-0.665,-0.1418
2014-06-24 00:00:00,400000.0,3.0,2.5,2970,23100.0,1.0,0,0,3,1510,1460.0,1967,2011,15351 NE 202nd St,Woodinville,WA 98072,USA,47,1,0.9308,0.2334,-0.3612,2.5967,0.1271
2014-06-20 00:00:00,443500.0,4.0,2.5,2040,21781.0,2.0,0,0,3,2040,0.0,1994,0,4290 326th Ave NE,Carnation,WA 98014,USA,20,0,-0.0836,0.1966,0.2742,-0.665,-0.7802
2014-06-20 00:00:00,1234582.0,5.0,3.25,3240,6551.0,1.5,0,4,4,2500,740.0,1939,1989,6851 51st Ave NE,Seattle,WA 98115,USA,75,1,1.2252,-0.2281,0.8257,0.9882,1.068
2014-05-22 00:00:00,370000.0,4.0,2.75,3150,67518.0,1.0,0,0,4,2250,900.0,1965,0,10867-11003 SE 295th St,Auburn,WA 98092,USA,49,0,1.1271,1.4718,0.526,1.3456,0.1943
2014-05-22 00:00:00,475000.0,3.0,2.25,1820,8008.0,1.0,0,0,3,1240,580.0,1981,2013,17202 NE 134th Pl,Redmond,WA 98052,USA,33,1,-0.3235,-0.1875,-0.6849,0.6307,-0.3434
2014-07-08 00:00:00,580000.0,4.0,2.5,2130,35752.0,1.0,0,0,3,1490,640.0,1980,0,3814 231st Ave SE,Sammamish,WA 98075,USA,34,0,0.0146,0.5861,-0.3851,0.7648,-0.3098
2014-05-06 00:00:00,518000.0,3.0,1.5,1430,8000.0,1.0,0,0,4,1430,0.0,1956,0,2527 154th Ave SE,Bellevue,WA 98007,USA,58,0,-0.7489,-0.1877,-0.4571,-0.665,0.4967
2014-05-09 00:00:00,525000.0,3.0,2.5,2030,6970.0,2.0,0,0,4,2030,0.0,1991,0,3913 255th Pl SE,Issaquah,WA 98029,USA,23,0,-0.0945,-0.2164,0.2622,-0.665,-0.6794
2014-06-24 00:00:00,236000.0,4.0,2.75,2000,5827.0,2.0,0,0,3,2000,0.0,1997,0,26546 236th Pl SE,Maple Valley,WA 98038,USA,17,0,-0.1272,-0.2483,0.2263,-0.665,-0.881
2014-06-10 00:00:00,278500.0,4.0,2.25,1940,6206.0,2.0,0,0,3,1940,0.0,1990,2009,32900 19th Ave SW,Federal Way,WA 98023,USA,24,1,-0.1926,-0.2377,0.1543,-0.665,-0.6458
2014-06-23 00:00:00,205425.0,2.0,1.75,880,6780.0,1.0,0,0,4,880,0.0,1945,0,11440 69th Pl S,Seattle,WA 98178,USA,69,0,-1.3487,-0.2217,-1.1165,-0.665,0.8663
2014-07-01 00:00:00,248000.0,3.0,1.0,950,9400.0,1.0,0,0,4,950,0.0,1954,1979,3920 153rd Ave SE,Bellevue,WA 98006,USA,60,1,-1.2724,-0.1486,-1.0325,-0.665,0.5639
2014-05-23 00:00:00,505000.0,3.0,2.25,1670,1596.0,2.0,0,0,3,1220,450.0,2002,0,3019 30th Ave W,Seattle,WA 98199,USA,12,0,-0.4871,-0.3662,-0.7088,0.3403,-1.049
2014-05-22 00:00:00,657500.0,3.0,2.5,2670,10496.0,2.0,0,0,3,2670,0.0,1989,0,1917 235th Ct NE,Sammamish,WA 98074,USA,25,0,0.6036,-0.1181,1.0295,-0.665,-0.6122
2014-07-10 00:00:00,670000.0,3.0,2.5,2700,7663.0,2.0,0,0,3,1280,1420.0,2003,0,746 Boylston Ave E,Seattle,WA 98102,USA,11,0,0.6363,-0.1971,-0.6369,2.5073,-1.0827
2014-07-01 00:00:00,202000.0,1.0,1.0,590,833.0,1.0,0,0,4,590,0.0,1926,1993,701-711 26th Ave,Seattle,WA 98122,USA,88,1,-1.665,-0.3875,-1.4641,-0.665,1.5048
2014-05-02 00:00:00,440000.0,4.0,2.25,2160,8119.0,1.0,0,0,3,1080,1080.0,1966,1913,12211 SE 65th St,Bellevue,WA 98006,USA,48,1,0.0473,-0.1844,-0.8767,1.7478,0.1607
2014-05-26 00:00:00,690000.0,4.0,2.5,2700,8810.0,2.0,0,0,3,2700,0.0,2004,2003,11659 168th Ct NE,Redmond,WA 98052,USA,10,1,0.6363,-0.1651,1.0655,-0.665,-1.1163
2014-05-08 00:00:00,375000.0,6.0,2.25,3206,5793.0,2.0,0,0,3,3206,0.0,2012,1912,25921-25929 35th Pl S,Kent,WA 98032,USA,2,1,1.1882,-0.2492,1.6721,-0.665,-1.3851
2014-05-20 00:00:00,291000.0,3.0,1.75,1560,9788.0,1.0,0,0,3,1560,0.0,1964,2000,12816 84th Ave S,Seattle,WA 98178,USA,50,1,-0.6071,-0.1378,-0.3012,-0.665,0.2279
2014-06-16 00:00:00,230000.0,3.0,1.75,1400,6956.0,1.0,0,0,4,1400,0.0,1957,2001,10642 SE 200th St,Kent,WA 98031,USA,57,1,-0.7816,-0.2168,-0.493,-0.665,0.4631
2014-05-22 00:00:00,850000.0,4.0,3.25,3090,6744.0,2.0,0,4,3,3090,0.0,2013,1923,19117-19123 Richmond Beach Dr NW,Shoreline,WA 98177,USA,1,1,1.0616,-0.2227,1.533,-0.665,-1.4187
2014-06-01 00:00:00,84350.0,4.0,2.0,2630,16475.0,2.0,0,0,4,2630,0.0,1953,1983,9033 NE 32nd St,Yarrow Point,WA 98004,USA,61,1,0.5599,0.0486,0.9816,-0.665,0.5975
2014-05-08 00:00:00,2110000.0,4.0,1.0,2100,9200.0,1.0,0,0,3,1050,1050.0,1959,1989,14070 Military Rd S,Tukwila,WA 98168,USA,55,1,-0.0181,-0.1542,-0.9126,1.6808,0.3959
2014-05-05 00:00:00,2199900.0,4.0,1.5,1120,5427.0,1.0,0,0,3,1120,0.0,1969,2014,19009-19021 SE 266th St,Covington,WA 98042,USA,45,1,-1.087,-0.2594,-0.8287,-0.665,0.0599
2014-05-14 00:00:00,188000.0,4.0,2.75,3260,19542.0,1.0,0,0,4,2170,1090.0,1968,0,1525 79th Pl NE,Medina,WA 98039,USA,46,0,1.2471,0.1341,0.4301,1.7701,0.0935
2014-05-06 00:00:00,7800.0,2.0,1.0,780,16344.0,1.0,0,0,1,780,0.0,1942,0,4229 S 144th St,Tukwila,WA 98168,USA,72,0,-1.4578,0.045,-1.2363,-0.665,0.9672
2014-05-02 00:00:00,237227.857143,4.0,2.5,2200,7663.0,2.0,0,0,3,2200,0.0,1987,2000,5214 S 292nd St,Auburn,WA 98001,USA,27,1,0.091,-0.1971,0.4661,-0.665,-0.545
2014-05-05 00:00:00,117833.333333,3.0,1.0,1340,306848.0,1.0,0,0,3,1340,0.0,1953,0,17827 Mountain View Rd NE,Duvall,WA 98019,USA,61,0,-0.847,8.145,-0.565,-0.665,0.5975
2014-05-05 00:00:00,744312.5,4.0,2.5,2800,5900.0,1.0,0,0,3,1660,1140.0,1963,2008,7052 39th Ave NE,Seattle,WA 98115,USA,51,1,0.7454,-0.2462,-0.1813,1.8818,0.2615
2014-05-06 00:00:00,439333.333333,3.0,3.5,3020,4082.0,2.0,0,0,3,2080,940.0,1954,2004,3401-3599 Arapahoe Pl W,Seattle,WA 98199,USA,60,1,0.9853,-0.2969,0.3222,1.435,0.5639
2014-05-06 00:00:00,280000.0,3.0,2.25,1970,11088.0,1.0,0,0,4,1180,790.0,1967,0,18738-18798 49th Pl NE,Lake Forest Park,WA 98155,USA,47,0,-0.1599,-0.1016,-0.7568,1.0999,0.1271
2014-05-07 00:00:00,176225.0,3.0,2.0,1570,7200.0,1.0,0,0,4,1570,0.0,1952,0,1249 NE 168th St,Shoreline,WA 98155,USA,62,0,-0.5962,-0.21,-0.2892,-0.665,0.6311
2014-05-07 00:00:00,500324.0,3.0,2.5,2280,2289.0,2.0,0,0,3,1880,400.0,2006,0,579 Alpine Ridge Pl NW,Issaquah,WA 98027,USA,8,0,0.1782,-0.3469,0.0824,0.2286,-1.1835
2014-05-07 00:00:00,444845.0,3.0,2.5,1600,3573.0,2.0,0,0,3,1600,0.0,2013,1923,2821 NE 16th St,Renton,WA 98056,USA,1,1,-0.5634,-0.3111,-0.2533,-0.665,-1.4187
2014-05-07 00:00:00,330000.0,3.0,3.0,1680,1570.0,3.0,0,0,3,1680,0.0,2014,0,4117 Whitman Ave N,Seattle,WA 98103,USA,0,0,-0.4762,-0.367,-0.1574,-0.665,-1.4523
2014-05-08 00:00:00,292285.714286,3.0,1.75,1890,13860.0,1.0,0,0,5,1890,0.0,1966,0,14405 SE 208th St,Kent,WA 98042,USA,48,0,-0.2471,-0.0243,0.0944,-0.665,0.1607
2014-05-08 00:00:00,160000.0,2.0,1.0,520,22334.0,1.0,0,0,2,520,0.0,1951,0,2802-2804 S 138th St,SeaTac,WA 98168,USA,63,0,-1.7414,0.212,-1.548,-0.665,0.6647
2014-05-08 00:00:00,274333.333333,3.0,2.25,1780,191228.0,2.0,0,2,3,1780,0.0,1988,2000,44400 SE 159th St,North Bend,WA 98045,USA,26,1,-0.3671,4.9212,-0.0375,-0.665,-0.5786
2014-05-08 00:00:00,537500.0,4.0,3.0,2920,33976.0,1.0,0,3,5,1460,1460.0,1964,0,645 West Lake Sammamish Pkwy NE,Bellevue,WA 98008,USA,50,0,0.8762,0.5366,-0.4211,2.5967,0.2279
2014-05-08 00:00:00,232333.333333,3.0,2.25,2430,73151.0,1.0,0,0,3,2430,0.0,1974,0,14221 W Lake Kathleen Dr SE,Renton,WA 98059,USA,40,0,0.3418,1.6289,0.7418,-0.665,-0.1082
2014-05-08 00:00:00,237333.333333,3.0,2.75,3010,1842.0,2.0,0,0,3,3010,0.0,2011,0,2868 258th Pl SE,Sammamish,WA 98075,USA,3,0,0.9744,-0.3594,1.4371,-0.665,-1.3515
2014-05-09 00:00:00,346750.0,3.0,1.0,1620,30736.0,1.5,0,0,4,1620,0.0,1911,1977,16528 SE Newport Way,Bellevue,WA 98006,USA,103,1,-0.5416,0.4463,-0.2293,-0.665,2.0089
2014-05-09 00:00:00,1020000.0,3.0,2.25,2950,78843.0,1.5,0,0,3,2950,0.0,2006,0,1918 202nd Pl SE,Sammamish,WA 98075,USA,8,0,0.909,1.7876,1.3652,-0.665,-1.1835
2014-05-12 00:00:00,254000.0,3.0,1.5,1770,17208.0,1.0,0,0,3,1160,610.0,1959,1989,16726 SE 45th St,Bellevue,WA 98006,USA,55,1,-0.378,0.0691,-0.7808,0.6978,0.3959
2014-05-12 00:00:00,238750.0,3.0,1.0,1830,8209.0,1.0,0,0,3,1830,0.0,1942,1999,15765 Simonds Rd NE,Kenmore,WA 98028,USA,72,1,-0.3126,-0.1818,0.0225,-0.665,0.9672
2014-05-12 00:00:00,268971.875,4.0,2.5,2380,7066.0,2.0,0,0,4,2380,0.0,1997,0,12625 SE 228th Ct,Kent,WA 98031,USA,17,0,0.2873,-0.2137,0.6818,-0.665,-0.881
2014-05-12 00:00:00,642000.0,4.0,2.5,2550,10000.0,1.0,0,0,3,1290,1260.0,1964,2000,15003 NE 12th St,Bellevue,WA 98007,USA,50,1,0.4727,-0.1319,-0.6249,2.1499,0.2279
2014-05-12 00:00:00,571986.111111,3.0,2.5,3720,11610.0,2.0,0,0,3,3720,0.0,1982,0,21730 NE 29th St,Sammamish,WA 98074,USA,32,0,1.7488,-0.087,2.2883,-0.665,-0.377
2014-05-13 00:00:00,554250.0,3.0,2.5,1490,1709.0,3.0,0,0,3,1490,0.0,2004,2003,2703 NE 123rd St,Seattle,WA 98125,USA,10,1,-0.6834,-0.3631,-0.3851,-0.665,-1.1163
2014-05-14 00:00:00,107500.0,4.0,1.5,1590,131551.0,1.0,0,3,4,1590,0.0,1966,0,23819 SE 384th St,Enumclaw,WA 98022,USA,48,0,-0.5743,3.2573,-0.2653,-0.665,0.1607
2014-05-15 00:00:00,300000.0,3.0,2.0,1510,7066.0,1.0,0,2,3,1230,280.0,1973,2013,10516 Victory Ln NE,Seattle,WA 98125,USA,41,1,-0.6616,-0.2137,-0.6968,-0.0395,-0.0746
2014-05-15 00:00:00,540833.333333,3.0,2.0,1640,9972.0,1.0,0,0,4,1640,0.0,1977,0,25218 SE 31st Pl,Sammamish,WA 98075,USA,37,0,-0.5198,-0.1327,-0.2053,-0.665,-0.209
2014-05-15 00:00:00,274750.0,4.0,2.5,1840,1562.0,2.0,0,0,3,1400,440.0,2004,2003,2414 SW Holden St,Seattle,WA 98106,USA,10,1,-0.3017,-0.3672,-0.493,0.318,-1.1163
2014-05-15 00:00:00,148612.5,3.0,1.0,1040,5000.0,1.0,0,0,3,1040,0.0,1959,1989,10050 19th Ave SW,Seattle,WA 98146,USA,55,1,-1.1742,-0.2713,-0.9246,-0.665,0.3959
2014-05-16 00:00:00,326428.571429,3.0,1.0,1250,7663.0,1.0,0,0,4,1250,0.0,1951,1999,3809 SW Findlay St,Seattle,WA 98126,USA,63,1,-0.9452,-0.1971,-0.6729,-0.665,0.6647
2014-05-16 00:00:00,135333.333333,4.0,1.0,1530,7200.0,1.5,0,0,3,1400,130.0,1948,1994,5602 S Avon St,Seattle,WA 98178,USA,66,1,-0.6398,-0.21,-0.493,-0.3746,0.7655
2014-05-16 00:00:00,577437.5,4.0,2.5,2110,3750.0,2.0,0,0,3,2110,0.0,2000,0,6737 5th Ave NW,Seattle,WA 98117,USA,14,0,-0.0072,-0.3062,0.3582,-0.665,-0.9818
2014-05-16 00:00:00,440825.0,3.0,1.75,2150,4333.0,1.0,0,0,3,1200,950.0,1956,2001,4319 SW Brandon St,Seattle,WA 98136,USA,58,1,0.0364,-0.2899,-0.7328,1.4573,0.4967
2014-05-19 00:00:00,195000.0,5.0,3.75,5340,10655.0,2.5,0,3,4,3740,1600.0,1912,1989,2601-2649 Shoreland Dr S,Seattle,WA 98144,USA,102,1,3.5156,-0.1136,2.3123,2.9095,1.9753
2014-05-19 00:00:00,257500.0,4.0,1.75,2420,7672.0,1.0,0,0,3,1480,940.0,1979,2014,4473 192nd Ave SE,Issaquah,WA 98027,USA,35,1,0.3309,-0.1968,-0.3971,1.435,-0.2762
2014-05-19 00:00:00,692000.0,4.0,3.25,5010,34460.0,2.0,0,0,3,5010,0.0,1988,2000,6265 160th Ave SE,Bellevue,WA 98006,USA,26,1,3.1557,0.5501,3.8349,-0.665,-0.5786
2014-05-19 00:00:00,176400.0,2.0,1.0,910,9612.0,1.0,0,0,4,910,0.0,1981,0,14116 SE 193rd St,Renton,WA 98058,USA,33,0,-1.316,-0.1427,-1.0805,-0.665,-0.3434
2014-05-19 00:00:00,193000.0,3.0,1.5,2200,5000.0,1.5,0,0,3,2200,0.0,1932,0,2356 Rosemont Pl W,Seattle,WA 98199,USA,82,0,0.091,-0.2713,0.4661,-0.665,1.3032
2014-05-19 00:00:00,646212.5,4.0,2.5,3430,64441.0,2.0,0,0,3,3430,0.0,2013,1923,19585-19799 204th Ave NE,Woodinville,WA 98077,USA,1,1,1.4325,1.386,1.9407,-0.665,-1.4187
2014-05-20 00:00:00,268971.875,4.0,2.5,1860,6687.0,1.0,0,0,4,1220,640.0,1983,0,22027 117th Ave SE,Kent,WA 98031,USA,31,0,-0.2799,-0.2243,-0.7088,0.7648,-0.4106
2014-05-20 00:00:00,317061.875,3.0,1.75,1280,10716.0,1.0,0,0,4,1280,0.0,1969,0,14201-14211 146th Pl SE,Renton,WA 98059,USA,45,0,-0.9125,-0.1119,-0.6369,-0.665,0.0599
2014-05-20 00:00:00,83300.0,3.0,2.0,1490,7770.0,1.0,0,0,4,1490,0.0,1990,0,26017 189th Ave SE,Covington,WA 98042,USA,24,0,-0.6834,-0.1941,-0.3851,-0.665,-0.6458
2014-05-21 00:00:00,266066.666667,4.0,1.0,1310,5200.0,1.5,0,0,3,1160,0.0,1945,2010,7127 29th Ave SW,Seattle,WA 98126,USA,69,1,-0.8797,-0.2657,-0.7808,-0.665,0.8663
2014-05-22 00:00:00,342246.428571,4.0,2.25,1980,7403.0,2.0,0,0,3,1980,0.0,1988,2000,3002 SW 349th Pl,Federal Way,WA 98023,USA,26,1,-0.149,-0.2043,0.2023,-0.665,-0.5786
2014-05-22 00:00:00,240015.333333,4.0,2.25,1720,8300.0,1.0,0,0,4,1720,0.0,1973,0,31510 41st Ave SW,Federal Way,WA 98023,USA,41,0,-0.4326,-0.1793,-0.1094,-0.665,-0.0746
2014-05-23 00:00:00,83300.0,3.0,2.0,1370,78408.0,1.0,0,0,5,1370,0.0,1964,0,24007 196th Ave SE,Covington,WA 98042,USA,50,0,-0.8143,1.7755,-0.529,-0.665,0.2279
2014-05-23 00:00:00,316850.0,4.0,3.0,4060,35621.0,1.0,0,0,3,2030,2030.0,1989,0,32915 176th Ave SE,Auburn,WA 98092,USA,25,0,2.1196,0.5825,0.2622,3.8701,-0.6122
2014-05-23 00:00:00,259585.571429,4.0,2.25,1960,9898.0,2.0,0,0,3,1960,0.0,2001,0,24330 130th Ave SE,Kent,WA 98030,USA,13,0,-0.1708,-0.1348,0.1783,-0.665,-1.0154
2014-05-27 00:00:00,328211.904762,4.0,2.5,1720,9600.0,1.0,0,0,3,1120,600.0,1961,2004,1915 Ginko St SE,Auburn,WA 98092,USA,53,1,-0.4326,-0.1431,-0.8287,0.6754,0.3287
2014-05-27 00:00:00,673476.818182,4.0,2.25,2740,12899.0,2.0,0,0,4,2740,0.0,1990,0,3148 234th Ct SE,Sammamish,WA 98075,USA,24,0,0.6799,-0.0511,1.1134,-0.665,-0.6458
2014-05-27 00:00:00,425000.0,3.0,2.5,1870,5449.0,2.0,0,0,3,1870,0.0,2003,0,9032 NE 176th St,Bothell,WA 98011,USA,11,0,-0.269,-0.2588,0.0704,-0.665,-1.0827
2014-05-28 00:00:00,127160.0,2.0,1.0,720,4222.0,1.0,0,0,4,720,0.0,1942,1982,821 Edmonds Ave NE,Renton,WA 98056,USA,72,1,-1.5232,-0.293,-1.3083,-0.665,0.9672
2014-05-28 00:00:00,341750.0,3.0,2.25,2180,7741.0,2.0,0,0,3,2180,0.0,1986,0,4315 201st Ave NE,Sammamish,WA 98074,USA,28,0,0.0691,-0.1949,0.4421,-0.665,-0.5114
2014-05-28 00:00:00,178650.0,3.0,1.5,1430,8960.0,1.0,0,0,4,1430,0.0,1953,1983,14219-14231 11th Ave SW,Burien,WA 98166,USA,61,1,-0.7489,-0.1609,-0.4571,-0.665,0.5975
2014-05-28 00:00:00,87500.0,2.0,1.0,780,6685.0,1.0,0,0,4,780,0.0,1948,0,311 L St SE,Auburn,WA 98002,USA,66,0,-1.4578,-0.2243,-1.2363,-0.665,0.7655
2014-05-28 00:00:00,282508.888889,3.0,1.0,1180,5002.0,1.5,0,0,3,1180,0.0,1946,0,17022 5th Ave NE,Shoreline,WA 98155,USA,68,0,-1.0215,-0.2713,-0.7568,-0.665,0.8327
2014-05-28 00:00:00,450385.714286,3.0,2.0,1300,3731.0,1.0,0,0,3,900,400.0,1993,0,7250 Rainier Ave S,Seattle,WA 98118,USA,21,0,-0.8906,-0.3067,-1.0925,0.2286,-0.7466
2014-05-28 00:00:00,435000.0,4.0,3.0,4260,18000.0,2.0,0,2,3,4260,0.0,2000,0,7436 SE 76th St,Mercer Island,WA 98040,USA,14,0,2.3377,0.0912,2.9357,-0.665,-0.9818
2014-05-28 00:00:00,532500.0,2.0,1.75,2050,11900.0,1.0,0,0,4,2050,0.0,1950,1983,1149-1199 91st Ave NE,Bellevue,WA 98004,USA,64,1,-0.0726,-0.0789,0.2862,-0.665,0.6983
2014-05-29 00:00:00,408900.0,3.0,1.75,2930,19876.0,1.0,0,0,3,2030,900.0,1993,0,12542 NE 160th Pl,Woodinville,WA 98072,USA,21,0,0.8871,0.1435,0.2622,1.3456,-0.7466
2014-05-29 00:00:00,156766.666667,2.0,1.0,1500,4120.0,1.5,0,0,3,880,620.0,1928,1954,220 Garden Ave N,Renton,WA 98057,USA,86,1,-0.6725,-0.2959,-1.1165,0.7201,1.4376
2014-05-29 00:00:00,452500.0,5.0,3.5,5960,13703.0,2.0,0,2,3,4770,1190.0,1984,0,510 175th Pl NE,Bellevue,WA 98008,USA,30,0,4.1918,-0.0287,3.5471,1.9935,-0.4442
2014-05-29 00:00:00,308830.769231,2.0,1.0,810,4800.0,1.0,0,0,3,810,0.0,1919,2001,4611 51st Ave S,Seattle,WA 98118,USA,95,1,-1.4251,-0.2769,-1.2004,-0.665,1.74
2014-05-29 00:00:00,484991.666667,4.0,2.75,2320,4344.0,2.0,0,0,3,2320,0.0,2012,1912,4242 NE 2nd Ct,Renton,WA 98059,USA,2,1,0.2218,-0.2896,0.6099,-0.665,-1.3851
2014-05-30 00:00:00,287919.782609,2.0,1.0,1090,5000.0,1.0,0,0,4,730,360.0,1942,1982,8607 36th Ave SW,Seattle,WA 98126,USA,72,1,-1.1197,-0.2713,-1.2963,0.1393,0.9672
2014-05-30 00:00:00,247875.0,2.0,1.0,1000,4776.0,1.0,0,0,4,1000,0.0,1942,1982,4557 14th Ave S,Seattle,WA 98108,USA,72,1,-1.2178,-0.2776,-0.9726,-0.665,0.9672
2014-05-30 00:00:00,309487.5,3.0,2.5,2260,19821.0,2.0,0,0,3,2260,0.0,1994,0,17207 190th Ave SE,Renton,WA 98058,USA,20,0,0.1564,0.1419,0.538,-0.665,-0.7802
2014-05-30 00:00:00,173666.666667,4.0,1.0,1290,5000.0,1.5,0,0,3,1290,0.0,1957,2000,10022 19th Ave SW,Seattle,WA 98146,USA,57,1,-0.9015,-0.2713,-0.6249,-0.665,0.4631
2014-05-30 00:00:00,237481.25,3.0,2.0,2120,7560.0,1.0,0,0,3,2120,0.0,1991,0,18600 135th Pl SE,Renton,WA 98058,USA,23,0,0.0037,-0.1999,0.3701,-0.665,-0.6794
2014-05-30 00:00:00,326983.333333,3.0,2.25,1490,4522.0,2.0,0,0,3,1490,0.0,2009,0,8008 NE 183rd St,Kenmore,WA 98028,USA,5,0,-0.6834,-0.2846,-0.3851,-0.665,-1.2843
2014-05-30 00:00:00,790000.0,4.0,2.5,2310,5100.0,2.0,0,0,3,2310,0.0,2013,1923,144 NW 103rd St,Seattle,WA 98177,USA,1,1,0.2109,-0.2685,0.5979,-0.665,-1.4187
2014-06-02 00:00:00,678333.333333,3.0,2.5,1840,3035.0,1.0,0,0,3,920,920.0,1926,2003,4003 2nd Ave NE,Seattle,WA 98105,USA,88,1,-0.3017,-0.3261,-1.0685,1.3903,1.5048
2014-06-02 00:00:00,542804.75,5.0,2.75,2910,36250.0,1.0,0,0,3,1590,1320.0,1977,2004,19720 SE 21st St,Sammamish,WA 98075,USA,37,1,0.8653,0.6,-0.2653,2.2839,-0.209
2014-06-02 00:00:00,723243.75,4.0,2.75,3270,12880.0,2.0,0,0,3,3270,0.0,2014,0,6839 126th Ave NE,Kirkland,WA 98033,USA,0,0,1.258,-0.0516,1.7488,-0.665,-1.4523
2014-06-03 00:00:00,667781.25,5.0,2.75,3040,10257.0,2.0,0,0,3,3040,0.0,1993,0,5627 167th Pl SE,Bellevue,WA 98006,USA,21,0,1.0071,-0.1247,1.4731,-0.665,-0.7466
2014-06-03 00:00:00,108333.333333,3.0,1.0,1200,9936.0,1.0,0,0,4,1200,0.0,1969,0,23414 SE 269th St,Maple Valley,WA 98038,USA,45,0,-0.9997,-0.1337,-0.7328,-0.665,0.0599
2014-06-03 00:00:00,535000.0,4.0,2.25,2290,5350.0,2.0,0,0,4,2120,170.0,1958,1972,2523 42nd Ave W,Seattle,WA 98199,USA,56,1,0.1891,-0.2616,0.3701,-0.2852,0.4295
2014-06-03 00:00:00,596165.428571,4.0,2.0,2580,6000.0,1.0,0,0,5,1300,1280.0,1950,0,3449 Magnolia Blvd W,Seattle,WA 98199,USA,64,0,0.5054,-0.2434,-0.6129,2.1946,0.6983
2014-06-03 00:00:00,269187.5,3.0,1.75,1590,27200.0,1.5,0,0,4,1590,0.0,1926,1993,19827 SE Maple Valley Hwy,Maple Valley,WA 98038,USA,88,1,-0.5743,0.3477,-0.2653,-0.665,1.5048
2014-06-03 00:00:00,148612.5,3.0,1.0,1040,6860.0,2.0,0,0,3,1040,0.0,1942,1999,10120-10198 34th Ave SW,Seattle,WA 98146,USA,72,1,-1.1742,-0.2195,-0.9246,-0.665,0.9672
2014-06-03 00:00:00,341166.666667,5.0,2.75,2670,3800.0,2.0,0,0,3,2670,0.0,2014,0,16301 SE 139th Ct,Renton,WA 98059,USA,0,0,0.6036,-0.3048,1.0295,-0.665,-1.4523
2014-06-04 00:00:00,132500.0,4.0,1.0,1540,115434.0,1.5,0,0,4,1540,0.0,1923,0,9138 S 208th St,Kent,WA 98031,USA,91,0,-0.6289,2.8079,-0.3252,-0.665,1.6056
2014-06-04 00:00:00,557125.0,4.0,2.75,3370,12447.0,2.0,0,0,3,3370,0.0,1991,0,14257 212th Dr NE,Woodinville,WA 98077,USA,23,0,1.367,-0.0637,1.8687,-0.665,-0.6794
2014-06-04 00:00:00,228944.444444,3.0,1.75,1730,11325.0,1.0,0,0,5,1730,0.0,1972,0,23403 120th Ave SE,Kent,WA 98031,USA,42,0,-0.4217,-0.095,-0.0974,-0.665,-0.0409
2014-06-05 00:00:00,592105.714286,3.0,2.25,1640,29970.0,2.0,0,0,3,1640,0.0,1992,0,3040 273rd Ave NE,Redmond,WA 98053,USA,22,0,-0.5198,0.4249,-0.2053,-0.665,-0.713
2014-06-05 00:00:00,535000.0,4.0,2.25,2980,8051.0,1.5,0,2,4,2020,960.0,1935,0,2550 Westmont Way W,Seattle,WA 98199,USA,79,0,0.9417,-0.1863,0.2503,1.4797,1.2024
2014-06-05 00:00:00,420642.857143,3.0,2.0,1330,8100.0,1.0,0,0,4,1330,0.0,1969,0,13817 125th Ave NE,Kirkland,WA 98034,USA,45,0,-0.8579,-0.1849,-0.577,-0.665,0.0599
2014-06-05 00:00:00,132250.0,4.0,2.25,2192,12128.0,2.0,0,0,3,2192,0.0,2006,0,26429 106th Ave SE,Kent,WA 98030,USA,8,0,0.0822,-0.0726,0.4565,-0.665,-1.1835
2014-06-05 00:00:00,237227.857143,4.0,2.5,2068,7242.0,2.0,0,0,4,2068,0.0,1976,1992,30036-30116 42nd Pl S,Auburn,WA 98001,USA,38,1,-0.053,-0.2088,0.3078,-0.665,-0.1754
2014-06-05 00:00:00,440825.0,3.0,1.75,1980,6250.0,1.0,0,1,5,1090,890.0,1910,0,5256 42nd Ave SW,Seattle,WA 98136,USA,104,0,-0.149,-0.2365,-0.8647,1.3233,2.0425
2014-06-06 00:00:00,423050.925926,2.0,1.0,890,4590.0,1.0,0,0,3,890,0.0,1923,1998,332 NW 84th St,Seattle,WA 98117,USA,91,1,-1.3378,-0.2828,-1.1045,-0.665,1.6056
2014-06-06 00:00:00,1337044.2,4.0,3.5,4280,9583.0,2.0,0,0,3,4280,0.0,2005,0,1415 108th Ave SE,Bellevue,WA 98004,USA,9,0,2.3595,-0.1435,2.9597,-0.665,-1.1499
2014-06-06 00:00:00,315368.7,3.0,2.5,3080,12476.0,2.0,0,0,3,3080,0.0,1990,2009,25221 235th Way SE,Maple Valley,WA 98038,USA,24,1,1.0507,-0.0629,1.5211,-0.665,-0.6458
2014-06-06 00:00:00,417985.714286,4.0,2.25,2070,7500.0,2.0,0,0,4,2070,0.0,1977,0,14025 93rd Ave NE,Kirkland,WA 98034,USA,37,0,-0.0508,-0.2016,0.3102,-0.665,-0.209
2014-06-06 00:00:00,723243.75,4.0,2.75,3010,7215.0,2.0,0,0,3,3010,0.0,2014,0,10611 Slater Ave NE,Kirkland,WA 98033,USA,0,0,0.9744,-0.2096,1.4371,-0.665,-1.4523
2014-06-09 00:00:00,259950.0,4.0,2.0,2030,9300.0,1.0,0,0,4,2030,0.0,1976,1992,14218 NE 67th Ct,Redmond,WA 98052,USA,38,1,-0.0945,-0.1514,0.2622,-0.665,-0.1754
2014-06-10 00:00:00,237333.333333,3.0,2.75,2340,16500.0,1.0,0,0,4,1500,840.0,1972,0,21600 SE 18th Pl,Sammamish,WA 98075,USA,42,0,0.2436,0.0493,-0.3732,1.2116,-0.0409
2014-06-10 00:00:00,426090.0,3.0,2.5,2340,5957.0,2.0,0,0,3,2340,0.0,1995,0,7821 NE 147th St,Kenmore,WA 98028,USA,19,0,0.2436,-0.2446,0.6339,-0.665,-0.8138
2014-06-10 00:00:00,458663.888889,2.0,1.0,1470,7137.0,1.0,0,0,3,1020,450.0,1941,1994,9736 Dayton Ave N,Seattle,WA 98103,USA,73,1,-0.7052,-0.2117,-0.9486,0.3403,1.0008
2014-06-10 00:00:00,812650.0,4.0,2.5,3700,21755.0,1.0,0,4,3,2620,1080.0,1988,2000,4462 175th Pl SE,Bellevue,WA 98006,USA,26,1,1.7269,0.1959,0.9696,1.7478,-0.5786
2014-06-10 00:00:00,135333.333333,4.0,1.0,1200,7200.0,1.5,0,0,3,1200,0.0,1944,0,6815 S 120th Pl,Seattle,WA 98178,USA,70,0,-0.9997,-0.21,-0.7328,-0.665,0.8999
2014-06-12 00:00:00,387884.615385,3.0,1.75,1590,8219.0,1.5,0,0,5,970,620.0,1938,0,12632 93rd Pl NE,Kirkland,WA 98034,USA,76,0,-0.5743,-0.1816,-1.0086,0.7201,1.1016
2014-06-12 00:00:00,437500.0,5.0,3.5,3690,11928.0,2.0,0,0,3,2540,1150.0,2006,0,114 210th Ave NE,Sammamish,WA 98074,USA,8,0,1.716,-0.0782,0.8737,1.9042,-1.1835
2014-06-12 00:00:00,641633.333333,3.0,2.5,2480,5137.0,2.0,0,0,3,2480,0.0,2000,0,13202 NE 92nd Way,Redmond,WA 98052,USA,14,0,0.3963,-0.2675,0.8017,-0.665,-0.9818
2014-06-12 00:00:00,681965.78125,4.0,2.5,2683,40386.0,2.0,0,0,4,2683,0.0,1987,0,10821 151st Ave NE,Redmond,WA 98052,USA,27,0,0.6177,0.7153,1.0451,-0.665,-0.545
2014-06-12 00:00:00,229629.5,2.0,1.0,1100,8281.0,1.0,0,0,4,1100,0.0,1947,1988,1206 NE 155th St,Shoreline,WA 98155,USA,67,1,-1.1088,-0.1798,-0.8527,-0.665,0.7991
2014-06-12 00:00:00,210614.285714,3.0,2.5,2210,10119.0,1.0,0,0,4,1450,760.0,1966,0,1121 E Guiberson St,Kent,WA 98030,USA,48,0,0.1019,-0.1286,-0.4331,1.0329,0.1607
2014-06-12 00:00:00,790000.0,4.0,3.25,2420,4000.0,1.5,0,0,5,1870,550.0,1911,1984,4039 4th Ave NE,Seattle,WA 98105,USA,103,1,0.3309,-0.2992,0.0704,0.5637,2.0089
2014-06-12 00:00:00,435500.0,3.0,3.5,1240,1666.0,2.0,0,0,3,1000,240.0,2008,0,5922 44th Ave SW,Seattle,WA 98136,USA,6,0,-0.9561,-0.3643,-0.9726,-0.1288,-1.2507
2014-06-13 00:00:00,738190.857143,3.0,2.5,2300,3060.0,1.5,0,0,3,1510,790.0,1930,2002,7349 17th Ave NE,Seattle,WA 98115,USA,84,1,0.2,-0.3254,-0.3612,1.0999,1.3704
2014-06-13 00:00:00,497333.333333,3.0,1.75,1760,12874.0,1.0,0,0,4,1230,530.0,1967,0,12926 SE 23rd St,Bellevue,WA 98005,USA,47,0,-0.3889,-0.0518,-0.6968,0.519,0.1271
2014-06-13 00:00:00,300000.0,3.0,2.0,2020,8555.0,1.0,0,0,4,1220,800.0,1957,2001,13545 39th Ave NE,Seattle,WA 98125,USA,57,1,-0.1054,-0.1722,-0.7088,1.1222,0.4631
2014-06-15 00:00:00,1036200.0,4.0,3.25,2500,5801.0,1.5,0,0,3,1960,540.0,1926,2003,1502 Parkside Dr E,Seattle,WA 98112,USA,88,1,0.4182,-0.249,0.1783,0.5414,1.5048
2014-06-16 00:00:00,163785.714286,2.0,1.0,760,5500.0,1.5,0,0,3,760,0.0,1947,2012,11023 4th Ave S,Seattle,WA 98168,USA,67,1,-1.4796,-0.2574,-1.2603,-0.665,0.7991
2014-06-16 00:00:00,351250.0,4.0,1.75,1580,5340.0,1.0,0,0,3,1130,450.0,1947,2012,214 20th Ave S,Seattle,WA 98144,USA,67,1,-0.5853,-0.2618,-0.8167,0.3403,0.7991
2014-06-17 00:00:00,645325.0,3.0,2.5,2670,10481.0,2.0,0,0,3,2670,0.0,2003,0,6901 123rd Ave NE,Kirkland,WA 98033,USA,11,0,0.6036,-0.1185,1.0295,-0.665,-1.0827
2014-06-17 00:00:00,171224.8,3.0,1.0,1140,8366.0,1.0,0,0,5,1140,0.0,1943,0,3108 SE 6th St,Renton,WA 98058,USA,71,0,-1.0651,-0.1775,-0.8047,-0.665,0.9336
2014-06-17 00:00:00,540000.0,3.0,2.75,2750,18029.0,1.0,0,2,5,1810,940.0,1978,0,4708 154th Pl SE,Bellevue,WA 98006,USA,36,0,0.6908,0.092,-0.0015,1.435,-0.2426
2014-06-17 00:00:00,233166.666667,3.0,2.0,1570,7000.0,2.0,0,2,4,1050,520.0,1971,0,429 Randolph Ave,Seattle,WA 98122,USA,43,0,-0.5962,-0.2156,-0.9126,0.4967,-0.0073
2014-06-17 00:00:00,329333.333333,3.0,1.75,1160,22470.0,1.0,0,0,4,1160,0.0,1976,1992,18124-18204 83rd Ave NE,Kenmore,WA 98028,USA,38,1,-1.0433,0.2158,-0.7808,-0.665,-0.1754
2014-06-17 00:00:00,225279.428571,3.0,2.25,2110,7665.0,1.0,0,0,4,1360,750.0,1973,0,32744 30th Ave SW,Federal Way,WA 98023,USA,41,0,-0.0072,-0.197,-0.541,1.0105,-0.0746
2014-06-17 00:00:00,331366.666667,3.0,2.5,1270,2509.0,2.0,0,0,3,1270,0.0,2004,2003,2492 SW Webster St,Seattle,WA 98106,USA,10,1,-0.9234,-0.3408,-0.6489,-0.665,-1.1163
2014-06-17 00:00:00,460886.923077,4.0,2.5,3250,4500.0,2.0,0,0,3,3250,0.0,2009,0,5221 NE 7th Pl,Renton,WA 98059,USA,5,0,1.2362,-0.2853,1.7249,-0.665,-1.2843
2014-06-18 00:00:00,337945.75,2.0,1.0,940,9839.0,1.0,0,0,3,940,0.0,1910,2006,4100 SW Othello St,Seattle,WA 98136,USA,104,1,-1.2833,-0.1364,-1.0445,-0.665,2.0425
2014-06-18 00:00:00,243069.230769,3.0,1.0,1130,12519.0,1.0,0,0,3,1130,0.0,1958,2004,834 Lynnwood Ave NE,Renton,WA 98056,USA,56,1,-1.0761,-0.0617,-0.8167,-0.665,0.4295
2014-06-18 00:00:00,690408.62069,4.0,2.5,3210,14910.0,2.0,0,0,3,3210,0.0,1995,0,110-112 209th Pl SE,Sammamish,WA 98074,USA,19,0,1.1925,0.005,1.6769,-0.665,-0.8138
2014-06-19 00:00:00,592105.714286,3.0,2.5,2650,40705.0,2.0,0,0,3,2650,0.0,1994,0,7047 208th Ave NE,Redmond,WA 98053,USA,20,0,0.5818,0.7242,1.0055,-0.665,-0.7802
2014-06-19 00:00:00,220083.333333,3.0,1.75,1150,8079.0,1.0,0,0,4,1150,0.0,1983,0,12021 SE 251 Pl,Kent,WA 98030,USA,31,0,-1.0542,-0.1855,-0.7928,-0.665,-0.4106
2014-06-19 00:00:00,280000.0,3.0,3.0,3910,19023.0,2.0,0,0,3,3910,0.0,1985,0,31751 NE 110th St,Carnation,WA 98014,USA,29,0,1.956,0.1197,2.5161,-0.665,-0.4778
2014-06-19 00:00:00,297857.142857,4.0,2.5,3490,5000.0,2.0,0,0,3,3490,0.0,2003,0,16102 SE 251 St,Covington,WA 98042,USA,11,0,1.4979,-0.2713,2.0126,-0.665,-1.0827
2014-06-19 00:00:00,950833.333333,5.0,3.0,3330,19126.0,2.0,0,0,4,2610,720.0,1977,0,6100 93rd Ave SE,Mercer Island,WA 98040,USA,37,0,1.3234,0.1225,0.9576,0.9435,-0.209
2014-06-19 00:00:00,323833.333333,4.0,1.0,1940,5753.0,1.5,0,0,3,1940,0.0,1947,2012,12234 1st Ave NW,Seattle,WA 98177,USA,67,1,-0.1926,-0.2503,0.1543,-0.665,0.7991
2014-06-19 00:00:00,309000.0,3.0,2.5,1800,2700.0,2.0,0,0,3,1800,0.0,2011,0,2803 SW Bataan St,Seattle,WA 98126,USA,3,0,-0.3453,-0.3355,-0.0135,-0.665,-1.3515
2014-06-20 00:00:00,248400.0,3.0,1.75,1880,11249.0,1.0,0,0,3,1330,550.0,1985,0,2431 T St NW,Auburn,WA 98001,USA,29,0,-0.2581,-0.0971,-0.577,0.5637,-0.4778
2014-06-20 00:00:00,994500.0,4.0,2.25,2870,6280.0,1.5,0,0,4,1980,890.0,1905,0,1517-1519 17th Ave E,Seattle,WA 98112,USA,109,0,0.8217,-0.2356,0.2023,1.3233,2.2105
2014-06-23 00:00:00,288500.0,5.0,2.5,3390,9760.0,1.0,0,0,5,1750,1640.0,1978,0,15224 SE 175th Pl,Renton,WA 98058,USA,36,0,1.3888,-0.1386,-0.0734,2.9988,-0.2426
2014-06-23 00:00:00,379509.166667,2.0,1.0,880,6413.0,1.0,0,0,3,880,0.0,1950,2005,3429 49th Ave SW,Seattle,WA 98116,USA,64,1,-1.3487,-0.2319,-1.1165,-0.665,0.6983
2014-06-23 00:00:00,180785.714286,2.0,1.0,2550,21675.0,1.0,0,1,4,1610,940.0,1958,1972,22320 11th Ave S,Des Moines,WA 98198,USA,56,1,0.4727,0.1936,-0.2413,1.435,0.4295
2014-06-23 00:00:00,950100.0,4.0,2.5,3160,13194.0,2.0,0,0,5,3160,0.0,1965,0,6135 79th Ave SE,Mercer Island,WA 98040,USA,49,0,1.138,-0.0429,1.617,-0.665,0.1943
2014-06-24 00:00:00,542500.0,5.0,2.75,3831,13800.0,2.0,1,4,3,3831,0.0,1959,1980,6208 SE 22nd St,Mercer Island,WA 98040,USA,55,1,1.8698,-0.026,2.4214,-0.665,0.3959
2014-06-24 00:00:00,362750.0,2.0,1.75,1240,3000.0,1.5,0,0,3,1240,0.0,1906,2014,150 NE 55th St,Seattle,WA 98105,USA,108,1,-0.9561,-0.3271,-0.6849,-0.665,2.1769
2014-06-24 00:00:00,234975.0,4.0,2.75,2520,14021.0,2.0,0,0,3,2520,0.0,1999,0,28509 NE 149th Pl,Duvall,WA 98019,USA,15,0,0.44,-0.0198,0.8497,-0.665,-0.9482
2014-06-24 00:00:00,672500.0,4.0,2.25,2420,10200.0,2.0,0,0,4,2420,0.0,1973,0,8516 SE 78th St,Mercer Island,WA 98040,USA,41,0,0.3309,-0.1263,0.7298,-0.665,-0.0746
2014-06-24 00:00:00,391400.0,4.0,1.75,1250,7400.0,1.0,0,0,5,1250,0.0,1959,0,1039 165th Pl NE,Bellevue,WA 98008,USA,55,0,-0.9452,-0.2044,-0.6729,-0.665,0.3959
2014-06-24 00:00:00,198995.0,3.0,1.0,1410,8053.0,1.0,0,0,4,1410,0.0,1951,1999,10320 Dibble Ave NW,Seattle,WA 98177,USA,63,1,-0.7707,-0.1862,-0.4811,-0.665,0.6647
2014-06-24 00:00:00,278900.0,3.0,1.0,990,9798.0,1.0,0,0,3,990,0.0,1968,1997,13101 NE 193rd Pl,Woodinville,WA 98072,USA,46,1,-1.2287,-0.1375,-0.9846,-0.665,0.0935
2014-06-24 00:00:00,171758.333333,3.0,1.0,1000,8512.0,1.0,0,0,3,1000,0.0,1991,0,3402 261st Pl SE,Enumclaw,WA 98022,USA,23,0,-1.2178,-0.1734,-0.9726,-0.665,-0.6794
2014-06-24 00:00:00,325187.5,3.0,1.75,2000,7560.0,1.0,0,0,4,1300,700.0,1968,0,12621 SE 187th Pl,Renton,WA 98058,USA,46,0,-0.1272,-0.1999,-0.6129,0.8988,0.0935
2014-06-25 00:00:00,190368.75,2.0,1.0,1120,5650.0,1.0,0,0,3,1120,0.0,1944,0,7414 S 118th Pl,Seattle,WA 98178,USA,70,0,-1.087,-0.2532,-0.8287,-0.665,0.8999
2014-06-25 00:00:00,375000.0,5.0,3.25,3370,7947.0,2.0,0,0,3,3370,0.0,2001,0,1826 4th St,Kirkland,WA 98033,USA,13,0,1.367,-0.1892,1.8687,-0.665,-1.0154
2014-06-25 00:00:00,216000.0,3.0,2.75,2210,4000.0,2.0,0,0,3,2210,0.0,2008,0,10915 243rd Ave NE,Redmond,WA 98053,USA,6,0,0.1019,-0.2992,0.478,-0.665,-1.2507
2014-06-25 00:00:00,360500.0,3.0,2.5,1150,887.0,3.0,0,0,3,1150,0.0,2007,0,10703 Greenwood Ave N,Seattle,WA 98133,USA,7,0,-1.0542,-0.386,-0.7928,-0.665,-1.2171
2014-06-26 00:00:00,677099.565217,4.0,2.5,2150,27540.0,2.0,0,0,3,2150,0.0,1997,0,3046 Quail Creek Way NE,Redmond,WA 98053,USA,17,0,0.0364,0.3572,0.4061,-0.665,-0.881
2014-06-26 00:00:00,405125.0,4.0,2.75,4230,31747.0,2.0,0,0,4,4230,0.0,1985,0,14323-14347 155th Ave NE,Woodinville,WA 98072,USA,29,0,2.305,0.4745,2.8998,-0.665,-0.4778
2014-06-26 00:00:00,289987.5,3.0,1.75,1570,7663.0,1.0,0,0,3,1080,490.0,1956,2001,15821 4th Ave SW,Burien,WA 98166,USA,58,1,-0.5962,-0.1971,-0.8767,0.4297,0.4967
2014-06-26 00:00:00,264270.0,3.0,2.5,1630,7700.0,1.0,0,0,3,1120,510.0,1978,0,9812 S 239th Pl,Kent,WA 98031,USA,36,0,-0.5307,-0.196,-0.8287,0.4744,-0.2426
2014-06-26 00:00:00,602761.0,4.0,2.5,2770,10274.0,2.0,0,0,3,2770,0.0,1989,0,3823 242nd Ave SE,Issaquah,WA 98029,USA,25,0,0.7126,-0.1243,1.1494,-0.665,-0.6122
2014-06-26 00:00:00,251555.555556,3.0,1.0,1750,7800.0,1.0,0,0,4,1150,600.0,1956,0,16004 7th Ave SW,Burien,WA 98166,USA,58,0,-0.3998,-0.1933,-0.7928,0.6754,0.4967
2014-06-26 00:00:00,214750.0,3.0,1.5,1090,8160.0,1.0,0,0,3,1090,0.0,1967,2014,16430 125th Ave SE,Renton,WA 98058,USA,47,1,-1.1197,-0.1832,-0.8647,-0.665,0.1271
2014-06-26 00:00:00,258125.0,2.0,1.0,930,7740.0,1.0,0,0,3,930,0.0,1924,2011,11020 34th Ave NE,Seattle,WA 98125,USA,90,1,-1.2942,-0.1949,-1.0565,-0.665,1.572
2014-06-27 00:00:00,677099.565217,4.0,2.5,2540,38677.0,2.0,0,0,3,2540,0.0,1987,2000,7238 221st Ave NE,Redmond,WA 98053,USA,27,1,0.4618,0.6677,0.8737,-0.665,-0.545
2014-06-27 00:00:00,167500.0,1.0,1.0,690,1950.0,1.0,0,0,3,690,0.0,1928,1954,7554 14th Ave NW,Seattle,WA 98117,USA,86,1,-1.5559,-0.3564,-1.3442,-0.665,1.4376
2014-06-27 00:00:00,471500.0,4.0,3.0,2370,3672.0,1.5,0,0,5,1650,720.0,1916,0,6811 16th Ave NE,Seattle,WA 98115,USA,98,0,0.2764,-0.3083,-0.1933,0.9435,1.8408
2014-06-29 00:00:00,464600.0,2.0,2.25,840,3400.0,1.0,0,2,4,840,0.0,1924,0,2423 11th Ave W,Seattle,WA 98119,USA,90,0,-1.3923,-0.3159,-1.1644,-0.665,1.572
2014-06-30 00:00:00,132250.0,4.0,2.25,1830,8734.0,2.0,0,0,4,1830,0.0,1991,0,12116 SE 261st Ct,Kent,WA 98030,USA,23,0,-0.3126,-0.1672,0.0225,-0.665,-0.6794
2014-06-30 00:00:00,433111.111111,3.0,2.25,1370,1524.0,3.0,0,0,3,1370,0.0,2005,0,902 N 95th St,Seattle,WA 98103,USA,9,0,-0.8143,-0.3682,-0.529,-0.665,-1.1499
2014-06-30 00:00:00,542500.0,5.0,2.75,2520,16100.0,1.0,0,3,4,1570,950.0,1960,2001,8336 Avalon Dr,Mercer Island,WA 98040,USA,54,1,0.44,0.0382,-0.2892,1.4573,0.3623
2014-07-01 00:00:00,368112.5,4.0,2.5,2590,8483.0,2.0,0,0,3,2590,0.0,1991,0,8917 NE 151st Pl,Bothell,WA 98011,USA,23,0,0.5163,-0.1742,0.9336,-0.665,-0.6794
2014-07-01 00:00:00,673476.818182,4.0,2.5,1820,20011.0,2.0,0,0,3,1820,0.0,1987,2000,22101 SE 28th St,Sammamish,WA 98075,USA,27,1,-0.3235,0.1472,0.0105,-0.665,-0.545
2014-07-01 00:00:00,558653.846154,3.0,2.5,1530,3210.0,1.5,0,0,5,1010,520.0,1928,1970,8519 28th Ave NW,Seattle,WA 98117,USA,86,1,-0.6398,-0.3212,-0.9606,0.4967,1.4376
2014-07-02 00:00:00,168333.333333,2.0,1.0,1050,6600.0,1.5,0,0,3,1050,0.0,1964,2000,13407 8th Ave S,Burien,WA 98168,USA,50,1,-1.1633,-0.2267,-0.9126,-0.665,0.2279
2014-07-02 00:00:00,268971.875,4.0,2.5,1954,4805.0,2.0,0,0,3,1954,0.0,2005,0,19320 113th Ave SE,Kent,WA 98031,USA,9,0,-0.1773,-0.2768,0.1711,-0.665,-1.1499
2014-07-02 00:00:00,318000.0,2.0,1.75,1530,3503.0,1.0,0,1,4,830,700.0,1916,0,1922 11th Ave W,Seattle,WA 98119,USA,98,0,-0.6398,-0.3131,-1.1764,0.8988,1.8408
2014-07-02 00:00:00,550607.142857,4.0,2.0,1660,7663.0,1.5,0,0,3,1660,0.0,1922,2008,4007 Woodland Park Ave N,Seattle,WA 98103,USA,92,1,-0.498,-0.1971,-0.1813,-0.665,1.6392
2014-07-02 00:00:00,1288333.33333,6.0,4.5,3830,4800.0,3.0,0,0,3,3050,780.0,1919,2004,2425 3rd Ave W,Seattle,WA 98119,USA,95,1,1.8687,-0.2769,1.4851,1.0776,1.74
2014-07-02 00:00:00,584000.0,3.0,1.75,1490,1036.0,2.0,0,0,3,1090,400.0,2008,0,4304B 36th Ave W,Seattle,WA 98199,USA,6,0,-0.6834,-0.3818,-0.8647,0.2286,-1.2507
2014-07-02 00:00:00,245000.0,3.0,3.0,2470,7410.0,2.0,0,0,5,1860,610.0,1977,0,8833 Earl Ave NW,Seattle,WA 98117,USA,37,0,0.3854,-0.2041,0.0584,0.6978,-0.209
2014-07-03 00:00:00,287919.782609,2.0,1.0,870,4600.0,1.0,0,0,4,870,0.0,1942,1982,8506 37th Ave SW,Seattle,WA 98126,USA,72,1,-1.3596,-0.2825,-1.1284,-0.665,0.9672
2014-07-05 00:00:00,672500.0,4.0,2.25,2110,12653.0,2.0,0,0,4,2110,0.0,1972,0,7490 85th Ave SE,Mercer Island,WA 98040,USA,42,0,-0.0072,-0.0579,0.3582,-0.665,-0.0409
2014-07-06 00:00:00,454790.0,2.0,1.75,1990,7663.0,1.0,0,0,5,1090,900.0,1952,1998,8215 Stone Ave N,Seattle,WA 98103,USA,62,1,-0.1381,-0.1971,-0.8647,1.3456,0.6311
2014-07-07 00:00:00,282508.888889,3.0,1.0,1560,7552.0,1.0,0,0,4,910,650.0,1948,0,228 NE 174th St,Shoreline,WA 98155,USA,66,0,-0.6071,-0.2002,-1.0805,0.7871,0.7655
2014-07-07 00:00:00,473200.0,3.0,1.5,1740,4200.0,1.5,0,0,4,1640,100.0,1920,0,6714 4th Ave NW,Seattle,WA 98117,USA,94,0,-0.4107,-0.2936,-0.2053,-0.4416,1.7064
2014-07-07 00:00:00,406062.5,2.0,1.0,1290,4650.0,1.0,0,0,4,1290,0.0,1906,1990,312 NE 81st St,Seattle,WA 98115,USA,108,1,-0.9015,-0.2811,-0.6249,-0.665,2.1769
2014-07-07 00:00:00,282766.666667,4.0,2.0,1700,8640.0,1.0,0,0,3,850,850.0,1955,2010,3706 140th Ave SE,Bellevue,WA 98006,USA,59,1,-0.4544,-0.1698,-1.1524,1.2339,0.5303
2014-07-07 00:00:00,486445.833333,3.0,1.75,1880,10032.0,1.0,0,0,4,1880,0.0,1984,0,13345 SE 55th Pl,Bellevue,WA 98006,USA,30,0,-0.2581,-0.131,0.0824,-0.665,-0.4442
2014-07-07 00:00:00,486895.0,3.0,1.0,1890,3330.0,1.5,0,0,4,1390,500.0,1901,0,4324 Dayton Ave N,Seattle,WA 98103,USA,113,0,-0.2471,-0.3179,-0.505,0.452,2.3449
2014-07-07 00:00:00,430277.777778,3.0,2.25,1620,1075.0,3.0,0,0,3,1540,80.0,2009,0,972 4th Ave NE,Issaquah,WA 98029,USA,5,0,-0.5416,-0.3808,-0.3252,-0.4863,-1.2843
2014-07-08 00:00:00,229629.5,2.0,1.0,770,8149.0,1.0,0,0,3,770,0.0,1948,1994,16040 28th Ave NE,Shoreline,WA 98155,USA,66,1,-1.4687,-0.1835,-1.2483,-0.665,0.7655
2014-07-08 00:00:00,182805.0,3.0,1.0,1040,8892.0,1.0,0,0,4,800,240.0,1958,1972,1028 SW 307th St,Federal Way,WA 98023,USA,56,1,-1.1742,-0.1628,-1.2124,-0.1288,0.4295
2014-07-08 00:00:00,380680.555556,4.0,2.5,2620,7663.0,2.0,0,0,3,2620,0.0,1991,0,13602 SE 186th Pl,Renton,WA 98058,USA,23,0,0.549,-0.1971,0.9696,-0.665,-0.6794
2014-07-08 00:00:00,396166.666667,3.0,1.75,1880,5752.0,1.0,0,0,4,940,940.0,1945,0,3529 SW Webster St,Seattle,WA 98126,USA,69,0,-0.2581,-0.2504,-1.0445,1.435,0.8663
2014-07-08 00:00:00,252980.0,4.0,2.5,2530,8169.0,2.0,0,0,3,2530,0.0,1993,0,37654 18th Pl S,Federal Way,WA 98003,USA,21,0,0.4509,-0.183,0.8617,-0.665,-0.7466
2014-07-08 00:00:00,289373.307692,3.0,2.25,2538,4600.0,2.0,0,0,3,2538,0.0,2013,1923,5703 Charlotte Ave SE,Auburn,WA 98092,USA,1,1,0.4596,-0.2825,0.8713,-0.665,-1.4187
2014-07-09 00:00:00,210614.285714,3.0,2.5,1610,7223.0,2.0,0,0,3,1610,0.0,1994,0,26306 127th Ave SE,Kent,WA 98030,USA,20,0,-0.5525,-0.2093,-0.2413,-0.665,-0.7802
2014-07-09 00:00:00,308166.666667,3.0,2.25,1510,6360.0,1.0,0,0,4,1510,0.0,1954,1979,501 N 143rd St,Seattle,WA 98133,USA,60,1,-0.6616,-0.2334,-0.3612,-0.665,0.5639
2014-07-09 00:00:00,534333.333333,3.0,2.5,1460,7573.0,2.0,0,0,3,1460,0.0,1983,2009,14855 SE 10th Pl,Bellevue,WA 98007,USA,31,1,-0.7161,-0.1996,-0.4211,-0.665,-0.4106
2014-07-09 00:00:00,416904.166667,3.0,2.5,3010,7014.0,2.0,0,0,3,3010,0.0,2009,0,759 Ilwaco Pl NE,Renton,WA 98059,USA,5,0,0.9744,-0.2152,1.4371,-0.665,-1.2843
2014-07-10 00:00:00,203400.0,4.0,2.0,2090,6630.0,1.0,0,0,3,1070,1020.0,1974,0,5148 S Creston St,Seattle,WA 98178,USA,40,0,-0.029,-0.2259,-0.8887,1.6137,-0.1082
2014-07-10 00:00:00,220600.0,3.0,2.5,1490,8102.0,2.0,0,0,4,1490,0.0,1990,0,18717 SE 258th St,Covington,WA 98042,USA,24,0,-0.6834,-0.1848,-0.3851,-0.665,-0.6458
